from_txn,to_txn
3000008,3000016
3000016,3000020
3000020,3000041
3000041,3000057
3000057,3000078
3000078,3000079
3000079,3000093
3000093,3000113
3000113,3000114
3000114,3000123
3000123,3000127
3000127,3000164
3000164,3000172
3000172,3000190
3000190,3000197
3000197,3000204
3000204,3000217
3000217,3000232
3000232,3000242
3000242,3000274
3000274,3000280
3000280,3000305
3000305,3000314
3000314,3000321
3000321,3000322
3000322,3000381
3000381,3000519
3000519,3000736
3000736,3000805
3000805,3000815
3000815,3000932
3000932,3000945
3000945,3000960
3000960,3001027
3001027,3001102
3001102,3001283
3001283,3001307
3001307,3001386
3001386,3001433
3001433,3001502
3001502,3001522
3001522,3001528
3001528,3001546
3001546,3001651
3001651,3001667
3001667,3001672
3001672,3001689
3001689,3001712
3001712,3001738
3001738,3001820
3001820,3001823
3001823,3001879
3001879,3001973
3001973,3002087
3002087,3002120
3002120,3002140
3002140,3002149
3002149,3002162
3002162,3002167
3002167,3002179
3002179,3002188
3002188,3002197
3002197,3002225
3002225,3002228
3002228,3002234
3002234,3002290
3002290,3002295
3002295,3002393
3002393,3002451
3002451,3002461
3002461,3002493
3002493,3002503
3002503,3002532
3002532,3002541
3002541,3002562
3002562,3002634
3002634,3002661
3002661,3002694
3002694,3002696
3002696,3002697
3002697,3002704
3002704,3002732
3002732,3002775
3002775,3002808
3002808,3002819
3002819,3002825
3002825,3002829
3002829,3002831
3002831,3002874
3002874,3002875
3002875,3002876
3002876,3002885
3002885,3002887
3002887,3002890
3002890,3002898
3002898,3002901
3002901,3002916
3002916,3002922
3002922,3002925
3002925,3002928
3002928,3002932
3002932,3002948
3002948,3002949
3002949,3002957
3002957,3002965
3002965,3003026
3003026,3003073
3003073,3003287
3003287,3003348
3003348,3003358
3003358,3003437
3003437,3003439
3003439,3003483
3003483,3003485
3003485,3003509
3003509,3003513
3003513,3003535
3003535,3003570
3003570,3003623
3003623,3003771
3003771,3003779
3003779,3003805
3003805,3003820
3003820,3003839
3003839,3003932
3003932,3003968
3003968,3004017
3004017,3004040
3004040,3004047
3004047,3004050
3004050,3004229
3004229,3004284
3004284,3004294
3004294,3004458
3004458,3004524
3004524,3004588
3004588,3004683
3004683,3004842
3004842,3005017
3005017,3005035
3005035,3005052
3005052,3005111
3005111,3005147
3005147,3005174
3005174,3005194
3005194,3005222
3005222,3005291
3005291,3005312
3005312,3005363
3005363,3005450
3005450,3005483
3005483,3005506
3005506,3005514
3005514,3005516
3005516,3005518
3005518,3005520
3005520,3005530
3005530,3005533
3005533,3005562
3005562,3005565
3005565,3005598
3005598,3005612
3005612,3005614
3005614,3005909
3005909,3005971
3005971,3006033
3006033,3006080
3006080,3006256
3006256,3006290
3006290,3006316
3006316,3006418
3006418,3006552
3006552,3006597
3006597,3006617
3006617,3006630
3006630,3006647
3006647,3006650
3006650,3006667
3006667,3006694
3006694,3007137
3007137,3007322
3007322,3007561
3007561,3007766
3007766,3007777
3007777,3007836
3007836,3007882
3007882,3007926
3007926,3007928
3007928,3007934
3007934,3007949
3007949,3008005
3008005,3008021
3008021,3008060
3008060,3008115
3008115,3008215
3008215,3008585
3008585,3008594
3008594,3008596
3008596,3008662
3008662,3008715
3008715,3008815
3008815,3008911
3008911,3009055
3009055,3009117
3009117,3009312
3009312,3009374
3009374,3009396
3009396,3009505
3009505,3009590
3009590,3009631
3009631,3009644
3009644,3009652
3009652,3009705
3009705,3009714
3009714,3009728
3009728,3009755
3009755,3009764
3009764,3009787
3009787,3009803
3009803,3009810
3009810,3009828
3009828,3009847
3009847,3009868
3009868,3010026
3010026,3010052
3010052,3010072
3010072,3010107
3010107,3010585
3010585,3010598
3010598,3010620
3010620,3010646
3010646,3010666
3010666,3010733
3010733,3010767
3010767,3010786
3010786,3010918
3010918,3011042
3011042,3011212
3011212,3011289
3011289,3011408
3011408,3011731
3011731,3011786
3011786,3011795
3011795,3011881
3011881,3012114
3012114,3012249
3012249,3012379
3012379,3012459
3012459,3012518
3012518,3012591
3012591,3012761
3012761,3012788
3012788,3012792
3012792,3012840
3012840,3013206
3013206,3013246
3013246,3013324
3013324,3013337
3013337,3013500
3013500,3013543
3013543,3013672
3013672,3013944
3013944,3014112
3014112,3014213
3014213,3014236
3014236,3014260
3014260,3014269
3014269,3014607
3014607,3014631
3014631,3014903
3014903,3015247
3015247,3015310
3015310,3015373
3015373,3015408
3015408,3015420
3015420,3015422
3015422,3015456
3015456,3015505
3015505,3015519
3015519,3015589
3015589,3015644
3015644,3015721
3015721,3015764
3015764,3015995
3015995,3016018
3016018,3016097
3016097,3016152
3016152,3016259
3016259,3016578
3016578,3016606
3016606,3016630
3016630,3016654
3016654,3016738
3016738,3016795
3016795,3016798
3016798,3016813
3016813,3016818
3016818,3016829
3016829,3016937
3016937,3017169
3017169,3017194
3017194,3017252
3017252,3017254
3017254,3017329
3017329,3017870
3017870,3017904
3017904,3017907
3017907,3018245
3018245,3018260
3018260,3018271
3018271,3018319
3018319,3018456
3018456,3018504
3018504,3018572
3018572,3018594
3018594,3018657
3018657,3018665
3018665,3018765
3018765,3018790
3018790,3018985
3018985,3019161
3019161,3019260
3019260,3019462
3019462,3019720
3019720,3020058
3020058,3020158
3020158,3020286
3020286,3020394
3020394,3020446
3020446,3020468
3020468,3020594
3020594,3020620
3020620,3020642
3020642,3020671
3020671,3020699
3020699,3020820
3020820,3020864
3020864,3020878
3020878,3020888
3020888,3020898
3020898,3020991
3020991,3021041
3021041,3021075
3021075,3021090
3021090,3021109
3021109,3021127
3021127,3021190
3021190,3021507
3021507,3021591
3021591,3021621
3021621,3021737
3021737,3021821
3021821,3021855
3021855,3021953
3021953,3022041
3022041,3022043
3022043,3022106
3022106,3022259
3022259,3022271
3022271,3022313
3022313,3022324
3022324,3022349
3022349,3022375
3022375,3022402
3022402,3022445
3022445,3022456
3022456,3022545
3022545,3022623
3022623,3022731
3022731,3022953
3022953,3023206
3023206,3023270
3023270,3023323
3023323,3023384
3023384,3023401
3023401,3023469
3023469,3023492
3023492,3023536
3023536,3023593
3023593,3023611
3023611,3023622
3023622,3023668
3023668,3023687
3023687,3023706
3023706,3023734
3023734,3023763
3023763,3023767
3023767,3023780
3023780,3023787
3023787,3023794
3023794,3023804
3023804,3023826
3023826,3023836
3023836,3023845
3023845,3023872
3023872,3023880
3023880,3023891
3023891,3023960
3023960,3024018
3024018,3024049
3024049,3024069
3024069,3024136
3024136,3024142
3024142,3024219
3024219,3024234
3024234,3024252
3024252,3024270
3024270,3024272
3024272,3024391
3024391,3024405
3024405,3024444
3024444,3024530
3024530,3024575
3024575,3024579
3024579,3024653
3024653,3024666
3024666,3024694
3024694,3024732
3024732,3024743
3024743,3024915
3024915,3024996
3024996,3025057
3025057,3025105
3025105,3025756
3025756,3025762
3025762,3025799
3025799,3025804
3025804,3025829
3025829,3025832
3025832,3025834
3025834,3025863
3025863,3025937
3025937,3025945
3025945,3026037
3026037,3026091
3026091,3026123
3026123,3026164
3026164,3026203
3026203,3026464
3026464,3026489
3026489,3026511
3026511,3026673
3026673,3026745
3026745,3026779
3026779,3026782
3026782,3026800
3026800,3026837
3026837,3027078
3027078,3027088
3027088,3027275
3027275,3027383
3027383,3027386
3027386,3027500
3027500,3027516
3027516,3027533
3027533,3027562
3027562,3027575
3027575,3027609
3027609,3027612
3027612,3027658
3027658,3027663
3027663,3027720
3027720,3027727
3027727,3027794
3027794,3027804
3027804,3027846
3027846,3027887
3027887,3028025
3028025,3028104
3028104,3028121
3028121,3028152
3028152,3028168
3028168,3028197
3028197,3028213
3028213,3028302
3028302,3028361
3028361,3028507
3028507,3028613
3028613,3028617
3028617,3028665
3028665,3028757
3028757,3028759
3028759,3029119
3029119,3029288
3029288,3029503
3029503,3029593
3029593,3029622
3029622,3029686
3029686,3029689
3029689,3029724
3029724,3029792
3029792,3029815
3029815,3030035
3030035,3030040
3030040,3030125
3030125,3030322
3030322,3030430
3030430,3030515
3030515,3030529
3030529,3030567
3030567,3030671
3030671,3030803
3030803,3030848
3030848,3030852
3030852,3030959
3030959,3031067
3031067,3031363
3031363,3031383
3031383,3031394
3031394,3031564
3031564,3031644
3031644,3031676
3031676,3031677
3031677,3031684
3031684,3031722
3031722,3031748
3031748,3031764
3031764,3031770
3031770,3031806
3031806,3031812
3031812,3031870
3031870,3031912
3031912,3031985
3031985,3031988
3031988,3032204
3032204,3032257
3032257,3032262
3032262,3032264
3032264,3032274
3032274,3032294
3032294,3032297
3032297,3032304
3032304,3032324
3032324,3032328
3032328,3032371
3032371,3032410
3032410,3032452
3032452,3032458
3032458,3032479
3032479,3032549
3032549,3032573
3032573,3032587
3032587,3032588
3032588,3033202
3033202,3033444
3033444,3033471
3033471,3033750
3033750,3033767
3033767,3033776
3033776,3033791
3033791,3033880
3033880,3033892
3033892,3033929
3033929,3034037
3034037,3034147
3034147,3034160
3034160,3034202
3034202,3034252
3034252,3034518
3034518,3034537
3034537,3034593
3034593,3034653
3034653,3034679
3034679,3034791
3034791,3034824
3034824,3035104
3035104,3035373
3035373,3035450
3035450,3035501
3035501,3035536
3035536,3035708
3035708,3035738
3035738,3035786
3035786,3035818
3035818,3035965
3035965,3036078
3036078,3036118
3036118,3036130
3036130,3036134
3036134,3036153
3036153,3036188
3036188,3036190
3036190,3036206
3036206,3036230
3036230,3036248
3036248,3036268
3036268,3036346
3036346,3036467
3036467,3036598
3036598,3036611
3036611,3036855
3036855,3036952
3036952,3037007
3037007,3037225
3037225,3037401
3037401,3037430
3037430,3037435
3037435,3037484
3037484,3037550
3037550,3037749
3037749,3037770
3037770,3037922
3037922,3037975
3037975,3038159
3038159,3038169
3038169,3038191
3038191,3038207
3038207,3038212
3038212,3038298
3038298,3038346
3038346,3038366
3038366,3038456
3038456,3038526
3038526,3038545
3038545,3038583
3038583,3038655
3038655,3038767
3038767,3038926
3038926,3038939
3038939,3038949
3038949,3039024
3039024,3039031
3039031,3039068
3039068,3039106
3039106,3039147
3039147,3039190
3039190,3039507
3039507,3039573
3039573,3039613
3039613,3039715
3039715,3039772
3039772,3039808
3039808,3039915
3039915,3039920
3039920,3039932
3039932,3039937
3039937,3039954
3039954,3039999
3039999,3040044
3040044,3040051
3040051,3040058
3040058,3040063
3040063,3040089
3040089,3040090
3040090,3040094
3040094,3040134
3040134,3040190
3040190,3040233
3040233,3040240
3040240,3040284
3040284,3040310
3040310,3040341
3040341,3040440
3040440,3040446
3040446,3040452
3040452,3040456
3040456,3040469
3040469,3040475
3040475,3040476
3040476,3040494
3040494,3040548
3040548,3040550
3040550,3040551
3040551,3040837
3040837,3040846
3040846,3040884
3040884,3040952
3040952,3041038
3041038,3041085
3041085,3041140
3041140,3041173
3041173,3041174
3041174,3041187
3041187,3041196
3041196,3041204
3041204,3041217
3041217,3041255
3041255,3041275
3041275,3041308
3041308,3041664
3041664,3041700
3041700,3041752
3041752,3041760
3041760,3041800
3041800,3042239
3042239,3042293
3042293,3042313
3042313,3042444
3042444,3042525
3042525,3042624
3042624,3042627
3042627,3042697
3042697,3042754
3042754,3042920
3042920,3043040
3043040,3043232
3043232,3043299
3043299,3043321
3043321,3043560
3043560,3043601
3043601,3043673
3043673,3043703
3043703,3043758
3043758,3043889
3043889,3043950
3043950,3044044
3044044,3044127
3044127,3044150
3044150,3044177
3044177,3044186
3044186,3044241
3044241,3044246
3044246,3044254
3044254,3044262
3044262,3044266
3044266,3044267
3044267,3044274
3044274,3044297
3044297,3044299
3044299,3044325
3044325,3044391
3044391,3044394
3044394,3044472
3044472,3044484
3044484,3044493
3044493,3044495
3044495,3044508
3044508,3044585
3044585,3044586
3044586,3044616
3044616,3044709
3044709,3044717
3044717,3044718
3044718,3044785
3044785,3044807
3044807,3044958
3044958,3045065
3045065,3045210
3045210,3045227
3045227,3045278
3045278,3045285
3045285,3045298
3045298,3045335
3045335,3045404
3045404,3045458
3045458,3045478
3045478,3045620
3045620,3045623
3045623,3045756
3045756,3045881
3045881,3045894
3045894,3045951
3045951,3046015
3046015,3046072
3046072,3046217
3046217,3046423
3046423,3046483
3046483,3046705
3046705,3046722
3046722,3046726
3046726,3046778
3046778,3046792
3046792,3046916
3046916,3046938
3046938,3046955
3046955,3047005
3047005,3047011
3047011,3047134
3047134,3047206
3047206,3047279
3047279,3047482
3047482,3047540
3047540,3047544
3047544,3047597
3047597,3047601
3047601,3047602
3047602,3047605
3047605,3047606
3047606,3047655
3047655,3047676
3047676,3047692
3047692,3047700
3047700,3047709
3047709,3047720
3047720,3047724
3047724,3047734
3047734,3047793
3047793,3047807
3047807,3047812
3047812,3047833
3047833,3047835
3047835,3047873
3047873,3047882
3047882,3047933
3047933,3048131
3048131,3048161
3048161,3048165
3048165,3048171
3048171,3048172
3048172,3048176
3048176,3048186
3048186,3048200
3048200,3048223
3048223,3048257
3048257,3048264
3048264,3048272
3048272,3048290
3048290,3048310
3048310,3048419
3048419,3048436
3048436,3048440
3048440,3048491
3048491,3048515
3048515,3048524
3048524,3048538
3048538,3048543
3048543,3048576
3048576,3048651
3048651,3048654
3048654,3048701
3048701,3048718
3048718,3048763
3048763,3048778
3048778,3048783
3048783,3048792
3048792,3048832
3048832,3048834
3048834,3048885
3048885,3049059
3049059,3049530
3049530,3049644
3049644,3049835
3049835,3049905
3049905,3049932
3049932,3049959
3049959,3050024
3050024,3050065
3050065,3050096
3050096,3050132
3050132,3050147
3050147,3050162
3050162,3050181
3050181,3050274
3050274,3050291
3050291,3050436
3050436,3050446
3050446,3050469
3050469,3050478
3050478,3050638
3050638,3050656
3050656,3050704
3050704,3050706
3050706,3050752
3050752,3050755
3050755,3050787
3050787,3050864
3050864,3050914
3050914,3050946
3050946,3050977
3050977,3050985
3050985,3051031
3051031,3051044
3051044,3051129
3051129,3051421
3051421,3051473
3051473,3051498
3051498,3051540
3051540,3051549
3051549,3051568
3051568,3051617
3051617,3051632
3051632,3051653
3051653,3051684
3051684,3051718
3051718,3051742
3051742,3051780
3051780,3051796
3051796,3051797
3051797,3051805
3051805,3051807
3051807,3051830
3051830,3051846
3051846,3051907
3051907,3051957
3051957,3051991
3051991,3052051
3052051,3052093
3052093,3052136
3052136,3052212
3052212,3052258
3052258,3052310
3052310,3052349
3052349,3052351
3052351,3052359
3052359,3052447
3052447,3052654
3052654,3052746
3052746,3052774
3052774,3052803
3052803,3052843
3052843,3052851
3052851,3052853
3052853,3052855
3052855,3052878
3052878,3052927
3052927,3052928
3052928,3052929
3052929,3052938
3052938,3052968
3052968,3053011
3053011,3053021
3053021,3053040
3053040,3053049
3053049,3053082
3053082,3053102
3053102,3053104
3053104,3053226
3053226,3053323
3053323,3053454
3053454,3053510
3053510,3053586
3053586,3053733
3053733,3053867
3053867,3053949
3053949,3054051
3054051,3054338
3054338,3054393
3054393,3054598
3054598,3054739
3054739,3054772
3054772,3054831
3054831,3055153
3055153,3055283
3055283,3055343
3055343,3055362
3055362,3055399
3055399,3055411
3055411,3055575
3055575,3055632
3055632,3055746
3055746,3055798
3055798,3055881
3055881,3055883
3055883,3055905
3055905,3055920
3055920,3055940
3055940,3055958
3055958,3055999
3055999,3056056
3056056,3056070
3056070,3056172
3056172,3056175
3056175,3056288
3056288,3056406
3056406,3056464
3056464,3056500
3056500,3056526
3056526,3056559
3056559,3056562
3056562,3056581
3056581,3056583
3056583,3056600
3056600,3056621
3056621,3056794
3056794,3056803
3056803,3056834
3056834,3056861
3056861,3056906
3056906,3056925
3056925,3056957
3056957,3056996
3056996,3057031
3057031,3057099
3057099,3057123
3057123,3057139
3057139,3057234
3057234,3057256
3057256,3057262
3057262,3057359
3057359,3057370
3057370,3057387
3057387,3057452
3057452,3057469
3057469,3057662
3057662,3057769
3057769,3057775
3057775,3057845
3057845,3057886
3057886,3058030
3058030,3058143
3058143,3058264
3058264,3058315
3058315,3058325
3058325,3058340
3058340,3058582
3058582,3058653
3058653,3058724
3058724,3058779
3058779,3058786
3058786,3058844
3058844,3059029
3059029,3059166
3059166,3059207
3059207,3059322
3059322,3059515
3059515,3059560
3059560,3059743
3059743,3059751
3059751,3059800
3059800,3059868
3059868,3059955
3059955,3059961
3059961,3059987
3059987,3060071
3060071,3060074
3060074,3060075
3060075,3060089
3060089,3060108
3060108,3060123
3060123,3060130
3060130,3060177
3060177,3060244
3060244,3060353
3060353,3060475
3060475,3060561
3060561,3060623
3060623,3060643
3060643,3060772
3060772,3060790
3060790,3060800
3060800,3060807
3060807,3060836
3060836,3060910
3060910,3061060
3061060,3061181
3061181,3061210
3061210,3061232
3061232,3061333
3061333,3061335
3061335,3061346
3061346,3061454
3061454,3061461
3061461,3061474
3061474,3061508
3061508,3061515
3061515,3061517
3061517,3061556
3061556,3061565
3061565,3061601
3061601,3061607
3061607,3061660
3061660,3061685
3061685,3061690
3061690,3061695
3061695,3061710
3061710,3061712
3061712,3061765
3061765,3061894
3061894,3061983
3061983,3062008
3062008,3062014
3062014,3062017
3062017,3062044
3062044,3062068
3062068,3062115
3062115,3062402
3062402,3062410
3062410,3062424
3062424,3062488
3062488,3062573
3062573,3062580
3062580,3062655
3062655,3062683
3062683,3062749
3062749,3062754
3062754,3062808
3062808,3062840
3062840,3062869
3062869,3062897
3062897,3062912
3062912,3063061
3063061,3063063
3063063,3063071
3063071,3063130
3063130,3063138
3063138,3063173
3063173,3063202
3063202,3063284
3063284,3063292
3063292,3063321
3063321,3063439
3063439,3063492
3063492,3063514
3063514,3063568
3063568,3063653
3063653,3063676
3063676,3063684
3063684,3063757
3063757,3063770
3063770,3063835
3063835,3063863
3063863,3063876
3063876,3063880
3063880,3063917
3063917,3063951
3063951,3063971
3063971,3063979
3063979,3063981
3063981,3063987
3063987,3064060
3064060,3064084
3064084,3064147
3064147,3064152
3064152,3064160
3064160,3064164
3064164,3064240
3064240,3064266
3064266,3064282
3064282,3064302
3064302,3064347
3064347,3064365
3064365,3064560
3064560,3064585
3064585,3064615
3064615,3064629
3064629,3064655
3064655,3064683
3064683,3064772
3064772,3064881
3064881,3064958
3064958,3065010
3065010,3065167
3065167,3065174
3065174,3065188
3065188,3065234
3065234,3065237
3065237,3065286
3065286,3065287
3065287,3065290
3065290,3065312
3065312,3065337
3065337,3065397
3065397,3065566
3065566,3065595
3065595,3065602
3065602,3065670
3065670,3065672
3065672,3065674
3065674,3065683
3065683,3065699
3065699,3065736
3065736,3065784
3065784,3065809
3065809,3065839
3065839,3065840
3065840,3065851
3065851,3065980
3065980,3066111
3066111,3066120
3066120,3066152
3066152,3066165
3066165,3066167
3066167,3066182
3066182,3066237
3066237,3066239
3066239,3066265
3066265,3066266
3066266,3066400
3066400,3066440
3066440,3066447
3066447,3066474
3066474,3066570
3066570,3066575
3066575,3066587
3066587,3066591
3066591,3066626
3066626,3066627
3066627,3066628
3066628,3066660
3066660,3066673
3066673,3066686
3066686,3066703
3066703,3066762
3066762,3066780
3066780,3066784
3066784,3066797
3066797,3066807
3066807,3066809
3066809,3066835
3066835,3066839
3066839,3066840
3066840,3066849
3066849,3066887
3066887,3066917
3066917,3066927
3066927,3067052
3067052,3067178
3067178,3067379
3067379,3067460
3067460,3067887
3067887,3067964
3067964,3068033
3068033,3068241
3068241,3068288
3068288,3068370
3068370,3068582
3068582,3068837
3068837,3068839
3068839,3068859
3068859,3068861
3068861,3068935
3068935,3068947
3068947,3069197
3069197,3069218
3069218,3069231
3069231,3069302
3069302,3069390
3069390,3069485
3069485,3069839
3069839,3070022
3070022,3070093
3070093,3070212
3070212,3070240
3070240,3070248
3070248,3070253
3070253,3070256
3070256,3070263
3070263,3070295
3070295,3070349
3070349,3070354
3070354,3070371
3070371,3070514
3070514,3070520
3070520,3070521
3070521,3070547
3070547,3070619
3070619,3070634
3070634,3070668
3070668,3070710
3070710,3070944
3070944,3071029
3071029,3071061
3071061,3071085
3071085,3071089
3071089,3071091
3071091,3071116
3071116,3071122
3071122,3071140
3071140,3071143
3071143,3071197
3071197,3071201
3071201,3071257
3071257,3071280
3071280,3071297
3071297,3071304
3071304,3071310
3071310,3071333
3071333,3071370
3071370,3071400
3071400,3071401
3071401,3071435
3071435,3071443
3071443,3071445
3071445,3071449
3071449,3071468
3071468,3071471
3071471,3071478
3071478,3071501
3071501,3071517
3071517,3071520
3071520,3071525
3071525,3071533
3071533,3071544
3071544,3071546
3071546,3071551
3071551,3071567
3071567,3071569
3071569,3071580
3071580,3071598
3071598,3071654
3071654,3071683
3071683,3071838
3071838,3071875
3071875,3071896
3071896,3071897
3071897,3071904
3071904,3071923
3071923,3072029
3072029,3072045
3072045,3072055
3072055,3072079
3072079,3072089
3072089,3072092
3072092,3072584
3072584,3072637
3072637,3072687
3072687,3072694
3072694,3072698
3072698,3072821
3072821,3072833
3072833,3072836
3072836,3072894
3072894,3072949
3072949,3072954
3072954,3073090
3073090,3073100
3073100,3073152
3073152,3073184
3073184,3073201
3073201,3073212
3073212,3073221
3073221,3073285
3073285,3073315
3073315,3073318
3073318,3073389
3073389,3073425
3073425,3073452
3073452,3073471
3073471,3073516
3073516,3073541
3073541,3073548
3073548,3073602
3073602,3073621
3073621,3073724
3073724,3074058
3074058,3074080
3074080,3074169
3074169,3074187
3074187,3074193
3074193,3074202
3074202,3074219
3074219,3074287
3074287,3074381
3074381,3074444
3074444,3074459
3074459,3074483
3074483,3074495
3074495,3074504
3074504,3074593
3074593,3074690
3074690,3074761
3074761,3074848
3074848,3074953
3074953,3074984
3074984,3074997
3074997,3075101
3075101,3075139
3075139,3075172
3075172,3075180
3075180,3075184
3075184,3075194
3075194,3075210
3075210,3075211
3075211,3075221
3075221,3075242
3075242,3075257
3075257,3075261
3075261,3075266
3075266,3075272
3075272,3075284
3075284,3075285
3075285,3075299
3075299,3075329
3075329,3075339
3075339,3075349
3075349,3075404
3075404,3075414
3075414,3075566
3075566,3075590
3075590,3075622
3075622,3075650
3075650,3075815
3075815,3075835
3075835,3075841
3075841,3075888
3075888,3075946
3075946,3075963
3075963,3075965
3075965,3075974
3075974,3076080
3076080,3076082
3076082,3076086
3076086,3076099
3076099,3076158
3076158,3076159
3076159,3076203
3076203,3076209
3076209,3076238
3076238,3076248
3076248,3076283
3076283,3076328
3076328,3076349
3076349,3076372
3076372,3076437
3076437,3076487
3076487,3076537
3076537,3076550
3076550,3076554
3076554,3076564
3076564,3076567
3076567,3076581
3076581,3076597
3076597,3076608
3076608,3076611
3076611,3076619
3076619,3076624
3076624,3076633
3076633,3076634
3076634,3076639
3076639,3076640
3076640,3076656
3076656,3076728
3076728,3076738
3076738,3076749
3076749,3076751
3076751,3076768
3076768,3076830
3076830,3076857
3076857,3076889
3076889,3077116
3077116,3077171
3077171,3077189
3077189,3077219
3077219,3077255
3077255,3077296
3077296,3077410
3077410,3077521
3077521,3077540
3077540,3077563
3077563,3077576
3077576,3077654
3077654,3077673
3077673,3077674
3077674,3077677
3077677,3077834
3077834,3077912
3077912,3077933
3077933,3078158
3078158,3078167
3078167,3078245
3078245,3078259
3078259,3078396
3078396,3078427
3078427,3078455
3078455,3078484
3078484,3078536
3078536,3078550
3078550,3078563
3078563,3078581
3078581,3078738
3078738,3078761
3078761,3078811
3078811,3078822
3078822,3078841
3078841,3078916
3078916,3078995
3078995,3079062
3079062,3079133
3079133,3079146
3079146,3079170
3079170,3079172
3079172,3079184
3079184,3079305
3079305,3079319
3079319,3079361
3079361,3079415
3079415,3079455
3079455,3079484
3079484,3079525
3079525,3079747
3079747,3079761
3079761,3079795
3079795,3079800
3079800,3079825
3079825,3079844
3079844,3079953
3079953,3079983
3079983,3080112
3080112,3080159
3080159,3080176
3080176,3080180
3080180,3080181
3080181,3080244
3080244,3080300
3080300,3080350
3080350,3080385
3080385,3080415
3080415,3080484
3080484,3080518
3080518,3080557
3080557,3080613
3080613,3080619
3080619,3080805
3080805,3080886
3080886,3080911
3080911,3080912
3080912,3080915
3080915,3080990
3080990,3080994
3080994,3081010
3081010,3081028
3081028,3081070
3081070,3081097
3081097,3081122
3081122,3081162
3081162,3081207
3081207,3081240
3081240,3081279
3081279,3081311
3081311,3081349
3081349,3081398
3081398,3081399
3081399,3081458
3081458,3081514
3081514,3081518
3081518,3081578
3081578,3081582
3081582,3081607
3081607,3081617
3081617,3081651
3081651,3081703
3081703,3081706
3081706,3081724
3081724,3081726
3081726,3081748
3081748,3081768
3081768,3081774
3081774,3081797
3081797,3081801
3081801,3081814
3081814,3081817
3081817,3081872
3081872,3081883
3081883,3081898
3081898,3081902
3081902,3081916
3081916,3081919
3081919,3081933
3081933,3081951
3081951,3081956
3081956,3082030
3082030,3082052
3082052,3082059
3082059,3082073
3082073,3082110
3082110,3082135
3082135,3082149
3082149,3082161
3082161,3082168
3082168,3082172
3082172,3082186
3082186,3082198
3082198,3082209
3082209,3082219
3082219,3082232
3082232,3082235
3082235,3082242
3082242,3082260
3082260,3082274
3082274,3082304
3082304,3082305
3082305,3082306
3082306,3082341
3082341,3082346
3082346,3082369
3082369,3082376
3082376,3082542
3082542,3082680
3082680,3082758
3082758,3082967
3082967,3083036
3083036,3083090
3083090,3083142
3083142,3083157
3083157,3083325
3083325,3083364
3083364,3083402
3083402,3083515
3083515,3083585
3083585,3083619
3083619,3083631
3083631,3083640
3083640,3083665
3083665,3083679
3083679,3083695
3083695,3083726
3083726,3083759
3083759,3083805
3083805,3083880
3083880,3083933
3083933,3083954
3083954,3083967
3083967,3083994
3083994,3083998
3083998,3084064
3084064,3084094
3084094,3084112
3084112,3084149
3084149,3084167
3084167,3084209
3084209,3084229
3084229,3084237
3084237,3084252
3084252,3084329
3084329,3084483
3084483,3084550
3084550,3084561
3084561,3084606
3084606,3084617
3084617,3084630
3084630,3084709
3084709,3084776
3084776,3084779
3084779,3084805
3084805,3084828
3084828,3084862
3084862,3084863
3084863,3084876
3084876,3084991
3084991,3084992
3084992,3085010
3085010,3085041
3085041,3085088
3085088,3085127
3085127,3085196
3085196,3085224
3085224,3085236
3085236,3085285
3085285,3085319
3085319,3085338
3085338,3085405
3085405,3085478
3085478,3085554
3085554,3085563
3085563,3085610
3085610,3085652
3085652,3085753
3085753,3085819
3085819,3085870
3085870,3085912
3085912,3085923
3085923,3085931
3085931,3085943
3085943,3085968
3085968,3085992
3085992,3086004
3086004,3086037
3086037,3086047
3086047,3086058
3086058,3086086
3086086,3086106
3086106,3086123
3086123,3086191
3086191,3086239
3086239,3086297
3086297,3086298
3086298,3086321
3086321,3086433
3086433,3086482
3086482,3086492
3086492,3086652
3086652,3086887
3086887,3086899
3086899,3086964
3086964,3086976
3086976,3086993
3086993,3086994
3086994,3086995
3086995,3087002
3087002,3087032
3087032,3087033
3087033,3087043
3087043,3087049
3087049,3087063
3087063,3087114
3087114,3087163
3087163,3087170
3087170,3087210
3087210,3087233
3087233,3087276
3087276,3087309
3087309,3087351
3087351,3087386
3087386,3087440
3087440,3087450
3087450,3087535
3087535,3087555
3087555,3087571
3087571,3087616
3087616,3087653
3087653,3087654
3087654,3087662
3087662,3087684
3087684,3087690
3087690,3087696
3087696,3087707
3087707,3087709
3087709,3087716
3087716,3087718
3087718,3087722
3087722,3087755
3087755,3087757
3087757,3087762
3087762,3087763
3087763,3087803
3087803,3087821
3087821,3087830
3087830,3087842
3087842,3087859
3087859,3087863
3087863,3087867
3087867,3087880
3087880,3087896
3087896,3087899
3087899,3087901
3087901,3087903
3087903,3087924
3087924,3087965
3087965,3088149
3088149,3088175
3088175,3088212
3088212,3088250
3088250,3088280
3088280,3088335
3088335,3088344
3088344,3088384
3088384,3088388
3088388,3088449
3088449,3088497
3088497,3088585
3088585,3088601
3088601,3088624
3088624,3088629
3088629,3088692
3088692,3088715
3088715,3088726
3088726,3088779
3088779,3088837
3088837,3088907
3088907,3088979
3088979,3089196
3089196,3089356
3089356,3089387
3089387,3089402
3089402,3089461
3089461,3089538
3089538,3089559
3089559,3089571
3089571,3089585
3089585,3089605
3089605,3089636
3089636,3089705
3089705,3089737
3089737,3089773
3089773,3089831
3089831,3089901
3089901,3090221
3090221,3090237
3090237,3090287
3090287,3090334
3090334,3090366
3090366,3090426
3090426,3090567
3090567,3090941
3090941,3091231
3091231,3091243
3091243,3091245
3091245,3091267
3091267,3091272
3091272,3091295
3091295,3091327
3091327,3091420
3091420,3091495
3091495,3091502
3091502,3091529
3091529,3091676
3091676,3092021
3092021,3092049
3092049,3092057
3092057,3092062
3092062,3092095
3092095,3092104
3092104,3092109
3092109,3092171
3092171,3092179
3092179,3092200
3092200,3092203
3092203,3092204
3092204,3092205
3092205,3092211
3092211,3092214
3092214,3092244
3092244,3092251
3092251,3092253
3092253,3092267
3092267,3092268
3092268,3092274
3092274,3092277
3092277,3092289
3092289,3092342
3092342,3092347
3092347,3092348
3092348,3092352
3092352,3092355
3092355,3092389
3092389,3092505
3092505,3092547
3092547,3092597
3092597,3092612
3092612,3092699
3092699,3092860
3092860,3093002
3093002,3093037
3093037,3093456
3093456,3093472
3093472,3093477
3093477,3093488
3093488,3093668
3093668,3093686
3093686,3093704
3093704,3093720
3093720,3093732
3093732,3093734
3093734,3093780
3093780,3093821
3093821,3093880
3093880,3093887
3093887,3093891
3093891,3093900
3093900,3093967
3093967,3093971
3093971,3094059
3094059,3094276
3094276,3094302
3094302,3094313
3094313,3094400
3094400,3094487
3094487,3094515
3094515,3094623
3094623,3094772
3094772,3094792
3094792,3094847
3094847,3094971
3094971,3095035
3095035,3095062
3095062,3095072
3095072,3095094
3095094,3095124
3095124,3095151
3095151,3095160
3095160,3095166
3095166,3095240
3095240,3095252
3095252,3095300
3095300,3095337
3095337,3095471
3095471,3095496
3095496,3095651
3095651,3095716
3095716,3095754
3095754,3095769
3095769,3095953
3095953,3096120
3096120,3096205
3096205,3096279
3096279,3096493
3096493,3096500
3096500,3096583
3096583,3096597
3096597,3096649
3096649,3096727
3096727,3096786
3096786,3096812
3096812,3096814
3096814,3096860
3096860,3096910
3096910,3096974
3096974,3096994
3096994,3097066
3097066,3097092
3097092,3097112
3097112,3097117
3097117,3097196
3097196,3097219
3097219,3097311
3097311,3097318
3097318,3097321
3097321,3097353
3097353,3097376
3097376,3097451
3097451,3097470
3097470,3097484
3097484,3097490
3097490,3097508
3097508,3097594
3097594,3097754
3097754,3097882
3097882,3097892
3097892,3097936
3097936,3097985
3097985,3098009
3098009,3098034
3098034,3098040
3098040,3098078
3098078,3098094
3098094,3098118
3098118,3098125
3098125,3098127
3098127,3098137
3098137,3098142
3098142,3098185
3098185,3098255
3098255,3098290
3098290,3098326
3098326,3098370
3098370,3098451
3098451,3098559
3098559,3098589
3098589,3098657
3098657,3098678
3098678,3098754
3098754,3098923
3098923,3099029
3099029,3099031
3099031,3099170
3099170,3099189
3099189,3099205
3099205,3099222
3099222,3099452
3099452,3099479
3099479,3099490
3099490,3099629
3099629,3099794
3099794,3099857
3099857,3099858
3099858,3099868
3099868,3099886
3099886,3100006
3100006,3100025
3100025,3100035
3100035,3100406
3100406,3100434
3100434,3100475
3100475,3100651
3100651,3100659
3100659,3100963
3100963,3101088
3101088,3101151
3101151,3101160
3101160,3101304
3101304,3101329
3101329,3101410
3101410,3101518
3101518,3101699
3101699,3101765
3101765,3101914
3101914,3101940
3101940,3101967
3101967,3102069
3102069,3102091
3102091,3102095
3102095,3102103
3102103,3102121
3102121,3102127
3102127,3102152
3102152,3102190
3102190,3102235
3102235,3102241
3102241,3102257
3102257,3102266
3102266,3102309
3102309,3102340
3102340,3102447
3102447,3102622
3102622,3102650
3102650,3102656
3102656,3102692
3102692,3102758
3102758,3102821
3102821,3102916
3102916,3102922
3102922,3102926
3102926,3102931
3102931,3102949
3102949,3102954
3102954,3102964
3102964,3102965
3102965,3103002
3103002,3103023
3103023,3103074
3103074,3103102
3103102,3103128
3103128,3103219
3103219,3103224
3103224,3103251
3103251,3103273
3103273,3103295
3103295,3103319
3103319,3103344
3103344,3103388
3103388,3103402
3103402,3103428
3103428,3103450
3103450,3103454
3103454,3103462
3103462,3103478
3103478,3103483
3103483,3103582
3103582,3103632
3103632,3103644
3103644,3103659
3103659,3103737
3103737,3103741
3103741,3103750
3103750,3103767
3103767,3103792
3103792,3103802
3103802,3103823
3103823,3103840
3103840,3103854
3103854,3103883
3103883,3103946
3103946,3104253
3104253,3104254
3104254,3104300
3104300,3104302
3104302,3104316
3104316,3104458
3104458,3104490
3104490,3104541
3104541,3104543
3104543,3104568
3104568,3104582
3104582,3104605
3104605,3104618
3104618,3104626
3104626,3104634
3104634,3104667
3104667,3104713
3104713,3104805
3104805,3104848
3104848,3104907
3104907,3104925
3104925,3104955
3104955,3104957
3104957,3104985
3104985,3105001
3105001,3105015
3105015,3105042
3105042,3105052
3105052,3105061
3105061,3105153
3105153,3105207
3105207,3105229
3105229,3105307
3105307,3105538
3105538,3105578
3105578,3105592
3105592,3105658
3105658,3105687
3105687,3105821
3105821,3105876
3105876,3106037
3106037,3106042
3106042,3106057
3106057,3106322
3106322,3106486
3106486,3106489
3106489,3106575
3106575,3106608
3106608,3106633
3106633,3106646
3106646,3106733
3106733,3106796
3106796,3106838
3106838,3106888
3106888,3106925
3106925,3106999
3106999,3107021
3107021,3107103
3107103,3107119
3107119,3107164
3107164,3107169
3107169,3107170
3107170,3107190
3107190,3107197
3107197,3107222
3107222,3107272
3107272,3107291
3107291,3107312
3107312,3107340
3107340,3107371
3107371,3107410
3107410,3107494
3107494,3107571
3107571,3107573
3107573,3107587
3107587,3107676
3107676,3107836
3107836,3107913
3107913,3107994
3107994,3108020
3108020,3108109
3108109,3108110
3108110,3108201
3108201,3108287
3108287,3108327
3108327,3108347
3108347,3108386
3108386,3108407
3108407,3108414
3108414,3108426
3108426,3108469
3108469,3108473
3108473,3108478
3108478,3108481
3108481,3108485
3108485,3108502
3108502,3108504
3108504,3108559
3108559,3108633
3108633,3108659
3108659,3108660
3108660,3108704
3108704,3108725
3108725,3108750
3108750,3108807
3108807,3108850
3108850,3108889
3108889,3108919
3108919,3108926
3108926,3108930
3108930,3108943
3108943,3108955
3108955,3108969
3108969,3108970
3108970,3108981
3108981,3109000
3109000,3109002
3109002,3109028
3109028,3109049
3109049,3109089
3109089,3109096
3109096,3109143
3109143,3109240
3109240,3109252
3109252,3109495
3109495,3109580
3109580,3109589
3109589,3109594
3109594,3109652
3109652,3109720
3109720,3109721
3109721,3109735
3109735,3109758
3109758,3109775
3109775,3109841
3109841,3109890
3109890,3109921
3109921,3109949
3109949,3109990
3109990,3109994
3109994,3110002
3110002,3110009
3110009,3110055
3110055,3110093
3110093,3110102
3110102,3110139
3110139,3110154
3110154,3110175
3110175,3110200
3110200,3110237
3110237,3110238
3110238,3110242
3110242,3110254
3110254,3110267
3110267,3110285
3110285,3110300
3110300,3110301
3110301,3110318
3110318,3110363
3110363,3110382
3110382,3110399
3110399,3110423
3110423,3110503
3110503,3110512
3110512,3110513
3110513,3110516
3110516,3110518
3110518,3110524
3110524,3110534
3110534,3110550
3110550,3110553
3110553,3110559
3110559,3110562
3110562,3110565
3110565,3110572
3110572,3110576
3110576,3110577
3110577,3110578
3110578,3110591
3110591,3110592
3110592,3110629
3110629,3110630
3110630,3110674
3110674,3110688
3110688,3110695
3110695,3110705
3110705,3110707
3110707,3110708
3110708,3110718
3110718,3110740
3110740,3110820
3110820,3110891
3110891,3111345
3111345,3111399
3111399,3111441
3111441,3111618
3111618,3111691
3111691,3111705
3111705,3111741
3111741,3111751
3111751,3111843
3111843,3112024
3112024,3112114
3112114,3112149
3112149,3112154
3112154,3112155
3112155,3112167
3112167,3112202
3112202,3112222
3112222,3112247
3112247,3112258
3112258,3112266
3112266,3112358
3112358,3112410
3112410,3112433
3112433,3112443
3112443,3112454
3112454,3112469
3112469,3112492
3112492,3112505
3112505,3112527
3112527,3112541
3112541,3112568
3112568,3112608
3112608,3112618
3112618,3112619
3112619,3112620
3112620,3112633
3112633,3112634
3112634,3112675
3112675,3112686
3112686,3112689
3112689,3112715
3112715,3112722
3112722,3112745
3112745,3112814
3112814,3112819
3112819,3112821
3112821,3112870
3112870,3112944
3112944,3112947
3112947,3113011
3113011,3113028
3113028,3113037
3113037,3113064
3113064,3113129
3113129,3113199
3113199,3113207
3113207,3113211
3113211,3113288
3113288,3113289
3113289,3113304
3113304,3113319
3113319,3113324
3113324,3113375
3113375,3113384
3113384,3113406
3113406,3113415
3113415,3113530
3113530,3113532
3113532,3113538
3113538,3113567
3113567,3113585
3113585,3113602
3113602,3113678
3113678,3113701
3113701,3113763
3113763,3113853
3113853,3113862
3113862,3113882
3113882,3113939
3113939,3113940
3113940,3114035
3114035,3114044
3114044,3114056
3114056,3114218
3114218,3114223
3114223,3114226
3114226,3114297
3114297,3114318
3114318,3114396
3114396,3114414
3114414,3114477
3114477,3114484
3114484,3114500
3114500,3114536
3114536,3114554
3114554,3114642
3114642,3114677
3114677,3114744
3114744,3114822
3114822,3114840
3114840,3114858
3114858,3114875
3114875,3114906
3114906,3114998
3114998,3115000
3115000,3115057
3115057,3115079
3115079,3115185
3115185,3115270
3115270,3115283
3115283,3115326
3115326,3115330
3115330,3115345
3115345,3115350
3115350,3115368
3115368,3115477
3115477,3115512
3115512,3115533
3115533,3115540
3115540,3115541
3115541,3115556
3115556,3115790
3115790,3115910
3115910,3115917
3115917,3115948
3115948,3116006
3116006,3116008
3116008,3116023
3116023,3116074
3116074,3116078
3116078,3116160
3116160,3116276
3116276,3116371
3116371,3116413
3116413,3116469
3116469,3116598
3116598,3116633
3116633,3116728
3116728,3116741
3116741,3116752
3116752,3116846
3116846,3116871
3116871,3116904
3116904,3116918
3116918,3116960
3116960,3117013
3117013,3117036
3117036,3117061
3117061,3117184
3117184,3117203
3117203,3117311
3117311,3117333
3117333,3117429
3117429,3117585
3117585,3117799
3117799,3117807
3117807,3117972
3117972,3117978
3117978,3118070
3118070,3118130
3118130,3118144
3118144,3118149
3118149,3118165
3118165,3118198
3118198,3118218
3118218,3118261
3118261,3118298
3118298,3118302
3118302,3118328
3118328,3118342
3118342,3118348
3118348,3118363
3118363,3118383
3118383,3118399
3118399,3118400
3118400,3118409
3118409,3118423
3118423,3118428
3118428,3118456
3118456,3118458
3118458,3118460
3118460,3118468
3118468,3118489
3118489,3118522
3118522,3118553
3118553,3118711
3118711,3118721
3118721,3118757
3118757,3118837
3118837,3118844
3118844,3118868
3118868,3118958
3118958,3119058
3119058,3119069
3119069,3119075
3119075,3119108
3119108,3119135
3119135,3119142
3119142,3119153
3119153,3119164
3119164,3119173
3119173,3119182
3119182,3119224
3119224,3119274
3119274,3119289
3119289,3119340
3119340,3119369
3119369,3119438
3119438,3119548
3119548,3119563
3119563,3119578
3119578,3119593
3119593,3119611
3119611,3119621
3119621,3119624
3119624,3119638
3119638,3119639
3119639,3119650
3119650,3119652
3119652,3119668
3119668,3119679
3119679,3119688
3119688,3119702
3119702,3119705
3119705,3119707
3119707,3119724
3119724,3119739
3119739,3119747
3119747,3119777
3119777,3119783
3119783,3119850
3119850,3119866
3119866,3119867
3119867,3119892
3119892,3119896
3119896,3119923
3119923,3119962
3119962,3119972
3119972,3120009
3120009,3120012
3120012,3120017
3120017,3120039
3120039,3120046
3120046,3120048
3120048,3120050
3120050,3120054
3120054,3120105
3120105,3120107
3120107,3120108
3120108,3120113
3120113,3120120
3120120,3120121
3120121,3120276
3120276,3120359
3120359,3120578
3120578,3120711
3120711,3120715
3120715,3120734
3120734,3120848
3120848,3120868
3120868,3120873
3120873,3120909
3120909,3120948
3120948,3120961
3120961,3121054
3121054,3121067
3121067,3121072
3121072,3121085
3121085,3121095
3121095,3121098
3121098,3121106
3121106,3121117
3121117,3121167
3121167,3121199
3121199,3121260
3121260,3121302
3121302,3121314
3121314,3121323
3121323,3121335
3121335,3121353
3121353,3121371
3121371,3121408
3121408,3121422
3121422,3121448
3121448,3121580
3121580,3121671
3121671,3121749
3121749,3121800
3121800,3121803
3121803,3121827
3121827,3121836
3121836,3121870
3121870,3121880
3121880,3121888
3121888,3121936
3121936,3122002
3122002,3122013
3122013,3122014
3122014,3122020
3122020,3122035
3122035,3122098
3122098,3122103
3122103,3122131
3122131,3122163
3122163,3122169
3122169,3122175
3122175,3122179
3122179,3122201
3122201,3122222
3122222,3122230
3122230,3122268
3122268,3122270
3122270,3122289
3122289,3122440
3122440,3122469
3122469,3122480
3122480,3122484
3122484,3122492
3122492,3122505
3122505,3122519
3122519,3122525
3122525,3122583
3122583,3122596
3122596,3122603
3122603,3122617
3122617,3122627
3122627,3122699
3122699,3122711
3122711,3122730
3122730,3122782
3122782,3122789
3122789,3122804
3122804,3122814
3122814,3122835
3122835,3122858
3122858,3122863
3122863,3122880
3122880,3122881
3122881,3122897
3122897,3122913
3122913,3122940
3122940,3122954
3122954,3123060
3123060,3123149
3123149,3123154
3123154,3123257
3123257,3123320
3123320,3123321
3123321,3123331
3123331,3123380
3123380,3123447
3123447,3123499
3123499,3123503
3123503,3123506
3123506,3123598
3123598,3123646
3123646,3123651
3123651,3123662
3123662,3123680
3123680,3123713
3123713,3123733
3123733,3123767
3123767,3123793
3123793,3123799
3123799,3123836
3123836,3123837
3123837,3123855
3123855,3123863
3123863,3123898
3123898,3123910
3123910,3123933
3123933,3123995
3123995,3124057
3124057,3124062
3124062,3124103
3124103,3124401
3124401,3124468
3124468,3124502
3124502,3124517
3124517,3124520
3124520,3124553
3124553,3124639
3124639,3124704
3124704,3124738
3124738,3124791
3124791,3124815
3124815,3124971
3124971,3125013
3125013,3125081
3125081,3125415
3125415,3125460
3125460,3125683
3125683,3125789
3125789,3125791
3125791,3125864
3125864,3125889
3125889,3125923
3125923,3125939
3125939,3125944
3125944,3126037
3126037,3126124
3126124,3126134
3126134,3126209
3126209,3126216
3126216,3126275
3126275,3126395
3126395,3126430
3126430,3126443
3126443,3126444
3126444,3126462
3126462,3126531
3126531,3126570
3126570,3126630
3126630,3126749
3126749,3126750
3126750,3126772
3126772,3126778
3126778,3126902
3126902,3126947
3126947,3126978
3126978,3127011
3127011,3127044
3127044,3127193
3127193,3127204
3127204,3127277
3127277,3127309
3127309,3127310
3127310,3127347
3127347,3127349
3127349,3127385
3127385,3127432
3127432,3127498
3127498,3127546
3127546,3127567
3127567,3127593
3127593,3127595
3127595,3127616
3127616,3127649
3127649,3127746
3127746,3127748
3127748,3127761
3127761,3127810
3127810,3127840
3127840,3127879
3127879,3127936
3127936,3127959
3127959,3127994
3127994,3128123
3128123,3128179
3128179,3128356
3128356,3128527
3128527,3128575
3128575,3128610
3128610,3128682
3128682,3128731
3128731,3128742
3128742,3128744
3128744,3128775
3128775,3128797
3128797,3128814
3128814,3128824
3128824,3128919
3128919,3128923
3128923,3128935
3128935,3128958
3128958,3129107
3129107,3129110
3129110,3129168
3129168,3129180
3129180,3129237
3129237,3129263
3129263,3129291
3129291,3129319
3129319,3129589
3129589,3129608
3129608,3129853
3129853,3129862
3129862,3129905
3129905,3129921
3129921,3129969
3129969,3129972
3129972,3129985
3129985,3130055
3130055,3130121
3130121,3130138
3130138,3130167
3130167,3130200
3130200,3130217
3130217,3130253
3130253,3130434
3130434,3130457
3130457,3130497
3130497,3130784
3130784,3130918
3130918,3130925
3130925,3131001
3131001,3131006
3131006,3131009
3131009,3131142
3131142,3131170
3131170,3131173
3131173,3131175
3131175,3131495
3131495,3131503
3131503,3131556
3131556,3131591
3131591,3131752
3131752,3131779
3131779,3131816
3131816,3131839
3131839,3132196
3132196,3132198
3132198,3132233
3132233,3132255
3132255,3132273
3132273,3132381
3132381,3132397
3132397,3132413
3132413,3132465
3132465,3132497
3132497,3132566
3132566,3132610
3132610,3132664
3132664,3132695
3132695,3132703
3132703,3132736
3132736,3132765
3132765,3132774
3132774,3132973
3132973,3133012
3133012,3133076
3133076,3133139
3133139,3133295
3133295,3133363
3133363,3133483
3133483,3133494
3133494,3133496
3133496,3133515
3133515,3133618
3133618,3133808
3133808,3133831
3133831,3133947
3133947,3134020
3134020,3134083
3134083,3134141
3134141,3134169
3134169,3134212
3134212,3134233
3134233,3134240
3134240,3134308
3134308,3134312
3134312,3134313
3134313,3134408
3134408,3134451
3134451,3134507
3134507,3134807
3134807,3134823
3134823,3135024
3135024,3135197
3135197,3135222
3135222,3135572
3135572,3135580
3135580,3135651
3135651,3135698
3135698,3135715
3135715,3135736
3135736,3135773
3135773,3135780
3135780,3135790
3135790,3135899
3135899,3135972
3135972,3135973
3135973,3136032
3136032,3136043
3136043,3136172
3136172,3136225
3136225,3136288
3136288,3136299
3136299,3136316
3136316,3136317
3136317,3136342
3136342,3136351
3136351,3136386
3136386,3136391
3136391,3136393
3136393,3136410
3136410,3136423
3136423,3136426
3136426,3136443
3136443,3136451
3136451,3136588
3136588,3136623
3136623,3136669
3136669,3136723
3136723,3136728
3136728,3136769
3136769,3136777
3136777,3136789
3136789,3136790
3136790,3136823
3136823,3136909
3136909,3136917
3136917,3136962
3136962,3136967
3136967,3136983
3136983,3137009
3137009,3137027
3137027,3137056
3137056,3137065
3137065,3137129
3137129,3137137
3137137,3137199
3137199,3137214
3137214,3137285
3137285,3137394
3137394,3137423
3137423,3137444
3137444,3137518
3137518,3137532
3137532,3137566
3137566,3137619
3137619,3137657
3137657,3137706
3137706,3137707
3137707,3137720
3137720,3137735
3137735,3137736
3137736,3137753
3137753,3137775
3137775,3137805
3137805,3137841
3137841,3137850
3137850,3137916
3137916,3137919
3137919,3137934
3137934,3138064
3138064,3138169
3138169,3138342
3138342,3138422
3138422,3138666
3138666,3138731
3138731,3138758
3138758,3138779
3138779,3138799
3138799,3138840
3138840,3138879
3138879,3138980
3138980,3139052
3139052,3139102
3139102,3139121
3139121,3139169
3139169,3139358
3139358,3139464
3139464,3139510
3139510,3139556
3139556,3139561
3139561,3139665
3139665,3139688
3139688,3139722
3139722,3139851
3139851,3139904
3139904,3139971
3139971,3140113
3140113,3140258
3140258,3140262
3140262,3140269
3140269,3140296
3140296,3140343
3140343,3140382
3140382,3140383
3140383,3140387
3140387,3140398
3140398,3140402
3140402,3140403
3140403,3140419
3140419,3140423
3140423,3140445
3140445,3140449
3140449,3140464
3140464,3140486
3140486,3140513
3140513,3140546
3140546,3140548
3140548,3140549
3140549,3140553
3140553,3140589
3140589,3140636
3140636,3140648
3140648,3140696
3140696,3140701
3140701,3140759
3140759,3140877
3140877,3140898
3140898,3141072
3141072,3141100
3141100,3141105
3141105,3141112
3141112,3141166
3141166,3141193
3141193,3141201
3141201,3141317
3141317,3141499
3141499,3141560
3141560,3141605
3141605,3141648
3141648,3141664
3141664,3141689
3141689,3141713
3141713,3141723
3141723,3141734
3141734,3141777
3141777,3141814
3141814,3141850
3141850,3141961
3141961,3141964
3141964,3142007
3142007,3142098
3142098,3142158
3142158,3142481
3142481,3142585
3142585,3142625
3142625,3142649
3142649,3142674
3142674,3142714
3142714,3142735
3142735,3142778
3142778,3142786
3142786,3142874
3142874,3142913
3142913,3142959
3142959,3142999
3142999,3143040
3143040,3143116
3143116,3143184
3143184,3143186
3143186,3143237
3143237,3143270
3143270,3143377
3143377,3143499
3143499,3143506
3143506,3143545
3143545,3143598
3143598,3143653
3143653,3143672
3143672,3143688
3143688,3143754
3143754,3143791
3143791,3143860
3143860,3143965
3143965,3143972
3143972,3144044
3144044,3144099
3144099,3144278
3144278,3144324
3144324,3144404
3144404,3144444
3144444,3144469
3144469,3144508
3144508,3144521
3144521,3144575
3144575,3144580
3144580,3144584
3144584,3144610
3144610,3144611
3144611,3144614
3144614,3144617
3144617,3144622
3144622,3144637
3144637,3144688
3144688,3144724
3144724,3144764
3144764,3144815
3144815,3144822
3144822,3144859
3144859,3144904
3144904,3144910
3144910,3144949
3144949,3145036
3145036,3145166
3145166,3145228
3145228,3145244
3145244,3145314
3145314,3145376
3145376,3145379
3145379,3145398
3145398,3145401
3145401,3145506
3145506,3145576
3145576,3145657
3145657,3145746
3145746,3145757
3145757,3145771
3145771,3145773
3145773,3145790
3145790,3145800
3145800,3145805
3145805,3145822
3145822,3145824
3145824,3145832
3145832,3145845
3145845,3145854
3145854,3145855
3145855,3145904
3145904,3145919
3145919,3145968
3145968,3146159
3146159,3146292
3146292,3146328
3146328,3146337
3146337,3146364
3146364,3146426
3146426,3146438
3146438,3146499
3146499,3146538
3146538,3146566
3146566,3146662
3146662,3146709
3146709,3146768
3146768,3146790
3146790,3146821
3146821,3146823
3146823,3146943
3146943,3146991
3146991,3147094
3147094,3147103
3147103,3147110
3147110,3147112
3147112,3147121
3147121,3147154
3147154,3147164
3147164,3147260
3147260,3147366
3147366,3147375
3147375,3147402
3147402,3147405
3147405,3147462
3147462,3147485
3147485,3147546
3147546,3147580
3147580,3147626
3147626,3147791
3147791,3147804
3147804,3147860
3147860,3147900
3147900,3147966
3147966,3147991
3147991,3148107
3148107,3148115
3148115,3148117
3148117,3148124
3148124,3148138
3148138,3148202
3148202,3148233
3148233,3148235
3148235,3148289
3148289,3148300
3148300,3148313
3148313,3148487
3148487,3148646
3148646,3148893
3148893,3148947
3148947,3149065
3149065,3149370
3149370,3149383
3149383,3149559
3149559,3149624
3149624,3149626
3149626,3149704
3149704,3149721
3149721,3149838
3149838,3149985
3149985,3150083
3150083,3150348
3150348,3150453
3150453,3150537
3150537,3150589
3150589,3150729
3150729,3150768
3150768,3150809
3150809,3150814
3150814,3150827
3150827,3150828
3150828,3150832
3150832,3150869
3150869,3150991
3150991,3151131
3151131,3151177
3151177,3151416
3151416,3151417
3151417,3151454
3151454,3151584
3151584,3151652
3151652,3152136
3152136,3152137
3152137,3152170
3152170,3152171
3152171,3152184
3152184,3152187
3152187,3152198
3152198,3152231
3152231,3152296
3152296,3152397
3152397,3152607
3152607,3152862
3152862,3152918
3152918,3153053
3153053,3153201
3153201,3153233
3153233,3153293
3153293,3153331
3153331,3153432
3153432,3153510
3153510,3153567
3153567,3153577
3153577,3153655
3153655,3153663
3153663,3153723
3153723,3153876
3153876,3153879
3153879,3153885
3153885,3153966
3153966,3154013
3154013,3154182
3154182,3154200
3154200,3154217
3154217,3154240
3154240,3154280
3154280,3154306
3154306,3154323
3154323,3154449
3154449,3154530
3154530,3154547
3154547,3154589
3154589,3154607
3154607,3154618
3154618,3154621
3154621,3154637
3154637,3154683
3154683,3154702
3154702,3154718
3154718,3154719
3154719,3154728
3154728,3154750
3154750,3154778
3154778,3154821
3154821,3154826
3154826,3154852
3154852,3154869
3154869,3155060
3155060,3155100
3155100,3155331
3155331,3155528
3155528,3155657
3155657,3155790
3155790,3155921
3155921,3155999
3155999,3156116
3156116,3156137
3156137,3156171
3156171,3156347
3156347,3156619
3156619,3156716
3156716,3156729
3156729,3157085
3157085,3157179
3157179,3157239
3157239,3157247
3157247,3157273
3157273,3157326
3157326,3157328
3157328,3157341
3157341,3157474
3157474,3157493
3157493,3157541
3157541,3157602
3157602,3157648
3157648,3157830
3157830,3157843
3157843,3157918
3157918,3157976
3157976,3157994
3157994,3158012
3158012,3158056
3158056,3158066
3158066,3158070
3158070,3158550
3158550,3158890
3158890,3158958
3158958,3159063
3159063,3159166
3159166,3159270
3159270,3159312
3159312,3159398
3159398,3159462
3159462,3159522
3159522,3159536
3159536,3159592
3159592,3159726
3159726,3159822
3159822,3159847
3159847,3159916
3159916,3159975
3159975,3160065
3160065,3160079
3160079,3160191
3160191,3160467
3160467,3160486
3160486,3160549
3160549,3160587
3160587,3160707
3160707,3160711
3160711,3160771
3160771,3160792
3160792,3160794
3160794,3160822
3160822,3160846
3160846,3160914
3160914,3160994
3160994,3161088
3161088,3161107
3161107,3161126
3161126,3161168
3161168,3161218
3161218,3161232
3161232,3161257
3161257,3161471
3161471,3161746
3161746,3161828
3161828,3161831
3161831,3161844
3161844,3161893
3161893,3162521
3162521,3162661
3162661,3162666
3162666,3162708
3162708,3162729
3162729,3162810
3162810,3162850
3162850,3162856
3162856,3162902
3162902,3163015
3163015,3163151
3163151,3163296
3163296,3163301
3163301,3163321
3163321,3163368
3163368,3163380
3163380,3163483
3163483,3163490
3163490,3163517
3163517,3164659
3164659,3164780
3164780,3164850
3164850,3165212
3165212,3165331
3165331,3165431
3165431,3165597
3165597,3165729
3165729,3165737
3165737,3165768
3165768,3165801
3165801,3165808
3165808,3165810
3165810,3165917
3165917,3165934
3165934,3165969
3165969,3165977
3165977,3166069
3166069,3166095
3166095,3166183
3166183,3166341
3166341,3166344
3166344,3166345
3166345,3166371
3166371,3166430
3166430,3166490
3166490,3166495
3166495,3166602
3166602,3166626
3166626,3166627
3166627,3166631
3166631,3166673
3166673,3166795
3166795,3166833
3166833,3166840
3166840,3166849
3166849,3166859
3166859,3166940
3166940,3166985
3166985,3166997
3166997,3167018
3167018,3167028
3167028,3167074
3167074,3167097
3167097,3167103
3167103,3167104
3167104,3167140
3167140,3167153
3167153,3167162
3167162,3167166
3167166,3167168
3167168,3167174
3167174,3167180
3167180,3167608
3167608,3167624
3167624,3167716
3167716,3167829
3167829,3167892
3167892,3168019
3168019,3168130
3168130,3168374
3168374,3168510
3168510,3168529
3168529,3168728
3168728,3168931
3168931,3168973
3168973,3169033
3169033,3169089
3169089,3169102
3169102,3169155
3169155,3169159
3169159,3169182
3169182,3169330
3169330,3169359
3169359,3169389
3169389,3169391
3169391,3169434
3169434,3169495
3169495,3169591
3169591,3169664
3169664,3169801
3169801,3169829
3169829,3169835
3169835,3169902
3169902,3169945
3169945,3169971
3169971,3169988
3169988,3170016
3170016,3170018
3170018,3170020
3170020,3170129
3170129,3170150
3170150,3170171
3170171,3170189
3170189,3170318
3170318,3170999
3170999,3171101
3171101,3171127
3171127,3171134
3171134,3171239
3171239,3171281
3171281,3171538
3171538,3171575
3171575,3171636
3171636,3171662
3171662,3171696
3171696,3171701
3171701,3171839
3171839,3171990
3171990,3172186
3172186,3172533
3172533,3172707
3172707,3172710
3172710,3172756
3172756,3172830
3172830,3172852
3172852,3172895
3172895,3173123
3173123,3173238
3173238,3173546
3173546,3173627
3173627,3173713
3173713,3173771
3173771,3173775
3173775,3173846
3173846,3173863
3173863,3174017
3174017,3174045
3174045,3174203
3174203,3174214
3174214,3174243
3174243,3174596
3174596,3174687
3174687,3174729
3174729,3174840
3174840,3174984
3174984,3175013
3175013,3175193
3175193,3175262
3175262,3175353
3175353,3175442
3175442,3175444
3175444,3175624
3175624,3175647
3175647,3175675
3175675,3175685
3175685,3175692
3175692,3175695
3175695,3175699
3175699,3175737
3175737,3175741
3175741,3175755
3175755,3175783
3175783,3175788
3175788,3175795
3175795,3175820
3175820,3175930
3175930,3176285
3176285,3176617
3176617,3176690
3176690,3176824
3176824,3176845
3176845,3176988
3176988,3177061
3177061,3177216
3177216,3177428
3177428,3177457
3177457,3177744
3177744,3177778
3177778,3177850
3177850,3177970
3177970,3178001
3178001,3178019
3178019,3178098
3178098,3178187
3178187,3178260
3178260,3178345
3178345,3178393
3178393,3178408
3178408,3178438
3178438,3178445
3178445,3178462
3178462,3178468
3178468,3178499
3178499,3178510
3178510,3178554
3178554,3178569
3178569,3178612
3178612,3178638
3178638,3178639
3178639,3178666
3178666,3178675
3178675,3178678
3178678,3178691
3178691,3178716
3178716,3178720
3178720,3178757
3178757,3178826
3178826,3178997
3178997,3179278
3179278,3179528
3179528,3179805
3179805,3179879
3179879,3180128
3180128,3180242
3180242,3180357
3180357,3180358
3180358,3180494
3180494,3180834
3180834,3180919
3180919,3180983
3180983,3180998
3180998,3181198
3181198,3181298
3181298,3181309
3181309,3181349
3181349,3181358
3181358,3181454
3181454,3181482
3181482,3181524
3181524,3181672
3181672,3181703
3181703,3181718
3181718,3182089
3182089,3182204
3182204,3182347
3182347,3182367
3182367,3182412
3182412,3182521
3182521,3182604
3182604,3183160
3183160,3183196
3183196,3183250
3183250,3183265
3183265,3183287
3183287,3183307
3183307,3183326
3183326,3183394
3183394,3183465
3183465,3183616
3183616,3183618
3183618,3183691
3183691,3183702
3183702,3183821
3183821,3183867
3183867,3183870
3183870,3184028
3184028,3184044
3184044,3184365
3184365,3184414
3184414,3184420
3184420,3184446
3184446,3184451
3184451,3184504
3184504,3184603
3184603,3184835
3184835,3184841
3184841,3185219
3185219,3185276
3185276,3185495
3185495,3185685
3185685,3185692
3185692,3185768
3185768,3185809
3185809,3185877
3185877,3185911
3185911,3185922
3185922,3185925
3185925,3185996
3185996,3186012
3186012,3186138
3186138,3186160
3186160,3186182
3186182,3186217
3186217,3186361
3186361,3186369
3186369,3186418
3186418,3186446
3186446,3186448
3186448,3186493
3186493,3186520
3186520,3186669
3186669,3186798
3186798,3186838
3186838,3186842
3186842,3186890
3186890,3187009
3187009,3187010
3187010,3187050
3187050,3187062
3187062,3187141
3187141,3187275
3187275,3187376
3187376,3187437
3187437,3187565
3187565,3187736
3187736,3187933
3187933,3187959
3187959,3187977
3187977,3188226
3188226,3188317
3188317,3188367
3188367,3188386
3188386,3188507
3188507,3188555
3188555,3188584
3188584,3188602
3188602,3188603
3188603,3188901
3188901,3188904
3188904,3188918
3188918,3188967
3188967,3189098
3189098,3189276
3189276,3189388
3189388,3189550
3189550,3189588
3189588,3189608
3189608,3189741
3189741,3189794
3189794,3189865
3189865,3189901
3189901,3189902
3189902,3189933
3189933,3189937
3189937,3189940
3189940,3189947
3189947,3190103
3190103,3190114
3190114,3190167
3190167,3190204
3190204,3190307
3190307,3190308
3190308,3190314
3190314,3190319
3190319,3190323
3190323,3190328
3190328,3190372
3190372,3190433
3190433,3190449
3190449,3190469
3190469,3190658
3190658,3190690
3190690,3190799
3190799,3190962
3190962,3191243
3191243,3191256
3191256,3191300
3191300,3191310
3191310,3191429
3191429,3191634
3191634,3191647
3191647,3192021
3192021,3192184
3192184,3192211
3192211,3192468
3192468,3192514
3192514,3192524
3192524,3192530
3192530,3192536
3192536,3192545
3192545,3192551
3192551,3192573
3192573,3192574
3192574,3192584
3192584,3192608
3192608,3192641
3192641,3192658
3192658,3192680
3192680,3192681
3192681,3192697
3192697,3192704
3192704,3192710
3192710,3192711
3192711,3192881
3192881,3192902
3192902,3193099
3193099,3193103
3193103,3193105
3193105,3193112
3193112,3193117
3193117,3193144
3193144,3193176
3193176,3193231
3193231,3193243
3193243,3193268
3193268,3193273
3193273,3193274
3193274,3193275
3193275,3193279
3193279,3193286
3193286,3193303
3193303,3193324
3193324,3193326
3193326,3193328
3193328,3193329
3193329,3193355
3193355,3193542
3193542,3193728
3193728,3193776
3193776,3193846
3193846,3193864
3193864,3193939
3193939,3193941
3193941,3193953
3193953,3193970
3193970,3194021
3194021,3194047
3194047,3194178
3194178,3194354
3194354,3194410
3194410,3194433
3194433,3194455
3194455,3194528
3194528,3194531
3194531,3194839
3194839,3194942
3194942,3195092
3195092,3195141
3195141,3195246
3195246,3195340
3195340,3195573
3195573,3195770
3195770,3195902
3195902,3195953
3195953,3196129
3196129,3196157
3196157,3196167
3196167,3196174
3196174,3196197
3196197,3196289
3196289,3196320
3196320,3196538
3196538,3196540
3196540,3196600
3196600,3196617
3196617,3196759
3196759,3196819
3196819,3196886
3196886,3197049
3197049,3197108
3197108,3197493
3197493,3197502
3197502,3197575
3197575,3197733
3197733,3197753
3197753,3197938
3197938,3197998
3197998,3198018
3198018,3198044
3198044,3198053
3198053,3198210
3198210,3198373
3198373,3198442
3198442,3198496
3198496,3198670
3198670,3198677
3198677,3198721
3198721,3198813
3198813,3198938
3198938,3198989
3198989,3199026
3199026,3199031
3199031,3199104
3199104,3199197
3199197,3199536
3199536,3199603
3199603,3199693
3199693,3199784
3199784,3199813
3199813,3199827
3199827,3199828
3199828,3199856
3199856,3200009
3200009,3200025
3200025,3200079
3200079,3200091
3200091,3200177
3200177,3200179
3200179,3200302
3200302,3200333
3200333,3200342
3200342,3200404
3200404,3200410
3200410,3200485
3200485,3200496
3200496,3200508
3200508,3200714
3200714,3201207
3201207,3201281
3201281,3201354
3201354,3201389
3201389,3201520
3201520,3201526
3201526,3201531
3201531,3201588
3201588,3201625
3201625,3201664
3201664,3201669
3201669,3201703
3201703,3201750
3201750,3201883
3201883,3201892
3201892,3201905
3201905,3201944
3201944,3201946
3201946,3202018
3202018,3202021
3202021,3202026
3202026,3202041
3202041,3202046
3202046,3202049
3202049,3202107
3202107,3202678
3202678,3202682
3202682,3202683
3202683,3202918
3202918,3203138
3203138,3203315
3203315,3203372
3203372,3203397
3203397,3203475
3203475,3203479
3203479,3203490
3203490,3203591
3203591,3203601
3203601,3203761
3203761,3203769
3203769,3203832
3203832,3204022
3204022,3204081
3204081,3204126
3204126,3204170
3204170,3204299
3204299,3204580
3204580,3204634
3204634,3204719
3204719,3204731
3204731,3204764
3204764,3204765
3204765,3204952
3204952,3204958
3204958,3205064
3205064,3205153
3205153,3205225
3205225,3205313
3205313,3205433
3205433,3205463
3205463,3205486
3205486,3205509
3205509,3205621
3205621,3205812
3205812,3205908
3205908,3205948
3205948,3206047
3206047,3206051
3206051,3206071
3206071,3206090
3206090,3206154
3206154,3206213
3206213,3206218
3206218,3206247
3206247,3206258
3206258,3206344
3206344,3206394
3206394,3206411
3206411,3206430
3206430,3206720
3206720,3206767
3206767,3206768
3206768,3206824
3206824,3206900
3206900,3206906
3206906,3206907
3206907,3206971
3206971,3207009
3207009,3207059
3207059,3207084
3207084,3207112
3207112,3207147
3207147,3207164
3207164,3207173
3207173,3207183
3207183,3207341
3207341,3207358
3207358,3207390
3207390,3207405
3207405,3207452
3207452,3207487
3207487,3207489
3207489,3207490
3207490,3207493
3207493,3207539
3207539,3207580
3207580,3207586
3207586,3207614
3207614,3208185
3208185,3208221
3208221,3208318
3208318,3208321
3208321,3208334
3208334,3208343
3208343,3208345
3208345,3208351
3208351,3208358
3208358,3208360
3208360,3208370
3208370,3208387
3208387,3208390
3208390,3208406
3208406,3208433
3208433,3208778
3208778,3208799
3208799,3208875
3208875,3208895
3208895,3208944
3208944,3208955
3208955,3208969
3208969,3208988
3208988,3209037
3209037,3209077
3209077,3209100
3209100,3209121
3209121,3209154
3209154,3209214
3209214,3209243
3209243,3209349
3209349,3209422
3209422,3209673
3209673,3209716
3209716,3209768
3209768,3209784
3209784,3209861
3209861,3210016
3210016,3210043
3210043,3210066
3210066,3210110
3210110,3210150
3210150,3210203
3210203,3210210
3210210,3210257
3210257,3210277
3210277,3210296
3210296,3210304
3210304,3210366
3210366,3210414
3210414,3210431
3210431,3210435
3210435,3210436
3210436,3210458
3210458,3210460
3210460,3210467
3210467,3210716
3210716,3210947
3210947,3210992
3210992,3211017
3211017,3211026
3211026,3211027
3211027,3211050
3211050,3211117
3211117,3211264
3211264,3211273
3211273,3211347
3211347,3211350
3211350,3211415
3211415,3211438
3211438,3211514
3211514,3211626
3211626,3211861
3211861,3211931
3211931,3212025
3212025,3212048
3212048,3212202
3212202,3212226
3212226,3212304
3212304,3212414
3212414,3212480
3212480,3212546
3212546,3212641
3212641,3212689
3212689,3212887
3212887,3212892
3212892,3212925
3212925,3213025
3213025,3213177
3213177,3213192
3213192,3213234
3213234,3213288
3213288,3213295
3213295,3213312
3213312,3213520
3213520,3213733
3213733,3213871
3213871,3213894
3213894,3213902
3213902,3213936
3213936,3213942
3213942,3213962
3213962,3213983
3213983,3213999
3213999,3214049
3214049,3214142
3214142,3214180
3214180,3214204
3214204,3214214
3214214,3214246
3214246,3214278
3214278,3214471
3214471,3214504
3214504,3214550
3214550,3214693
3214693,3214811
3214811,3214874
3214874,3214904
3214904,3214908
3214908,3214978
3214978,3215105
3215105,3215201
3215201,3215226
3215226,3215236
3215236,3215278
3215278,3215291
3215291,3215401
3215401,3215563
3215563,3215567
3215567,3215582
3215582,3215629
3215629,3215642
3215642,3215663
3215663,3215669
3215669,3215682
3215682,3215689
3215689,3215700
3215700,3215713
3215713,3215721
3215721,3215722
3215722,3215727
3215727,3215830
3215830,3215846
3215846,3215874
3215874,3215889
3215889,3216030
3216030,3216086
3216086,3216128
3216128,3216170
3216170,3216259
3216259,3216263
3216263,3216556
3216556,3216611
3216611,3216656
3216656,3216701
3216701,3216817
3216817,3216853
3216853,3216904
3216904,3216964
3216964,3217061
3217061,3217142
3217142,3217205
3217205,3217224
3217224,3217331
3217331,3217353
3217353,3217438
3217438,3217552
3217552,3217610
3217610,3217796
3217796,3217874
3217874,3217963
3217963,3218216
3218216,3218240
3218240,3218368
3218368,3218379
3218379,3218385
3218385,3218390
3218390,3218420
3218420,3218498
3218498,3218537
3218537,3218551
3218551,3218572
3218572,3218573
3218573,3218732
3218732,3218745
3218745,3218797
3218797,3218814
3218814,3218850
3218850,3218864
3218864,3218910
3218910,3218926
3218926,3218929
3218929,3218945
3218945,3218961
3218961,3218980
3218980,3218985
3218985,3218993
3218993,3219008
3219008,3219016
3219016,3219038
3219038,3219057
3219057,3219066
3219066,3219084
3219084,3219226
3219226,3219452
3219452,3219604
3219604,3219649
3219649,3219682
3219682,3219775
3219775,3219812
3219812,3219863
3219863,3219970
3219970,3220129
3220129,3220215
3220215,3220271
3220271,3221006
3221006,3221142
3221142,3221225
3221225,3221245
3221245,3221304
3221304,3221375
3221375,3221411
3221411,3221449
3221449,3221452
3221452,3221455
3221455,3221487
3221487,3221507
3221507,3221579
3221579,3221601
3221601,3221621
3221621,3221702
3221702,3221793
3221793,3221929
3221929,3221941
3221941,3221952
3221952,3221955
3221955,3221964
3221964,3221977
3221977,3222042
3222042,3222208
3222208,3222219
3222219,3222264
3222264,3222410
3222410,3222470
3222470,3222657
3222657,3222830
3222830,3222897
3222897,3222933
3222933,3222992
3222992,3223051
3223051,3223070
3223070,3223338
3223338,3223382
3223382,3223417
3223417,3223432
3223432,3223495
3223495,3223584
3223584,3223783
3223783,3223794
3223794,3223811
3223811,3223924
3223924,3224136
3224136,3224167
3224167,3224181
3224181,3224184
3224184,3224261
3224261,3224305
3224305,3224359
3224359,3224363
3224363,3224432
3224432,3224446
3224446,3224582
3224582,3224609
3224609,3224630
3224630,3224632
3224632,3224638
3224638,3224654
3224654,3224657
3224657,3224694
3224694,3224695
3224695,3224703
3224703,3224728
3224728,3224745
3224745,3224762
3224762,3224766
3224766,3224785
3224785,3224792
3224792,3224803
3224803,3224812
3224812,3224815
3224815,3224840
3224840,3224909
3224909,3225279
3225279,3225350
3225350,3225398
3225398,3225408
3225408,3225552
3225552,3225576
3225576,3225758
3225758,3225771
3225771,3225945
3225945,3225970
3225970,3225980
3225980,3226081
3226081,3226249
3226249,3226280
3226280,3226317
3226317,3226364
3226364,3226394
3226394,3226473
3226473,3226474
3226474,3226487
3226487,3226611
3226611,3226650
3226650,3226667
3226667,3226676
3226676,3226728
3226728,3226755
3226755,3226757
3226757,3226818
3226818,3226847
3226847,3226902
3226902,3226932
3226932,3226988
3226988,3226990
3226990,3227022
3227022,3227152
3227152,3227164
3227164,3227199
3227199,3227213
3227213,3227263
3227263,3227352
3227352,3227364
3227364,3227410
3227410,3227420
3227420,3227427
3227427,3227430
3227430,3227528
3227528,3227553
3227553,3227646
3227646,3227667
3227667,3227676
3227676,3227712
3227712,3227717
3227717,3227725
3227725,3227868
3227868,3227874
3227874,3227882
3227882,3227883
3227883,3227983
3227983,3228000
3228000,3228001
3228001,3228171
3228171,3228223
3228223,3228356
3228356,3228373
3228373,3228394
3228394,3228431
3228431,3228532
3228532,3228564
3228564,3228609
3228609,3228676
3228676,3228685
3228685,3228686
3228686,3228996
3228996,3229002
3229002,3229005
3229005,3229211
3229211,3229214
3229214,3229286
3229286,3229307
3229307,3229323
3229323,3229331
3229331,3229364
3229364,3229398
3229398,3229483
3229483,3229524
3229524,3229545
3229545,3229579
3229579,3229599
3229599,3229621
3229621,3229633
3229633,3229663
3229663,3229689
3229689,3229714
3229714,3229723
3229723,3229733
3229733,3229791
3229791,3229944
3229944,3229980
3229980,3230032
3230032,3230186
3230186,3230194
3230194,3230201
3230201,3230230
3230230,3230403
3230403,3230500
3230500,3230588
3230588,3230593
3230593,3230731
3230731,3230736
3230736,3230742
3230742,3230760
3230760,3230761
3230761,3230764
3230764,3230765
3230765,3230776
3230776,3230782
3230782,3230786
3230786,3230832
3230832,3230884
3230884,3230885
3230885,3230888
3230888,3230921
3230921,3230947
3230947,3230950
3230950,3231043
3231043,3231055
3231055,3231073
3231073,3231091
3231091,3231142
3231142,3231178
3231178,3231228
3231228,3231239
3231239,3231260
3231260,3231282
3231282,3231308
3231308,3231417
3231417,3231425
3231425,3231443
3231443,3231499
3231499,3231532
3231532,3231538
3231538,3231548
3231548,3231557
3231557,3231610
3231610,3231612
3231612,3231644
3231644,3231815
3231815,3232157
3232157,3232286
3232286,3232294
3232294,3232321
3232321,3232450
3232450,3232534
3232534,3232868
3232868,3232897
3232897,3232900
3232900,3232944
3232944,3233126
3233126,3233144
3233144,3233485
3233485,3233486
3233486,3233509
3233509,3233526
3233526,3233555
3233555,3233591
3233591,3233820
3233820,3233959
3233959,3234158
3234158,3234190
3234190,3234353
3234353,3234435
3234435,3234460
3234460,3234493
3234493,3234541
3234541,3234554
3234554,3234593
3234593,3234600
3234600,3234634
3234634,3234638
3234638,3234768
3234768,3234778
3234778,3234779
3234779,3234866
3234866,3234868
3234868,3234905
3234905,3234913
3234913,3235022
3235022,3235091
3235091,3235188
3235188,3235197
3235197,3235262
3235262,3235302
3235302,3235469
3235469,3235707
3235707,3235813
3235813,3235833
3235833,3235846
3235846,3235855
3235855,3235879
3235879,3235918
3235918,3235920
3235920,3236131
3236131,3236343
3236343,3236399
3236399,3236416
3236416,3236460
3236460,3236562
3236562,3236577
3236577,3236578
3236578,3236602
3236602,3236619
3236619,3236654
3236654,3236670
3236670,3236672
3236672,3236685
3236685,3236751
3236751,3236814
3236814,3236995
3236995,3237020
3237020,3237053
3237053,3237072
3237072,3237246
3237246,3237369
3237369,3237388
3237388,3237565
3237565,3237596
3237596,3237650
3237650,3237820
3237820,3237827
3237827,3237943
3237943,3237961
3237961,3238186
3238186,3238196
3238196,3238356
3238356,3238395
3238395,3238427
3238427,3238456
3238456,3238491
3238491,3238499
3238499,3238525
3238525,3238540
3238540,3238550
3238550,3238577
3238577,3238586
3238586,3238602
3238602,3238671
3238671,3238683
3238683,3238694
3238694,3238699
3238699,3238872
3238872,3238897
3238897,3239065
3239065,3239072
3239072,3239083
3239083,3239093
3239093,3239128
3239128,3239156
3239156,3239182
3239182,3239225
3239225,3239328
3239328,3239619
3239619,3239622
3239622,3239791
3239791,3239820
3239820,3239922
3239922,3239923
3239923,3239929
3239929,3239956
3239956,3240153
3240153,3240218
3240218,3240257
3240257,3240313
3240313,3240468
3240468,3240528
3240528,3240663
3240663,3240685
3240685,3240714
3240714,3240772
3240772,3240805
3240805,3240820
3240820,3240833
3240833,3240897
3240897,3240935
3240935,3240939
3240939,3240944
3240944,3240972
3240972,3240975
3240975,3241237
3241237,3241353
3241353,3241584
3241584,3241642
3241642,3241678
3241678,3241873
3241873,3241983
3241983,3242018
3242018,3242031
3242031,3242047
3242047,3242048
3242048,3242049
3242049,3242056
3242056,3242114
3242114,3242272
3242272,3242615
3242615,3242623
3242623,3242690
3242690,3242797
3242797,3243057
3243057,3243127
3243127,3243143
3243143,3243368
3243368,3243417
3243417,3243564
3243564,3243592
3243592,3243975
3243975,3244141
3244141,3244725
3244725,3244860
3244860,3244868
3244868,3244894
3244894,3244932
3244932,3244949
3244949,3244987
3244987,3245015
3245015,3245030
3245030,3245070
3245070,3245088
3245088,3245094
3245094,3245101
3245101,3245338
3245338,3245413
3245413,3245550
3245550,3245649
3245649,3245708
3245708,3245714
3245714,3245726
3245726,3245731
3245731,3245857
3245857,3246021
3246021,3246048
3246048,3246114
3246114,3246186
3246186,3246187
3246187,3246385
3246385,3246434
3246434,3246515
3246515,3246539
3246539,3246574
3246574,3247000
3247000,3247279
3247279,3247325
3247325,3247428
3247428,3247430
3247430,3247442
3247442,3247462
3247462,3247465
3247465,3247500
3247500,3247558
3247558,3247627
3247627,3247628
3247628,3247647
3247647,3247735
3247735,3247805
3247805,3247825
3247825,3247856
3247856,3247862
3247862,3247933
3247933,3247983
3247983,3248046
3248046,3248056
3248056,3248065
3248065,3248080
3248080,3248082
3248082,3248104
3248104,3248107
3248107,3248135
3248135,3248236
3248236,3248265
3248265,3248269
3248269,3248819
3248819,3248867
3248867,3248879
3248879,3248921
3248921,3248942
3248942,3249009
3249009,3249023
3249023,3249042
3249042,3249197
3249197,3249213
3249213,3249217
3249217,3249421
3249421,3249458
3249458,3249498
3249498,3249534
3249534,3249561
3249561,3249573
3249573,3249650
3249650,3249664
3249664,3249674
3249674,3249741
3249741,3249908
3249908,3250078
3250078,3250255
3250255,3250329
3250329,3250363
3250363,3250418
3250418,3250439
3250439,3250498
3250498,3250526
3250526,3250585
3250585,3250609
3250609,3250642
3250642,3250647
3250647,3250677
3250677,3250844
3250844,3250884
3250884,3250908
3250908,3250934
3250934,3250936
3250936,3250940
3250940,3250941
3250941,3250966
3250966,3250979
3250979,3250992
3250992,3251025
3251025,3251045
3251045,3251050
3251050,3251062
3251062,3251075
3251075,3251110
3251110,3251160
3251160,3251349
3251349,3251375
3251375,3251530
3251530,3251620
3251620,3251621
3251621,3251623
3251623,3251695
3251695,3251718
3251718,3251845
3251845,3252087
3252087,3252105
3252105,3252139
3252139,3252152
3252152,3252196
3252196,3252218
3252218,3252249
3252249,3252266
3252266,3252269
3252269,3252283
3252283,3252372
3252372,3252390
3252390,3252399
3252399,3252438
3252438,3252519
3252519,3252567
3252567,3252695
3252695,3252731
3252731,3252740
3252740,3252747
3252747,3252800
3252800,3253040
3253040,3253136
3253136,3253137
3253137,3253146
3253146,3253158
3253158,3253180
3253180,3253200
3253200,3253222
3253222,3253245
3253245,3253252
3253252,3253377
3253377,3253429
3253429,3253430
3253430,3253456
3253456,3253479
3253479,3253558
3253558,3253589
3253589,3253591
3253591,3253623
3253623,3253649
3253649,3253655
3253655,3253693
3253693,3253711
3253711,3253749
3253749,3253856
3253856,3253873
3253873,3253885
3253885,3253946
3253946,3253970
3253970,3253980
3253980,3253990
3253990,3253997
3253997,3254020
3254020,3254029
3254029,3254049
3254049,3254119
3254119,3254159
3254159,3254966
3254966,3255002
3255002,3255093
3255093,3255157
3255157,3255311
3255311,3255328
3255328,3255411
3255411,3255423
3255423,3255488
3255488,3255586
3255586,3255587
3255587,3255589
3255589,3255615
3255615,3255625
3255625,3255628
3255628,3255696
3255696,3255870
3255870,3255980
3255980,3255983
3255983,3256006
3256006,3256026
3256026,3256054
3256054,3256067
3256067,3256246
3256246,3256562
3256562,3256609
3256609,3256641
3256641,3256668
3256668,3256685
3256685,3256825
3256825,3256826
3256826,3256884
3256884,3256906
3256906,3256951
3256951,3256969
3256969,3257020
3257020,3257030
3257030,3257071
3257071,3257080
3257080,3257121
3257121,3257141
3257141,3257152
3257152,3257207
3257207,3257310
3257310,3257584
3257584,3257647
3257647,3257726
3257726,3257816
3257816,3257899
3257899,3257918
3257918,3257923
3257923,3257935
3257935,3258073
3258073,3258292
3258292,3258456
3258456,3258561
3258561,3258635
3258635,3258680
3258680,3258710
3258710,3258935
3258935,3259008
3259008,3259149
3259149,3259168
3259168,3259198
3259198,3259239
3259239,3259336
3259336,3259356
3259356,3259377
3259377,3259436
3259436,3259461
3259461,3259468
3259468,3259489
3259489,3259504
3259504,3259564
3259564,3259663
3259663,3259674
3259674,3259732
3259732,3259752
3259752,3259758
3259758,3259812
3259812,3259839
3259839,3259900
3259900,3259905
3259905,3259957
3259957,3259982
3259982,3260002
3260002,3260013
3260013,3260071
3260071,3260343
3260343,3260455
3260455,3260476
3260476,3260477
3260477,3260496
3260496,3260513
3260513,3260557
3260557,3260561
3260561,3260562
3260562,3260645
3260645,3260828
3260828,3260841
3260841,3260930
3260930,3261152
3261152,3261186
3261186,3261193
3261193,3261394
3261394,3261458
3261458,3261468
3261468,3261491
3261491,3261493
3261493,3261530
3261530,3261540
3261540,3261672
3261672,3261749
3261749,3261758
3261758,3261774
3261774,3261783
3261783,3261815
3261815,3261860
3261860,3261996
3261996,3262145
3262145,3262152
3262152,3262250
3262250,3262308
3262308,3262352
3262352,3262440
3262440,3262509
3262509,3262581
3262581,3262723
3262723,3262731
3262731,3262748
3262748,3262819
3262819,3262823
3262823,3262845
3262845,3262851
3262851,3262855
3262855,3262991
3262991,3263308
3263308,3263362
3263362,3263395
3263395,3263403
3263403,3263419
3263419,3263558
3263558,3263580
3263580,3263652
3263652,3263833
3263833,3263942
3263942,3264103
3264103,3264168
3264168,3264269
3264269,3264270
3264270,3264289
3264289,3264305
3264305,3264307
3264307,3264399
3264399,3264528
3264528,3264539
3264539,3264884
3264884,3264982
3264982,3265002
3265002,3265028
3265028,3265048
3265048,3265075
3265075,3265081
3265081,3265104
3265104,3265126
3265126,3265373
3265373,3265400
3265400,3265507
3265507,3265598
3265598,3265609
3265609,3265622
3265622,3265655
3265655,3265658
3265658,3265705
3265705,3265714
3265714,3265787
3265787,3265795
3265795,3265805
3265805,3265813
3265813,3265824
3265824,3265846
3265846,3265899
3265899,3265937
3265937,3265975
3265975,3265976
3265976,3265978
3265978,3265984
3265984,3265986
3265986,3265993
3265993,3266045
3266045,3266056
3266056,3266163
3266163,3266176
3266176,3266198
3266198,3266207
3266207,3266212
3266212,3266213
3266213,3266394
3266394,3266493
3266493,3266546
3266546,3266553
3266553,3266574
3266574,3266760
3266760,3266790
3266790,3266839
3266839,3267015
3267015,3267045
3267045,3267107
3267107,3267110
3267110,3267140
3267140,3267160
3267160,3267163
3267163,3267172
3267172,3267510
3267510,3267574
3267574,3267664
3267664,3267665
3267665,3267969
3267969,3267999
3267999,3268005
3268005,3268006
3268006,3268062
3268062,3268171
3268171,3268201
3268201,3268263
3268263,3268323
3268323,3268332
3268332,3268334
3268334,3268394
3268394,3268429
3268429,3268536
3268536,3268538
3268538,3268550
3268550,3268558
3268558,3268586
3268586,3268643
3268643,3268665
3268665,3268718
3268718,3268729
3268729,3268737
3268737,3268775
3268775,3268794
3268794,3268832
3268832,3268893
3268893,3268924
3268924,3268925
3268925,3268931
3268931,3268970
3268970,3268997
3268997,3269053
3269053,3269056
3269056,3269346
3269346,3269412
3269412,3269427
3269427,3269648
3269648,3269653
3269653,3269723
3269723,3269725
3269725,3269743
3269743,3269750
3269750,3269943
3269943,3269957
3269957,3270045
3270045,3270060
3270060,3270142
3270142,3270190
3270190,3270227
3270227,3270336
3270336,3270427
3270427,3270484
3270484,3270541
3270541,3270731
3270731,3270743
3270743,3270820
3270820,3270891
3270891,3270950
3270950,3271023
3271023,3271164
3271164,3271198
3271198,3271211
3271211,3271217
3271217,3271232
3271232,3271262
3271262,3271281
3271281,3271291
3271291,3271316
3271316,3271321
3271321,3271341
3271341,3271376
3271376,3271422
3271422,3271525
3271525,3271533
3271533,3271555
3271555,3271639
3271639,3271654
3271654,3271659
3271659,3271683
3271683,3271684
3271684,3271690
3271690,3271801
3271801,3271807
3271807,3271816
3271816,3271848
3271848,3271855
3271855,3271871
3271871,3271877
3271877,3271890
3271890,3271891
3271891,3271898
3271898,3271900
3271900,3271905
3271905,3271906
3271906,3271910
3271910,3271912
3271912,3271935
3271935,3272017
3272017,3272058
3272058,3272070
3272070,3272141
3272141,3272151
3272151,3272157
3272157,3272176
3272176,3272204
3272204,3272214
3272214,3272216
3272216,3272231
3272231,3272233
3272233,3272236
3272236,3272285
3272285,3272286
3272286,3272373
3272373,3272396
3272396,3272434
3272434,3272470
3272470,3272477
3272477,3272577
3272577,3272632
3272632,3272797
3272797,3272875
3272875,3272876
3272876,3272939
3272939,3272981
3272981,3273012
3273012,3273050
3273050,3273053
3273053,3273100
3273100,3273105
3273105,3273119
3273119,3273127
3273127,3273172
3273172,3273244
3273244,3273288
3273288,3273344
3273344,3273531
3273531,3273553
3273553,3273555
3273555,3273589
3273589,3273655
3273655,3273667
3273667,3273668
3273668,3273689
3273689,3273691
3273691,3273722
3273722,3273750
3273750,3273754
3273754,3273776
3273776,3273782
3273782,3273785
3273785,3273806
3273806,3273808
3273808,3273834
3273834,3273840
3273840,3273857
3273857,3273883
3273883,3273888
3273888,3273890
3273890,3273896
3273896,3273905
3273905,3273920
3273920,3273927
3273927,3273940
3273940,3273943
3273943,3274038
3274038,3274047
3274047,3274061
3274061,3274184
3274184,3274209
3274209,3274249
3274249,3274264
3274264,3274416
3274416,3274506
3274506,3274525
3274525,3274582
3274582,3274641
3274641,3274642
3274642,3274649
3274649,3274689
3274689,3274701
3274701,3274776
3274776,3274813
3274813,3274824
3274824,3274826
3274826,3274829
3274829,3274833
3274833,3274877
3274877,3274883
3274883,3274898
3274898,3274907
3274907,3274913
3274913,3274930
3274930,3274966
3274966,3275434
3275434,3275469
3275469,3275486
3275486,3275521
3275521,3275525
3275525,3275532
3275532,3275545
3275545,3275575
3275575,3275577
3275577,3275578
3275578,3275614
3275614,3275719
3275719,3275955
3275955,3275961
3275961,3276038
3276038,3276114
3276114,3276134
3276134,3276187
3276187,3276192
3276192,3276212
3276212,3276221
3276221,3276289
3276289,3276304
3276304,3276486
3276486,3276492
3276492,3276556
3276556,3276766
3276766,3276859
3276859,3276895
3276895,3276897
3276897,3276955
3276955,3276960
3276960,3276972
3276972,3277058
3277058,3277072
3277072,3277113
3277113,3277220
3277220,3277388
3277388,3277672
3277672,3277790
3277790,3277868
3277868,3277873
3277873,3277897
3277897,3278043
3278043,3278146
3278146,3278200
3278200,3278221
3278221,3278227
3278227,3278239
3278239,3278280
3278280,3278309
3278309,3278346
3278346,3278357
3278357,3278366
3278366,3278433
3278433,3278522
3278522,3278780
3278780,3278851
3278851,3278893
3278893,3279144
3279144,3279146
3279146,3279177
3279177,3279214
3279214,3279229
3279229,3279268
3279268,3279281
3279281,3279335
3279335,3279420
3279420,3279452
3279452,3279500
3279500,3279609
3279609,3279726
3279726,3279756
3279756,3279836
3279836,3279891
3279891,3280088
3280088,3280120
3280120,3280132
3280132,3280151
3280151,3280171
3280171,3280178
3280178,3280179
3280179,3280230
3280230,3280276
3280276,3280282
3280282,3280312
3280312,3280326
3280326,3280328
3280328,3280356
3280356,3280358
3280358,3280361
3280361,3280400
3280400,3280423
3280423,3280440
3280440,3280461
3280461,3280539
3280539,3280605
3280605,3280707
3280707,3280724
3280724,3280737
3280737,3280771
3280771,3280792
3280792,3280820
3280820,3281127
3281127,3281135
3281135,3281430
3281430,3281496
3281496,3281505
3281505,3281547
3281547,3281629
3281629,3281699
3281699,3281735
3281735,3281927
3281927,3281980
3281980,3282050
3282050,3282167
3282167,3282310
3282310,3282587
3282587,3282854
3282854,3282864
3282864,3282894
3282894,3282899
3282899,3282904
3282904,3283019
3283019,3283071
3283071,3283116
3283116,3283136
3283136,3283143
3283143,3283145
3283145,3283147
3283147,3283149
3283149,3283207
3283207,3283240
3283240,3283304
3283304,3283307
3283307,3283312
3283312,3283334
3283334,3283343
3283343,3283357
3283357,3283373
3283373,3283383
3283383,3283397
3283397,3283407
3283407,3283597
3283597,3283657
3283657,3283691
3283691,3283733
3283733,3283751
3283751,3283872
3283872,3283922
3283922,3283932
3283932,3284115
3284115,3284414
3284414,3284484
3284484,3284488
3284488,3284562
3284562,3284623
3284623,3284642
3284642,3284868
3284868,3284974
3284974,3285029
3285029,3285077
3285077,3285090
3285090,3285097
3285097,3285118
3285118,3285163
3285163,3285185
3285185,3285226
3285226,3285279
3285279,3285289
3285289,3285330
3285330,3285526
3285526,3285552
3285552,3285572
3285572,3285842
3285842,3285885
3285885,3285927
3285927,3285932
3285932,3285961
3285961,3285990
3285990,3286059
3286059,3286119
3286119,3286123
3286123,3286160
3286160,3286179
3286179,3286236
3286236,3286249
3286249,3286348
3286348,3286357
3286357,3286359
3286359,3286362
3286362,3286401
3286401,3286519
3286519,3286540
3286540,3286659
3286659,3286660
3286660,3286666
3286666,3286991
3286991,3287098
3287098,3287143
3287143,3287249
3287249,3287368
3287368,3287489
3287489,3287554
3287554,3287582
3287582,3287675
3287675,3287892
3287892,3287929
3287929,3287962
3287962,3288051
3288051,3288090
3288090,3288195
3288195,3288215
3288215,3288218
3288218,3288236
3288236,3288238
3288238,3288260
3288260,3288280
3288280,3288285
3288285,3288347
3288347,3288350
3288350,3288420
3288420,3288474
3288474,3288497
3288497,3288549
3288549,3288620
3288620,3288666
3288666,3288694
3288694,3288753
3288753,3288759
3288759,3288771
3288771,3288790
3288790,3288807
3288807,3288822
3288822,3288860
3288860,3288861
3288861,3288885
3288885,3289024
3289024,3289038
3289038,3289052
3289052,3289059
3289059,3289084
3289084,3289089
3289089,3289124
3289124,3289159
3289159,3289182
3289182,3289196
3289196,3289223
3289223,3289226
3289226,3289254
3289254,3289255
3289255,3289268
3289268,3289270
3289270,3289283
3289283,3289315
3289315,3289316
3289316,3289319
3289319,3289322
3289322,3289323
3289323,3289325
3289325,3289328
3289328,3289604
3289604,3289677
3289677,3289687
3289687,3289750
3289750,3289753
3289753,3289762
3289762,3289768
3289768,3289806
3289806,3289809
3289809,3289917
3289917,3289966
3289966,3289991
3289991,3290047
3290047,3290145
3290145,3290219
3290219,3290268
3290268,3290318
3290318,3290367
3290367,3290425
3290425,3290440
3290440,3290474
3290474,3290552
3290552,3290587
3290587,3290633
3290633,3290669
3290669,3290719
3290719,3290755
3290755,3290839
3290839,3291184
3291184,3291202
3291202,3291218
3291218,3291221
3291221,3291223
3291223,3291274
3291274,3291336
3291336,3291337
3291337,3291350
3291350,3291393
3291393,3291464
3291464,3291512
3291512,3291523
3291523,3291531
3291531,3291580
3291580,3291626
3291626,3291630
3291630,3291638
3291638,3291655
3291655,3291674
3291674,3291675
3291675,3291693
3291693,3291705
3291705,3291737
3291737,3291753
3291753,3291793
3291793,3291852
3291852,3291937
3291937,3291950
3291950,3291953
3291953,3291965
3291965,3291970
3291970,3291982
3291982,3291984
3291984,3291993
3291993,3292006
3292006,3292015
3292015,3292058
3292058,3292106
3292106,3292107
3292107,3292108
3292108,3292469
3292469,3292480
3292480,3292481
3292481,3292492
3292492,3292504
3292504,3292505
3292505,3292535
3292535,3292609
3292609,3292706
3292706,3292710
3292710,3292732
3292732,3292745
3292745,3292829
3292829,3292858
3292858,3292955
3292955,3293250
3293250,3293317
3293317,3293330
3293330,3293341
3293341,3293382
3293382,3293505
3293505,3293554
3293554,3293555
3293555,3293595
3293595,3293597
3293597,3293600
3293600,3293606
3293606,3293677
3293677,3293728
3293728,3293729
3293729,3293748
3293748,3293780
3293780,3293813
3293813,3293879
3293879,3293966
3293966,3293973
3293973,3293992
3293992,3293996
3293996,3294005
3294005,3294018
3294018,3294030
3294030,3294031
3294031,3294039
3294039,3294103
3294103,3294120
3294120,3294175
3294175,3294279
3294279,3294313
3294313,3294320
3294320,3294470
3294470,3294510
3294510,3294752
3294752,3294753
3294753,3294762
3294762,3294781
3294781,3294825
3294825,3294833
3294833,3294843
3294843,3294962
3294962,3295167
3295167,3295270
3295270,3295286
3295286,3295348
3295348,3295444
3295444,3295602
3295602,3295639
3295639,3295681
3295681,3295888
3295888,3296074
3296074,3296116
3296116,3296267
3296267,3296301
3296301,3296537
3296537,3296541
3296541,3296554
3296554,3296579
3296579,3296702
3296702,3296770
3296770,3296862
3296862,3296893
3296893,3297051
3297051,3297080
3297080,3297176
3297176,3297301
3297301,3297455
3297455,3297586
3297586,3297770
3297770,3297868
3297868,3297875
3297875,3297877
3297877,3297880
3297880,3297883
3297883,3297889
3297889,3297892
3297892,3297951
3297951,3297961
3297961,3298229
3298229,3298230
3298230,3298248
3298248,3298282
3298282,3298353
3298353,3298367
3298367,3298438
3298438,3298563
3298563,3298568
3298568,3298612
3298612,3298717
3298717,3298798
3298798,3298804
3298804,3298893
3298893,3298982
3298982,3299002
3299002,3299082
3299082,3299140
3299140,3299155
3299155,3299278
3299278,3299445
3299445,3299452
3299452,3299459
3299459,3299650
3299650,3299700
3299700,3299889
3299889,3299904
3299904,3299907
3299907,3299918
3299918,3300018
3300018,3300054
3300054,3300143
3300143,3300250
3300250,3300279
3300279,3300280
3300280,3300323
3300323,3300347
3300347,3300430
3300430,3300523
3300523,3300558
3300558,3300569
3300569,3300585
3300585,3300613
3300613,3300699
3300699,3300709
3300709,3300736
3300736,3300824
3300824,3300940
3300940,3300941
3300941,3301287
3301287,3301293
3301293,3301326
3301326,3301329
3301329,3301344
3301344,3301540
3301540,3301674
3301674,3301718
3301718,3301735
3301735,3301736
3301736,3301855
3301855,3301882
3301882,3301918
3301918,3301935
3301935,3302022
3302022,3302336
3302336,3302547
3302547,3302587
3302587,3302646
3302646,3302694
3302694,3302878
3302878,3303194
3303194,3303285
3303285,3303319
3303319,3303335
3303335,3303412
3303412,3303418
3303418,3303465
3303465,3303889
3303889,3303935
3303935,3303980
3303980,3303995
3303995,3304171
3304171,3304245
3304245,3304835
3304835,3305007
3305007,3305094
3305094,3305177
3305177,3305194
3305194,3305201
3305201,3305630
3305630,3305738
3305738,3305760
3305760,3305775
3305775,3305795
3305795,3305815
3305815,3305881
3305881,3305939
3305939,3305943
3305943,3305957
3305957,3305975
3305975,3305990
3305990,3306008
3306008,3306015
3306015,3306042
3306042,3306049
3306049,3306082
3306082,3306113
3306113,3306148
3306148,3306397
3306397,3306440
3306440,3306471
3306471,3306487
3306487,3306498
3306498,3306610
3306610,3306916
3306916,3306921
3306921,3306946
3306946,3306976
3306976,3307037
3307037,3307056
3307056,3307060
3307060,3307113
3307113,3307116
3307116,3307135
3307135,3307144
3307144,3307158
3307158,3307161
3307161,3307202
3307202,3307228
3307228,3307257
3307257,3307261
3307261,3307264
3307264,3307265
3307265,3307272
3307272,3308499
3308499,3308522
3308522,3308562
3308562,3308572
3308572,3308616
3308616,3308786
3308786,3308790
3308790,3308817
3308817,3308868
3308868,3308929
3308929,3308935
3308935,3308951
3308951,3308971
3308971,3308978
3308978,3308997
3308997,3309100
3309100,3309209
3309209,3309225
3309225,3309233
3309233,3309241
3309241,3309407
3309407,3309471
3309471,3309553
3309553,3309652
3309652,3309712
3309712,3309735
3309735,3309758
3309758,3309784
3309784,3309891
3309891,3310005
3310005,3310025
3310025,3310040
3310040,3310042
3310042,3310058
3310058,3310062
3310062,3310066
3310066,3310070
3310070,3310090
3310090,3310095
3310095,3310131
3310131,3310132
3310132,3310143
3310143,3310182
3310182,3310184
3310184,3310191
3310191,3310193
3310193,3310209
3310209,3310296
3310296,3310319
3310319,3310328
3310328,3310335
3310335,3310339
3310339,3310353
3310353,3310390
3310390,3310510
3310510,3310512
3310512,3310645
3310645,3310646
3310646,3310676
3310676,3310694
3310694,3310697
3310697,3310704
3310704,3310732
3310732,3310737
3310737,3310966
3310966,3311022
3311022,3311138
3311138,3311249
3311249,3311397
3311397,3311432
3311432,3311531
3311531,3311604
3311604,3311673
3311673,3311799
3311799,3312012
3312012,3312181
3312181,3312261
3312261,3312267
3312267,3312443
3312443,3312535
3312535,3312580
3312580,3312649
3312649,3312685
3312685,3312704
3312704,3312822
3312822,3312824
3312824,3312841
3312841,3312852
3312852,3312919
3312919,3312929
3312929,3313046
3313046,3313049
3313049,3313166
3313166,3313265
3313265,3313293
3313293,3313352
3313352,3313362
3313362,3313374
3313374,3313394
3313394,3313406
3313406,3313408
3313408,3313448
3313448,3313549
3313549,3313561
3313561,3313626
3313626,3313697
3313697,3313700
3313700,3313705
3313705,3313724
3313724,3313727
3313727,3313748
3313748,3313752
3313752,3313757
3313757,3313758
3313758,3313761
3313761,3313777
3313777,3313798
3313798,3313804
3313804,3313807
3313807,3313808
3313808,3313825
3313825,3313831
3313831,3313834
3313834,3313908
3313908,3313913
3313913,3313948
3313948,3313956
3313956,3313972
3313972,3313985
3313985,3313989
3313989,3313994
3313994,3313996
3313996,3313997
3313997,3314001
3314001,3314005
3314005,3314022
3314022,3314024
3314024,3314031
3314031,3314043
3314043,3314046
3314046,3314055
3314055,3314059
3314059,3314089
3314089,3314339
3314339,3314366
3314366,3314393
3314393,3314409
3314409,3314417
3314417,3314432
3314432,3314912
3314912,3314999
3314999,3315099
3315099,3315135
3315135,3315222
3315222,3315255
3315255,3315275
3315275,3315448
3315448,3315459
3315459,3315462
3315462,3315481
3315481,3315558
3315558,3315659
3315659,3315746
3315746,3315879
3315879,3316188
3316188,3316240
3316240,3316345
3316345,3316466
3316466,3316610
3316610,3316632
3316632,3316781
3316781,3316974
3316974,3316984
3316984,3317062
3317062,3317066
3317066,3317078
3317078,3317098
3317098,3317112
3317112,3317142
3317142,3317203
3317203,3317227
3317227,3317236
3317236,3317290
3317290,3317304
3317304,3317339
3317339,3317595
3317595,3317604
3317604,3317743
3317743,3317817
3317817,3317866
3317866,3317927
3317927,3317939
3317939,3317948
3317948,3317954
3317954,3317956
3317956,3317959
3317959,3318049
3318049,3318174
3318174,3318180
3318180,3318697
3318697,3318955
3318955,3319174
3319174,3319203
3319203,3319241
3319241,3319582
3319582,3319602
3319602,3319756
3319756,3319762
3319762,3319832
3319832,3319856
3319856,3319858
3319858,3319860
3319860,3319913
3319913,3319935
3319935,3320031
3320031,3320066
3320066,3320191
3320191,3320267
3320267,3320285
3320285,3320378
3320378,3320385
3320385,3320418
3320418,3320449
3320449,3320563
3320563,3320624
3320624,3320674
3320674,3320783
3320783,3321163
3321163,3321164
3321164,3321168
3321168,3321175
3321175,3321179
3321179,3321265
3321265,3321277
3321277,3321322
3321322,3321333
3321333,3321344
3321344,3321360
3321360,3321453
3321453,3321543
3321543,3321555
3321555,3321646
3321646,3321651
3321651,3321721
3321721,3321735
3321735,3321798
3321798,3321865
3321865,3321879
3321879,3321950
3321950,3321971
3321971,3322037
3322037,3322047
3322047,3322052
3322052,3322067
3322067,3322072
3322072,3322179
3322179,3322206
3322206,3322212
3322212,3322262
3322262,3322382
3322382,3322461
3322461,3322546
3322546,3323643
3323643,3323715
3323715,3323768
3323768,3323779
3323779,3323783
3323783,3323787
3323787,3323797
3323797,3323813
3323813,3323814
3323814,3323823
3323823,3324027
3324027,3324101
3324101,3324298
3324298,3324311
3324311,3324374
3324374,3324442
3324442,3324604
3324604,3324707
3324707,3324882
3324882,3324904
3324904,3325130
3325130,3325206
3325206,3325290
3325290,3325292
3325292,3325303
3325303,3325323
3325323,3325363
3325363,3325377
3325377,3325407
3325407,3325420
3325420,3325440
3325440,3325455
3325455,3325469
3325469,3325541
3325541,3325610
3325610,3325613
3325613,3325655
3325655,3325676
3325676,3325702
3325702,3325716
3325716,3325740
3325740,3325767
3325767,3325803
3325803,3325823
3325823,3325825
3325825,3325848
3325848,3325882
3325882,3325905
3325905,3325919
3325919,3325938
3325938,3325970
3325970,3325980
3325980,3325985
3325985,3326080
3326080,3326105
3326105,3326107
3326107,3326108
3326108,3326130
3326130,3326158
3326158,3326174
3326174,3326191
3326191,3326202
3326202,3326211
3326211,3326265
3326265,3326330
3326330,3326341
3326341,3326416
3326416,3326567
3326567,3326924
3326924,3327098
3327098,3327099
3327099,3327175
3327175,3327370
3327370,3327380
3327380,3327725
3327725,3327737
3327737,3327740
3327740,3327790
3327790,3327804
3327804,3327901
3327901,3327941
3327941,3328048
3328048,3328177
3328177,3328199
3328199,3328270
3328270,3328399
3328399,3328591
3328591,3328617
3328617,3328625
3328625,3328644
3328644,3328893
3328893,3328924
3328924,3329128
3329128,3329654
3329654,3329657
3329657,3329706
3329706,3329802
3329802,3329893
3329893,3329979
3329979,3330000
3330000,3330125
3330125,3330180
3330180,3330355
3330355,3330358
3330358,3330359
3330359,3330382
3330382,3330396
3330396,3330626
3330626,3330984
3330984,3331205
3331205,3331208
3331208,3331299
3331299,3331377
3331377,3331575
3331575,3331621
3331621,3331659
3331659,3331660
3331660,3332035
3332035,3332442
3332442,3332604
3332604,3332618
3332618,3332675
3332675,3332713
3332713,3332841
3332841,3332968
3332968,3333031
3333031,3333417
3333417,3333460
3333460,3333472
3333472,3333508
3333508,3333584
3333584,3333632
3333632,3333648
3333648,3333741
3333741,3333804
3333804,3333818
3333818,3334025
3334025,3334067
3334067,3334086
3334086,3334161
3334161,3334182
3334182,3334195
3334195,3334649
3334649,3334675
3334675,3334677
3334677,3334691
3334691,3334733
3334733,3334735
3334735,3334743
3334743,3334794
3334794,3334807
3334807,3334830
3334830,3334996
3334996,3335237
3335237,3335334
3335334,3335342
3335342,3335346
3335346,3335648
3335648,3335874
3335874,3335906
3335906,3335929
3335929,3336083
3336083,3336192
3336192,3336207
3336207,3336374
3336374,3336380
3336380,3336385
3336385,3336473
3336473,3336545
3336545,3336547
3336547,3336571
3336571,3336573
3336573,3336609
3336609,3336612
3336612,3336727
3336727,3336819
3336819,3336865
3336865,3336947
3336947,3337023
3337023,3337056
3337056,3337324
3337324,3337374
3337374,3337479
3337479,3337558
3337558,3337563
3337563,3337566
3337566,3337617
3337617,3337657
3337657,3337675
3337675,3337697
3337697,3337703
3337703,3337704
3337704,3337710
3337710,3337729
3337729,3337732
3337732,3337764
3337764,3337822
3337822,3337837
3337837,3337845
3337845,3337867
3337867,3337869
3337869,3337877
3337877,3337886
3337886,3337889
3337889,3337894
3337894,3337903
3337903,3337904
3337904,3337909
3337909,3337932
3337932,3337941
3337941,3337951
3337951,3337961
3337961,3337971
3337971,3337980
3337980,3337981
3337981,3337993
3337993,3337999
3337999,3338095
3338095,3338428
3338428,3338430
3338430,3338442
3338442,3338446
3338446,3338449
3338449,3338457
3338457,3338472
3338472,3338475
3338475,3338521
3338521,3338529
3338529,3338555
3338555,3338733
3338733,3338911
3338911,3339114
3339114,3339115
3339115,3339122
3339122,3339125
3339125,3339204
3339204,3339415
3339415,3339497
3339497,3339534
3339534,3339573
3339573,3339585
3339585,3339747
3339747,3339839
3339839,3340210
3340210,3340516
3340516,3340553
3340553,3340621
3340621,3340696
3340696,3340735
3340735,3340767
3340767,3340842
3340842,3340848
3340848,3340880
3340880,3340942
3340942,3340986
3340986,3341094
3341094,3341107
3341107,3341192
3341192,3341207
3341207,3341210
3341210,3341218
3341218,3341225
3341225,3341238
3341238,3341242
3341242,3341246
3341246,3341252
3341252,3341268
3341268,3341279
3341279,3341280
3341280,3341302
3341302,3341341
3341341,3341516
3341516,3341849
3341849,3341937
3341937,3342051
3342051,3342169
3342169,3342297
3342297,3342529
3342529,3342541
3342541,3342561
3342561,3342577
3342577,3342685
3342685,3342710
3342710,3342851
3342851,3342979
3342979,3342989
3342989,3343035
3343035,3343051
3343051,3343255
3343255,3343260
3343260,3343388
3343388,3343412
3343412,3343834
3343834,3343880
3343880,3343929
3343929,3343979
3343979,3343985
3343985,3344042
3344042,3344069
3344069,3344094
3344094,3344131
3344131,3344141
3344141,3344152
3344152,3344175
3344175,3344189
3344189,3344190
3344190,3344197
3344197,3344209
3344209,3344297
3344297,3344448
3344448,3344484
3344484,3344548
3344548,3344557
3344557,3344564
3344564,3344572
3344572,3344617
3344617,3344619
3344619,3344631
3344631,3344766
3344766,3344783
3344783,3345115
3345115,3345212
3345212,3345260
3345260,3345353
3345353,3345548
3345548,3345621
3345621,3345777
3345777,3345783
3345783,3345947
3345947,3346251
3346251,3346507
3346507,3346607
3346607,3346833
3346833,3347144
3347144,3347248
3347248,3347574
3347574,3347605
3347605,3347668
3347668,3347676
3347676,3347723
3347723,3347755
3347755,3347757
3347757,3347763
3347763,3347791
3347791,3347806
3347806,3347862
3347862,3347915
3347915,3348242
3348242,3348529
3348529,3348549
3348549,3348554
3348554,3348612
3348612,3348660
3348660,3348680
3348680,3348864
3348864,3348978
3348978,3349068
3349068,3349104
3349104,3349166
3349166,3349182
3349182,3349255
3349255,3349356
3349356,3349412
3349412,3349433
3349433,3349494
3349494,3349546
3349546,3349554
3349554,3349605
3349605,3349637
3349637,3349739
3349739,3350058
3350058,3350104
3350104,3350218
3350218,3350319
3350319,3350406
3350406,3350433
3350433,3350493
3350493,3350554
3350554,3350620
3350620,3350624
3350624,3350628
3350628,3350794
3350794,3350855
3350855,3350910
3350910,3350924
3350924,3350929
3350929,3350970
3350970,3350983
3350983,3351371
3351371,3351498
3351498,3351501
3351501,3351590
3351590,3351695
3351695,3351837
3351837,3351946
3351946,3352061
3352061,3352635
3352635,3352680
3352680,3352711
3352711,3352755
3352755,3352796
3352796,3352852
3352852,3352871
3352871,3352878
3352878,3353130
3353130,3353188
3353188,3353219
3353219,3353380
3353380,3353469
3353469,3353531
3353531,3353639
3353639,3353641
3353641,3353686
3353686,3353706
3353706,3353735
3353735,3353762
3353762,3353807
3353807,3353828
3353828,3353863
3353863,3353874
3353874,3353886
3353886,3353905
3353905,3353926
3353926,3353928
3353928,3353945
3353945,3353946
3353946,3353970
3353970,3354036
3354036,3354043
3354043,3354055
3354055,3354080
3354080,3354086
3354086,3354126
3354126,3354138
3354138,3354487
3354487,3354521
3354521,3354735
3354735,3354861
3354861,3355160
3355160,3355177
3355177,3355184
3355184,3355196
3355196,3355244
3355244,3355375
3355375,3355419
3355419,3355507
3355507,3355568
3355568,3355670
3355670,3355718
3355718,3355736
3355736,3355854
3355854,3355982
3355982,3356015
3356015,3356034
3356034,3356081
3356081,3356094
3356094,3356097
3356097,3356136
3356136,3356180
3356180,3356222
3356222,3356270
3356270,3356304
3356304,3356337
3356337,3356341
3356341,3356440
3356440,3356448
3356448,3356490
3356490,3356505
3356505,3356532
3356532,3356597
3356597,3356693
3356693,3356763
3356763,3356781
3356781,3356811
3356811,3356877
3356877,3357034
3357034,3357080
3357080,3357095
3357095,3357143
3357143,3357157
3357157,3357163
3357163,3357170
3357170,3357172
3357172,3357175
3357175,3357210
3357210,3357214
3357214,3357238
3357238,3357291
3357291,3357295
3357295,3357300
3357300,3357306
3357306,3357307
3357307,3357576
3357576,3357609
3357609,3357621
3357621,3357625
3357625,3357630
3357630,3357639
3357639,3357680
3357680,3357689
3357689,3357704
3357704,3357719
3357719,3357746
3357746,3357823
3357823,3358133
3358133,3358227
3358227,3358385
3358385,3358431
3358431,3358469
3358469,3358481
3358481,3358578
3358578,3358803
3358803,3358816
3358816,3359064
3359064,3359065
3359065,3359100
3359100,3359202
3359202,3359235
3359235,3359258
3359258,3359300
3359300,3359317
3359317,3359353
3359353,3359372
3359372,3359415
3359415,3359510
3359510,3359533
3359533,3359554
3359554,3359608
3359608,3359661
3359661,3359673
3359673,3359753
3359753,3359786
3359786,3359918
3359918,3359931
3359931,3359956
3359956,3359969
3359969,3360000
3360000,3360081
3360081,3360126
3360126,3360147
3360147,3360151
3360151,3360156
3360156,3360163
3360163,3360185
3360185,3360204
3360204,3360215
3360215,3360216
3360216,3360221
3360221,3360247
3360247,3360248
3360248,3360307
3360307,3360316
3360316,3360319
3360319,3360320
3360320,3360326
3360326,3360328
3360328,3360329
3360329,3360331
3360331,3360332
3360332,3360674
3360674,3360801
3360801,3360911
3360911,3360929
3360929,3360996
3360996,3361010
3361010,3361096
3361096,3361116
3361116,3361186
3361186,3361233
3361233,3361237
3361237,3361247
3361247,3361287
3361287,3361311
3361311,3361433
3361433,3361442
3361442,3361502
3361502,3361505
3361505,3361599
3361599,3361672
3361672,3361724
3361724,3361775
3361775,3361803
3361803,3361849
3361849,3361898
3361898,3361907
3361907,3361912
3361912,3361939
3361939,3361969
3361969,3361975
3361975,3362093
3362093,3362104
3362104,3362193
3362193,3362211
3362211,3362219
3362219,3362266
3362266,3362301
3362301,3362320
3362320,3362332
3362332,3362432
3362432,3362466
3362466,3362490
3362490,3362512
3362512,3362523
3362523,3362524
3362524,3362537
3362537,3362556
3362556,3362575
3362575,3362660
3362660,3362677
3362677,3362679
3362679,3362725
3362725,3362757
3362757,3362825
3362825,3362829
3362829,3362874
3362874,3362939
3362939,3362949
3362949,3362954
3362954,3363005
3363005,3363015
3363015,3363019
3363019,3363024
3363024,3363027
3363027,3363030
3363030,3363035
3363035,3363091
3363091,3363096
3363096,3363109
3363109,3363125
3363125,3363127
3363127,3363128
3363128,3363141
3363141,3363142
3363142,3363148
3363148,3363152
3363152,3363162
3363162,3363171
3363171,3363198
3363198,3363223
3363223,3363224
3363224,3363227
3363227,3363253
3363253,3363254
3363254,3363259
3363259,3363270
3363270,3363271
3363271,3363273
3363273,3363275
3363275,3363276
3363276,3363282
3363282,3363287
3363287,3363440
3363440,3363698
3363698,3363700
3363700,3363826
3363826,3363918
3363918,3363926
3363926,3363983
3363983,3364007
3364007,3364013
3364013,3364028
3364028,3364043
3364043,3364047
3364047,3364074
3364074,3364132
3364132,3364284
3364284,3364397
3364397,3364437
3364437,3364531
3364531,3364575
3364575,3364591
3364591,3364617
3364617,3364629
3364629,3364651
3364651,3364712
3364712,3364754
3364754,3364878
3364878,3364965
3364965,3365075
3365075,3365095
3365095,3365104
3365104,3365118
3365118,3365239
3365239,3365326
3365326,3365331
3365331,3365384
3365384,3365400
3365400,3365407
3365407,3365439
3365439,3365442
3365442,3365457
3365457,3365460
3365460,3365462
3365462,3365476
3365476,3365491
3365491,3365531
3365531,3365565
3365565,3365577
3365577,3365615
3365615,3365902
3365902,3365927
3365927,3366000
3366000,3366001
3366001,3366002
3366002,3366003
3366003,3366065
3366065,3366095
3366095,3366102
3366102,3366117
3366117,3366131
3366131,3366140
3366140,3366142
3366142,3366145
3366145,3366173
3366173,3366174
3366174,3366190
3366190,3366192
3366192,3366198
3366198,3366231
3366231,3366241
3366241,3366260
3366260,3366269
3366269,3366299
3366299,3366483
3366483,3366493
3366493,3366510
3366510,3366754
3366754,3366764
3366764,3366778
3366778,3366780
3366780,3366787
3366787,3366832
3366832,3366847
3366847,3366908
3366908,3366916
3366916,3366933
3366933,3366964
3366964,3366973
3366973,3367002
3367002,3367104
3367104,3367121
3367121,3367131
3367131,3367162
3367162,3367211
3367211,3367237
3367237,3367243
3367243,3367244
3367244,3367270
3367270,3367305
3367305,3367308
3367308,3367338
3367338,3367361
3367361,3367363
3367363,3367456
3367456,3367562
3367562,3367685
3367685,3368002
3368002,3368047
3368047,3368051
3368051,3368097
3368097,3368098
3368098,3368258
3368258,3368294
3368294,3368346
3368346,3368364
3368364,3368371
3368371,3368401
3368401,3368410
3368410,3368438
3368438,3368471
3368471,3368572
3368572,3368609
3368609,3368688
3368688,3368739
3368739,3368760
3368760,3368958
3368958,3368959
3368959,3369018
3369018,3369059
3369059,3369085
3369085,3369117
3369117,3369118
3369118,3369147
3369147,3369148
3369148,3369150
3369150,3369152
3369152,3369155
3369155,3369160
3369160,3369172
3369172,3369282
3369282,3369313
3369313,3369314
3369314,3369334
3369334,3369344
3369344,3369392
3369392,3369571
3369571,3370160
3370160,3370161
3370161,3370182
3370182,3370255
3370255,3370277
3370277,3370324
3370324,3370567
3370567,3370654
3370654,3370765
3370765,3370885
3370885,3371018
3371018,3371249
3371249,3371313
3371313,3371321
3371321,3371354
3371354,3371365
3371365,3371435
3371435,3371558
3371558,3371740
3371740,3371777
3371777,3371806
3371806,3371849
3371849,3371894
3371894,3371923
3371923,3371936
3371936,3371989
3371989,3372014
3372014,3372044
3372044,3372064
3372064,3372085
3372085,3372086
3372086,3372087
3372087,3372090
3372090,3372096
3372096,3372106
3372106,3372114
3372114,3372120
3372120,3372122
3372122,3372165
3372165,3372602
3372602,3372671
3372671,3372865
3372865,3373013
3373013,3373016
3373016,3373033
3373033,3373081
3373081,3373200
3373200,3373201
3373201,3373226
3373226,3373251
3373251,3373275
3373275,3373494
3373494,3373553
3373553,3373645
3373645,3373663
3373663,3373682
3373682,3373792
3373792,3373813
3373813,3373837
3373837,3373840
3373840,3373859
3373859,3373868
3373868,3373888
3373888,3374143
3374143,3374164
3374164,3374165
3374165,3374175
3374175,3374212
3374212,3374218
3374218,3374220
3374220,3374276
3374276,3374299
3374299,3374510
3374510,3374562
3374562,3374576
3374576,3374637
3374637,3374654
3374654,3374671
3374671,3374693
3374693,3374699
3374699,3374717
3374717,3374731
3374731,3374737
3374737,3374738
3374738,3374740
3374740,3374751
3374751,3374753
3374753,3374768
3374768,3374774
3374774,3374815
3374815,3374816
3374816,3374851
3374851,3374861
3374861,3374863
3374863,3374950
3374950,3374958
3374958,3374965
3374965,3374966
3374966,3374984
3374984,3375139
3375139,3375140
3375140,3375363
3375363,3375609
3375609,3375647
3375647,3375713
3375713,3375730
3375730,3375828
3375828,3376163
3376163,3376249
3376249,3376349
3376349,3376406
3376406,3376454
3376454,3376504
3376504,3376901
3376901,3377091
3377091,3377152
3377152,3377240
3377240,3377252
3377252,3377274
3377274,3377303
3377303,3377354
3377354,3377457
3377457,3377555
3377555,3377879
3377879,3377892
3377892,3377917
3377917,3377934
3377934,3377939
3377939,3377943
3377943,3377946
3377946,3377960
3377960,3377961
3377961,3377969
3377969,3377975
3377975,3377980
3377980,3377985
3377985,3377998
3377998,3378002
3378002,3378058
3378058,3378072
3378072,3378077
3378077,3378096
3378096,3378261
3378261,3378343
3378343,3378504
3378504,3378674
3378674,3378681
3378681,3378725
3378725,3378785
3378785,3378821
3378821,3378861
3378861,3378892
3378892,3378895
3378895,3378967
3378967,3379009
3379009,3379122
3379122,3379140
3379140,3379321
3379321,3379481
3379481,3379505
3379505,3379540
3379540,3379586
3379586,3379610
3379610,3379619
3379619,3379628
3379628,3379679
3379679,3379740
3379740,3379743
3379743,3379760
3379760,3379961
3379961,3380057
3380057,3380101
3380101,3380172
3380172,3380176
3380176,3380186
3380186,3380196
3380196,3380269
3380269,3380305
3380305,3380594
3380594,3380649
3380649,3380735
3380735,3380743
3380743,3380752
3380752,3380756
3380756,3380770
3380770,3380829
3380829,3380859
3380859,3380870
3380870,3380874
3380874,3380877
3380877,3380884
3380884,3380886
3380886,3380906
3380906,3380914
3380914,3380927
3380927,3380961
3380961,3380984
3380984,3381012
3381012,3381015
3381015,3381021
3381021,3381031
3381031,3381044
3381044,3381155
3381155,3381291
3381291,3381464
3381464,3381560
3381560,3381572
3381572,3381758
3381758,3381768
3381768,3381779
3381779,3381793
3381793,3381837
3381837,3381877
3381877,3381937
3381937,3382047
3382047,3382120
3382120,3382128
3382128,3382169
3382169,3382187
3382187,3382190
3382190,3382191
3382191,3382288
3382288,3382333
3382333,3382363
3382363,3382469
3382469,3382523
3382523,3382615
3382615,3382727
3382727,3382733
3382733,3382811
3382811,3382838
3382838,3382899
3382899,3383005
3383005,3383009
3383009,3383083
3383083,3383131
3383131,3383237
3383237,3383240
3383240,3383283
3383283,3383344
3383344,3383368
3383368,3383541
3383541,3383560
3383560,3383563
3383563,3383609
3383609,3383622
3383622,3383626
3383626,3383672
3383672,3383789
3383789,3383855
3383855,3383874
3383874,3383883
3383883,3383898
3383898,3383900
3383900,3383910
3383910,3383918
3383918,3383923
3383923,3383924
3383924,3383939
3383939,3383954
3383954,3383968
3383968,3383969
3383969,3383978
3383978,3383980
3383980,3384217
3384217,3384318
3384318,3384417
3384417,3384438
3384438,3384468
3384468,3384482
3384482,3384490
3384490,3384523
3384523,3384526
3384526,3384540
3384540,3384564
3384564,3384580
3384580,3384585
3384585,3384616
3384616,3384724
3384724,3384835
3384835,3384844
3384844,3384848
3384848,3384866
3384866,3384872
3384872,3384883
3384883,3384887
3384887,3384933
3384933,3384981
3384981,3385015
3385015,3385079
3385079,3385101
3385101,3385128
3385128,3385129
3385129,3385141
3385141,3385193
3385193,3385241
3385241,3385530
3385530,3385595
3385595,3385700
3385700,3385723
3385723,3385863
3385863,3385898
3385898,3385917
3385917,3385930
3385930,3385952
3385952,3385998
3385998,3386017
3386017,3386019
3386019,3386171
3386171,3386176
3386176,3386188
3386188,3386289
3386289,3386311
3386311,3386319
3386319,3386343
3386343,3386354
3386354,3386439
3386439,3386445
3386445,3386446
3386446,3386447
3386447,3386466
3386466,3386561
3386561,3386598
3386598,3386621
3386621,3386628
3386628,3386659
3386659,3386660
3386660,3386673
3386673,3386677
3386677,3386727
3386727,3386737
3386737,3386749
3386749,3386755
3386755,3386770
3386770,3386774
3386774,3386789
3386789,3386813
3386813,3386819
3386819,3386822
3386822,3386823
3386823,3386824
3386824,3386850
3386850,3386905
3386905,3386907
3386907,3386912
3386912,3386915
3386915,3386923
3386923,3386939
3386939,3386941
3386941,3386945
3386945,3386948
3386948,3387006
3387006,3387023
3387023,3387036
3387036,3387111
3387111,3387131
3387131,3387135
3387135,3387189
3387189,3387237
3387237,3387306
3387306,3387398
3387398,3387473
3387473,3387484
3387484,3387533
3387533,3387611
3387611,3387622
3387622,3387655
3387655,3387675
3387675,3387768
3387768,3387774
3387774,3387801
3387801,3387832
3387832,3387840
3387840,3387850
3387850,3387854
3387854,3387870
3387870,3387872
3387872,3387881
3387881,3387884
3387884,3387886
3387886,3387902
3387902,3387983
3387983,3388056
3388056,3388114
3388114,3388187
3388187,3388319
3388319,3388370
3388370,3388419
3388419,3388696
3388696,3388751
3388751,3388887
3388887,3388986
3388986,3389042
3389042,3389085
3389085,3389108
3389108,3389116
3389116,3389144
3389144,3389273
3389273,3389400
3389400,3389403
3389403,3389415
3389415,3389452
3389452,3389472
3389472,3389493
3389493,3389499
3389499,3389515
3389515,3389533
3389533,3389538
3389538,3389542
3389542,3389545
3389545,3389584
3389584,3389586
3389586,3389643
3389643,3389664
3389664,3389687
3389687,3389701
3389701,3389728
3389728,3389731
3389731,3389732
3389732,3389769
3389769,3389776
3389776,3389806
3389806,3389854
3389854,3389875
3389875,3389934
3389934,3389952
3389952,3389953
3389953,3389954
3389954,3389957
3389957,3389987
3389987,3390307
3390307,3390485
3390485,3390494
3390494,3390541
3390541,3390567
3390567,3390616
3390616,3390634
3390634,3390801
3390801,3390820
3390820,3390889
3390889,3390895
3390895,3390940
3390940,3390953
3390953,3391019
3391019,3391056
3391056,3391065
3391065,3391084
3391084,3391101
3391101,3391112
3391112,3391116
3391116,3391201
3391201,3391213
3391213,3391220
3391220,3391229
3391229,3391235
3391235,3391258
3391258,3391324
3391324,3391349
3391349,3391458
3391458,3391484
3391484,3391499
3391499,3391509
3391509,3391586
3391586,3391696
3391696,3392012
3392012,3392285
3392285,3392293
3392293,3392461
3392461,3392477
3392477,3392622
3392622,3392627
3392627,3392631
3392631,3392653
3392653,3392671
3392671,3392676
3392676,3392677
3392677,3392703
3392703,3392712
3392712,3392718
3392718,3392824
3392824,3392839
3392839,3392856
3392856,3392872
3392872,3392880
3392880,3392910
3392910,3392947
3392947,3393367
3393367,3393401
3393401,3393437
3393437,3393727
3393727,3393740
3393740,3393742
3393742,3393745
3393745,3393784
3393784,3393808
3393808,3393830
3393830,3393846
3393846,3393903
3393903,3393940
3393940,3393960
3393960,3393983
3393983,3394043
3394043,3394047
3394047,3394070
3394070,3394071
3394071,3394329
3394329,3394377
3394377,3394480
3394480,3394493
3394493,3394563
3394563,3394572
3394572,3394593
3394593,3394848
3394848,3394876
3394876,3394920
3394920,3394997
3394997,3395059
3395059,3395086
3395086,3395095
3395095,3395113
3395113,3395143
3395143,3395163
3395163,3395181
3395181,3395182
3395182,3395221
3395221,3395247
3395247,3395251
3395251,3395274
3395274,3395304
3395304,3395385
3395385,3395414
3395414,3395633
3395633,3395638
3395638,3395640
3395640,3395656
3395656,3395662
3395662,3395686
3395686,3395691
3395691,3395693
3395693,3395721
3395721,3395722
3395722,3395724
3395724,3395725
3395725,3395785
3395785,3395824
3395824,3395830
3395830,3395836
3395836,3395848
3395848,3395866
3395866,3395880
3395880,3395888
3395888,3395902
3395902,3395907
3395907,3395929
3395929,3395952
3395952,3395956
3395956,3395959
3395959,3395971
3395971,3395985
3395985,3395988
3395988,3396208
3396208,3396266
3396266,3396394
3396394,3396434
3396434,3396461
3396461,3396504
3396504,3396545
3396545,3396604
3396604,3396644
3396644,3396664
3396664,3396699
3396699,3396714
3396714,3396839
3396839,3396929
3396929,3396940
3396940,3396954
3396954,3396998
3396998,3397018
3397018,3397028
3397028,3397055
3397055,3397058
3397058,3397096
3397096,3397129
3397129,3397133
3397133,3397136
3397136,3397182
3397182,3397233
3397233,3397258
3397258,3397259
3397259,3397420
3397420,3397483
3397483,3397574
3397574,3397660
3397660,3397736
3397736,3397741
3397741,3397756
3397756,3397907
3397907,3397944
3397944,3397958
3397958,3397960
3397960,3397982
3397982,3398046
3398046,3398078
3398078,3398109
3398109,3398110
3398110,3398128
3398128,3398147
3398147,3398186
3398186,3398198
3398198,3398201
3398201,3398216
3398216,3398222
3398222,3398224
3398224,3398262
3398262,3398340
3398340,3398390
3398390,3398516
3398516,3398546
3398546,3398653
3398653,3398684
3398684,3398736
3398736,3398760
3398760,3398797
3398797,3398812
3398812,3398827
3398827,3398861
3398861,3398900
3398900,3398905
3398905,3398916
3398916,3398919
3398919,3398959
3398959,3398977
3398977,3399002
3399002,3399155
3399155,3399260
3399260,3399262
3399262,3399302
3399302,3399316
3399316,3399371
3399371,3399384
3399384,3399390
3399390,3399402
3399402,3399404
3399404,3399412
3399412,3399439
3399439,3399665
3399665,3399695
3399695,3399701
3399701,3399703
3399703,3399710
3399710,3399712
3399712,3399713
3399713,3399772
3399772,3399806
3399806,3399816
3399816,3399832
3399832,3399833
3399833,3399836
3399836,3399851
3399851,3399852
3399852,3399862
3399862,3399894
3399894,3399914
3399914,3399949
3399949,3400029
3400029,3400034
3400034,3400053
3400053,3400058
3400058,3400154
3400154,3400155
3400155,3400295
3400295,3400339
3400339,3400361
3400361,3400362
3400362,3400365
3400365,3400391
3400391,3400393
3400393,3400507
3400507,3400511
3400511,3400570
3400570,3400583
3400583,3400620
3400620,3400695
3400695,3400710
3400710,3400716
3400716,3400717
3400717,3400762
3400762,3400777
3400777,3400886
3400886,3400931
3400931,3400935
3400935,3400984
3400984,3401000
3401000,3401029
3401029,3401093
3401093,3401099
3401099,3401107
3401107,3401120
3401120,3401134
3401134,3401165
3401165,3401180
3401180,3401187
3401187,3401244
3401244,3401253
3401253,3401317
3401317,3401322
3401322,3401352
3401352,3401370
3401370,3401389
3401389,3401392
3401392,3401415
3401415,3401427
3401427,3401432
3401432,3401439
3401439,3401440
3401440,3401452
3401452,3401571
3401571,3401594
3401594,3401616
3401616,3401628
3401628,3401645
3401645,3401646
3401646,3401657
3401657,3401689
3401689,3401697
3401697,3401703
3401703,3401707
3401707,3401722
3401722,3401745
3401745,3401794
3401794,3401795
3401795,3401818
3401818,3401911
3401911,3401956
3401956,3401965
3401965,3401986
3401986,3401989
3401989,3401990
3401990,3401999
3401999,3402000
3402000,3402015
3402015,3402028
3402028,3402052
3402052,3402154
3402154,3402203
3402203,3402210
3402210,3402323
3402323,3402413
3402413,3402448
3402448,3402520
3402520,3402538
3402538,3402540
3402540,3402564
3402564,3402570
3402570,3402615
3402615,3402616
3402616,3402696
3402696,3402711
3402711,3402753
3402753,3402785
3402785,3402837
3402837,3402852
3402852,3402860
3402860,3402917
3402917,3402978
3402978,3403019
3403019,3403226
3403226,3403232
3403232,3403245
3403245,3403276
3403276,3403287
3403287,3403309
3403309,3403395
3403395,3403408
3403408,3403554
3403554,3403593
3403593,3403644
3403644,3403659
3403659,3403774
3403774,3403832
3403832,3403862
3403862,3403882
3403882,3403910
3403910,3403924
3403924,3403958
3403958,3403970
3403970,3403972
3403972,3404050
3404050,3404071
3404071,3404086
3404086,3404098
3404098,3404114
3404114,3404182
3404182,3404190
3404190,3404205
3404205,3404235
3404235,3404238
3404238,3404244
3404244,3404280
3404280,3404302
3404302,3404311
3404311,3404438
3404438,3404512
3404512,3404558
3404558,3404589
3404589,3404614
3404614,3404627
3404627,3404643
3404643,3404651
3404651,3404670
3404670,3404719
3404719,3404746
3404746,3404747
3404747,3404752
3404752,3404826
3404826,3404880
3404880,3404901
3404901,3404918
3404918,3404925
3404925,3404926
3404926,3404930
3404930,3404986
3404986,3404990
3404990,3405023
3405023,3405032
3405032,3405055
3405055,3405065
3405065,3405110
3405110,3405113
3405113,3405134
3405134,3405146
3405146,3405318
3405318,3405333
3405333,3405362
3405362,3405588
3405588,3405665
3405665,3405693
3405693,3405708
3405708,3405735
3405735,3406026
3406026,3406055
3406055,3406103
3406103,3406169
3406169,3406183
3406183,3406185
3406185,3406197
3406197,3406202
3406202,3406215
3406215,3406248
3406248,3406284
3406284,3406295
3406295,3406331
3406331,3406335
3406335,3406339
3406339,3406362
3406362,3406405
3406405,3406459
3406459,3406609
3406609,3406615
3406615,3406641
3406641,3406666
3406666,3406724
3406724,3406744
3406744,3406773
3406773,3406786
3406786,3406792
3406792,3406821
3406821,3406835
3406835,3406895
3406895,3406906
3406906,3406960
3406960,3407035
3407035,3407110
3407110,3407175
3407175,3407202
3407202,3407204
3407204,3407238
3407238,3407323
3407323,3407332
3407332,3407355
3407355,3407364
3407364,3407401
3407401,3407407
3407407,3407633
3407633,3407695
3407695,3407711
3407711,3407753
3407753,3407782
3407782,3407786
3407786,3407879
3407879,3407887
3407887,3407899
3407899,3407904
3407904,3407930
3407930,3407949
3407949,3407958
3407958,3407964
3407964,3407973
3407973,3407988
3407988,3408002
3408002,3408030
3408030,3408058
3408058,3408066
3408066,3408090
3408090,3408137
3408137,3408139
3408139,3408160
3408160,3408178
3408178,3408183
3408183,3408185
3408185,3408187
3408187,3408195
3408195,3408361
3408361,3408521
3408521,3408643
3408643,3408706
3408706,3409019
3409019,3409143
3409143,3409144
3409144,3409507
3409507,3409576
3409576,3409577
3409577,3409726
3409726,3409753
3409753,3409840
3409840,3409871
3409871,3409872
3409872,3410284
3410284,3410316
3410316,3410347
3410347,3410364
3410364,3410477
3410477,3410620
3410620,3410625
3410625,3410642
3410642,3410652
3410652,3410679
3410679,3410773
3410773,3410868
3410868,3410894
3410894,3410936
3410936,3411034
3411034,3411043
3411043,3411091
3411091,3411147
3411147,3411246
3411246,3411278
3411278,3411293
3411293,3411295
3411295,3411302
3411302,3411305
3411305,3411323
3411323,3411328
3411328,3411343
3411343,3411359
3411359,3411369
3411369,3411406
3411406,3411411
3411411,3411415
3411415,3411418
3411418,3411423
3411423,3411427
3411427,3411430
3411430,3411432
3411432,3411438
3411438,3411447
3411447,3411457
3411457,3411462
3411462,3411532
3411532,3411540
3411540,3411565
3411565,3411771
3411771,3411808
3411808,3412012
3412012,3412026
3412026,3412072
3412072,3412170
3412170,3412378
3412378,3412494
3412494,3412510
3412510,3412514
3412514,3412613
3412613,3412658
3412658,3412669
3412669,3412821
3412821,3412895
3412895,3412899
3412899,3412954
3412954,3412988
3412988,3413045
3413045,3413068
3413068,3413128
3413128,3413154
3413154,3413173
3413173,3413183
3413183,3413190
3413190,3413250
3413250,3413291
3413291,3413410
3413410,3413456
3413456,3413608
3413608,3413609
3413609,3413638
3413638,3413647
3413647,3413750
3413750,3413763
3413763,3413977
3413977,3413979
3413979,3414065
3414065,3414163
3414163,3414180
3414180,3414205
3414205,3414230
3414230,3414275
3414275,3414327
3414327,3414506
3414506,3414517
3414517,3414521
3414521,3414576
3414576,3414590
3414590,3414609
3414609,3414686
3414686,3414714
3414714,3414726
3414726,3414734
3414734,3414754
3414754,3415004
3415004,3415093
3415093,3415420
3415420,3415425
3415425,3415433
3415433,3415471
3415471,3415715
3415715,3415880
3415880,3415896
3415896,3415959
3415959,3415997
3415997,3416075
3416075,3416147
3416147,3416163
3416163,3416186
3416186,3416275
3416275,3416580
3416580,3416737
3416737,3416758
3416758,3416917
3416917,3416944
3416944,3417067
3417067,3417087
3417087,3417383
3417383,3417451
3417451,3417611
3417611,3417616
3417616,3417622
3417622,3417679
3417679,3417807
3417807,3417812
3417812,3418007
3418007,3418040
3418040,3418045
3418045,3418097
3418097,3418129
3418129,3418182
3418182,3418187
3418187,3418479
3418479,3418499
3418499,3418662
3418662,3418737
3418737,3418787
3418787,3418868
3418868,3418978
3418978,3419110
3419110,3419198
3419198,3419407
3419407,3419585
3419585,3419644
3419644,3419657
3419657,3419710
3419710,3419841
3419841,3419958
3419958,3420026
3420026,3420052
3420052,3420085
3420085,3420102
3420102,3420158
3420158,3420186
3420186,3420212
3420212,3420261
3420261,3420312
3420312,3420363
3420363,3420628
3420628,3420706
3420706,3420720
3420720,3420737
3420737,3420749
3420749,3420775
3420775,3420951
3420951,3420969
3420969,3421078
3421078,3421083
3421083,3421093
3421093,3421104
3421104,3421116
3421116,3421175
3421175,3421356
3421356,3421453
3421453,3421561
3421561,3422313
3422313,3422757
3422757,3422788
3422788,3422838
3422838,3422911
3422911,3423164
3423164,3423323
3423323,3423384
3423384,3423679
3423679,3423683
3423683,3423704
3423704,3423739
3423739,3423755
3423755,3423780
3423780,3423783
3423783,3423801
3423801,3423829
3423829,3423834
3423834,3423851
3423851,3423860
3423860,3423936
3423936,3424005
3424005,3424172
3424172,3424189
3424189,3424333
3424333,3424650
3424650,3424853
3424853,3424859
3424859,3424920
3424920,3424925
3424925,3424928
3424928,3424943
3424943,3424976
3424976,3424990
3424990,3425087
3425087,3425148
3425148,3425155
3425155,3425185
3425185,3425191
3425191,3425192
3425192,3425195
3425195,3425199
3425199,3425202
3425202,3425216
3425216,3425418
3425418,3425753
3425753,3425775
3425775,3425803
3425803,3425816
3425816,3426024
3426024,3426214
3426214,3426218
3426218,3426222
3426222,3426250
3426250,3426315
3426315,3426319
3426319,3426366
3426366,3426408
3426408,3426455
3426455,3426458
3426458,3426505
3426505,3426586
3426586,3426603
3426603,3426692
3426692,3426699
3426699,3426718
3426718,3426747
3426747,3426858
3426858,3426920
3426920,3426993
3426993,3427013
3427013,3427026
3427026,3427172
3427172,3427325
3427325,3427336
3427336,3427345
3427345,3427380
3427380,3427446
3427446,3427494
3427494,3427590
3427590,3427603
3427603,3427646
3427646,3427955
3427955,3428035
3428035,3428058
3428058,3428206
3428206,3428286
3428286,3428293
3428293,3428328
3428328,3428334
3428334,3428397
3428397,3428403
3428403,3428407
3428407,3428460
3428460,3428488
3428488,3428566
3428566,3428780
3428780,3428857
3428857,3428979
3428979,3429005
3429005,3429041
3429041,3429099
3429099,3429107
3429107,3429334
3429334,3429335
3429335,3429409
3429409,3429458
3429458,3429462
3429462,3429499
3429499,3429520
3429520,3429859
3429859,3429982
3429982,3429985
3429985,3430079
3430079,3430117
3430117,3430174
3430174,3430388
3430388,3430453
3430453,3430462
3430462,3430540
3430540,3430584
3430584,3430670
3430670,3430718
3430718,3430725
3430725,3430726
3430726,3430755
3430755,3430756
3430756,3430810
3430810,3430874
3430874,3431165
3431165,3431237
3431237,3431281
3431281,3431305
3431305,3431325
3431325,3431378
3431378,3431403
3431403,3431419
3431419,3431423
3431423,3431449
3431449,3431464
3431464,3431515
3431515,3431546
3431546,3431629
3431629,3431749
3431749,3431771
3431771,3431916
3431916,3431936
3431936,3432141
3432141,3432193
3432193,3432364
3432364,3432535
3432535,3432572
3432572,3432679
3432679,3432792
3432792,3432810
3432810,3433172
3433172,3433178
3433178,3433207
3433207,3433208
3433208,3433214
3433214,3433228
3433228,3433259
3433259,3433348
3433348,3433355
3433355,3433372
3433372,3433374
3433374,3433535
3433535,3433542
3433542,3433544
3433544,3433571
3433571,3433607
3433607,3433608
3433608,3433628
3433628,3433641
3433641,3433899
3433899,3433934
3433934,3434072
3434072,3434096
3434096,3434202
3434202,3434225
3434225,3434266
3434266,3434421
3434421,3434462
3434462,3434494
3434494,3434660
3434660,3434892
3434892,3434918
3434918,3435311
3435311,3435460
3435460,3435488
3435488,3435502
3435502,3435524
3435524,3435558
3435558,3435658
3435658,3435926
3435926,3435941
3435941,3436075
3436075,3436105
3436105,3436204
3436204,3436213
3436213,3436282
3436282,3436337
3436337,3436374
3436374,3436394
3436394,3436485
3436485,3436529
3436529,3436713
3436713,3436724
3436724,3436934
3436934,3436946
3436946,3436974
3436974,3437065
3437065,3437087
3437087,3437115
3437115,3437141
3437141,3437157
3437157,3437252
3437252,3437257
3437257,3437327
3437327,3437330
3437330,3437333
3437333,3437344
3437344,3437346
3437346,3437375
3437375,3437447
3437447,3437487
3437487,3437497
3437497,3437500
3437500,3437771
3437771,3437786
3437786,3437789
3437789,3437873
3437873,3438151
3438151,3438269
3438269,3438285
3438285,3438324
3438324,3438342
3438342,3438377
3438377,3438636
3438636,3438697
3438697,3438943
3438943,3438980
3438980,3439088
3439088,3439163
3439163,3439233
3439233,3439261
3439261,3439404
3439404,3439471
3439471,3439478
3439478,3439566
3439566,3439623
3439623,3439665
3439665,3439706
3439706,3439725
3439725,3439830
3439830,3439839
3439839,3439983
3439983,3440043
3440043,3440066
3440066,3440163
3440163,3440178
3440178,3440186
3440186,3440195
3440195,3440217
3440217,3440289
3440289,3440300
3440300,3440363
3440363,3440366
3440366,3440452
3440452,3440455
3440455,3440463
3440463,3440735
3440735,3440766
3440766,3441003
3441003,3441054
3441054,3441101
3441101,3441215
3441215,3441448
3441448,3441479
3441479,3441480
3441480,3441542
3441542,3441630
3441630,3441742
3441742,3441833
3441833,3441845
3441845,3441889
3441889,3441991
3441991,3442039
3442039,3442574
3442574,3442678
3442678,3442690
3442690,3442768
3442768,3442973
3442973,3443000
3443000,3443010
3443010,3443040
3443040,3443049
3443049,3443088
3443088,3443106
3443106,3443128
3443128,3443129
3443129,3443143
3443143,3443145
3443145,3443147
3443147,3443159
3443159,3443177
3443177,3443207
3443207,3443242
3443242,3443467
3443467,3443547
3443547,3443613
3443613,3443711
3443711,3443772
3443772,3443792
3443792,3443874
3443874,3443924
3443924,3443942
3443942,3444231
3444231,3444460
3444460,3444463
3444463,3444613
3444613,3444645
3444645,3444688
3444688,3444746
3444746,3444761
3444761,3444763
3444763,3444767
3444767,3444789
3444789,3445064
3445064,3445073
3445073,3445188
3445188,3445260
3445260,3445443
3445443,3445474
3445474,3445500
3445500,3445601
3445601,3445806
3445806,3445809
3445809,3445849
3445849,3445881
3445881,3445888
3445888,3445938
3445938,3445942
3445942,3445958
3445958,3445961
3445961,3445962
3445962,3445963
3445963,3445980
3445980,3445998
3445998,3446007
3446007,3446058
3446058,3446137
3446137,3446150
3446150,3446310
3446310,3446325
3446325,3446615
3446615,3446622
3446622,3446835
3446835,3447191
3447191,3447207
3447207,3447564
3447564,3447624
3447624,3447684
3447684,3447995
3447995,3448174
3448174,3448178
3448178,3448212
3448212,3448224
3448224,3448227
3448227,3448240
3448240,3448261
3448261,3448417
3448417,3448437
3448437,3448536
3448536,3448547
3448547,3448554
3448554,3448560
3448560,3448573
3448573,3448583
3448583,3448597
3448597,3448603
3448603,3448656
3448656,3448657
3448657,3448677
3448677,3448716
3448716,3448721
3448721,3448773
3448773,3448865
3448865,3448970
3448970,3449034
3449034,3449054
3449054,3449072
3449072,3449348
3449348,3449358
3449358,3449363
3449363,3449382
3449382,3449404
3449404,3449634
3449634,3449686
3449686,3449743
3449743,3449785
3449785,3449825
3449825,3449864
3449864,3449892
3449892,3449918
3449918,3449921
3449921,3449924
3449924,3449942
3449942,3449959
3449959,3449968
3449968,3449971
3449971,3449985
3449985,3450020
3450020,3450034
3450034,3450035
3450035,3450191
3450191,3450283
3450283,3450316
3450316,3450389
3450389,3450478
3450478,3450507
3450507,3450510
3450510,3450550
3450550,3450580
3450580,3450667
3450667,3450700
3450700,3450725
3450725,3450921
3450921,3450969
3450969,3451008
3451008,3451031
3451031,3451103
3451103,3451104
3451104,3451107
3451107,3451142
3451142,3451149
3451149,3451157
3451157,3451178
3451178,3451179
3451179,3451187
3451187,3451206
3451206,3451207
3451207,3451222
3451222,3451223
3451223,3451238
3451238,3451254
3451254,3451297
3451297,3451601
3451601,3451718
3451718,3451751
3451751,3451761
3451761,3451772
3451772,3451789
3451789,3451803
3451803,3451820
3451820,3451832
3451832,3451855
3451855,3451875
3451875,3451926
3451926,3451990
3451990,3452371
3452371,3452987
3452987,3453150
3453150,3453180
3453180,3453222
3453222,3453227
3453227,3453240
3453240,3453256
3453256,3453286
3453286,3453332
3453332,3453416
3453416,3453468
3453468,3453604
3453604,3453682
3453682,3453710
3453710,3453722
3453722,3453739
3453739,3453752
3453752,3453802
3453802,3453828
3453828,3453839
3453839,3453848
3453848,3453850
3453850,3453861
3453861,3453875
3453875,3453876
3453876,3453902
3453902,3454177
3454177,3454212
3454212,3454317
3454317,3454362
3454362,3454365
3454365,3454497
3454497,3454519
3454519,3454538
3454538,3454629
3454629,3454741
3454741,3454834
3454834,3454850
3454850,3454856
3454856,3454861
3454861,3454985
3454985,3455005
3455005,3455257
3455257,3455282
3455282,3455357
3455357,3455390
3455390,3455503
3455503,3455516
3455516,3455520
3455520,3455671
3455671,3455729
3455729,3455752
3455752,3455877
3455877,3455879
3455879,3455886
3455886,3455911
3455911,3455913
3455913,3455947
3455947,3456001
3456001,3456018
3456018,3456071
3456071,3456077
3456077,3456169
3456169,3456211
3456211,3456238
3456238,3456349
3456349,3456398
3456398,3456433
3456433,3456435
3456435,3456449
3456449,3456467
3456467,3456473
3456473,3456474
3456474,3456478
3456478,3456488
3456488,3456500
3456500,3456501
3456501,3456512
3456512,3456515
3456515,3456566
3456566,3456700
3456700,3456710
3456710,3456738
3456738,3457157
3457157,3457561
3457561,3457602
3457602,3457648
3457648,3457692
3457692,3457865
3457865,3457908
3457908,3457917
3457917,3457931
3457931,3458014
3458014,3458079
3458079,3458137
3458137,3458204
3458204,3458259
3458259,3458276
3458276,3458357
3458357,3458367
3458367,3458439
3458439,3458457
3458457,3458489
3458489,3458495
3458495,3458548
3458548,3458591
3458591,3458698
3458698,3458731
3458731,3458762
3458762,3458787
3458787,3458799
3458799,3459028
3459028,3459127
3459127,3459145
3459145,3459168
3459168,3459187
3459187,3459194
3459194,3459197
3459197,3459198
3459198,3459413
3459413,3459577
3459577,3459783
3459783,3459881
3459881,3459923
3459923,3460002
3460002,3460125
3460125,3460157
3460157,3460360
3460360,3460389
3460389,3460392
3460392,3460413
3460413,3460429
3460429,3460436
3460436,3460440
3460440,3460613
3460613,3460825
3460825,3460864
3460864,3460881
3460881,3460943
3460943,3461135
3461135,3461166
3461166,3461254
3461254,3461283
3461283,3461323
3461323,3461424
3461424,3461505
3461505,3461531
3461531,3461658
3461658,3461680
3461680,3461700
3461700,3461736
3461736,3461773
3461773,3461777
3461777,3461799
3461799,3461800
3461800,3461826
3461826,3461834
3461834,3461942
3461942,3462053
3462053,3462119
3462119,3462128
3462128,3462285
3462285,3462322
3462322,3462370
3462370,3462525
3462525,3462833
3462833,3462868
3462868,3462879
3462879,3462912
3462912,3463077
3463077,3463231
3463231,3463267
3463267,3463283
3463283,3463316
3463316,3463352
3463352,3463367
3463367,3463467
3463467,3463523
3463523,3463553
3463553,3463868
3463868,3464008
3464008,3464066
3464066,3464181
3464181,3464193
3464193,3464201
3464201,3464206
3464206,3464221
3464221,3464262
3464262,3464298
3464298,3464302
3464302,3464331
3464331,3464338
3464338,3464339
3464339,3464371
3464371,3464429
3464429,3464437
3464437,3464438
3464438,3464439
3464439,3464475
3464475,3464484
3464484,3464512
3464512,3464566
3464566,3464671
3464671,3464888
3464888,3464914
3464914,3465254
3465254,3465266
3465266,3465379
3465379,3465510
3465510,3465520
3465520,3465521
3465521,3465524
3465524,3465532
3465532,3465781
3465781,3465797
3465797,3466059
3466059,3466081
3466081,3466256
3466256,3466303
3466303,3466466
3466466,3466599
3466599,3466619
3466619,3466649
3466649,3466666
3466666,3466667
3466667,3466675
3466675,3466693
3466693,3466704
3466704,3466721
3466721,3466726
3466726,3466750
3466750,3466791
3466791,3466920
3466920,3467009
3467009,3467109
3467109,3467223
3467223,3467498
3467498,3467660
3467660,3467785
3467785,3467790
3467790,3467907
3467907,3468074
3468074,3468097
3468097,3468142
3468142,3468267
3468267,3468378
3468378,3468392
3468392,3468395
3468395,3468484
3468484,3468658
3468658,3468778
3468778,3468810
3468810,3468826
3468826,3469056
3469056,3469136
3469136,3469217
3469217,3469279
3469279,3469283
3469283,3469420
3469420,3469530
3469530,3469547
3469547,3469597
3469597,3469686
3469686,3469718
3469718,3469775
3469775,3469790
3469790,3469793
3469793,3469843
3469843,3469848
3469848,3469850
3469850,3469856
3469856,3469858
3469858,3469863
3469863,3469867
3469867,3469869
3469869,3469874
3469874,3469883
3469883,3470428
3470428,3470434
3470434,3470504
3470504,3470857
3470857,3470913
3470913,3471021
3471021,3471053
3471053,3471056
3471056,3471057
3471057,3471078
3471078,3471289
3471289,3471471
3471471,3471761
3471761,3471897
3471897,3471982
3471982,3472034
3472034,3472066
3472066,3472150
3472150,3472298
3472298,3472485
3472485,3472959
3472959,3473191
3473191,3473197
3473197,3473205
3473205,3473262
3473262,3473475
3473475,3473483
3473483,3473485
3473485,3473531
3473531,3473572
3473572,3473573
3473573,3473575
3473575,3473577
3473577,3473588
3473588,3473590
3473590,3473623
3473623,3473811
3473811,3473870
3473870,3474049
3474049,3474058
3474058,3474070
3474070,3474081
3474081,3474089
3474089,3474092
3474092,3474110
3474110,3474222
3474222,3474245
3474245,3474306
3474306,3474508
3474508,3474589
3474589,3474600
3474600,3474789
3474789,3474888
3474888,3475002
3475002,3475143
3475143,3475150
3475150,3475205
3475205,3475211
3475211,3475225
3475225,3475237
3475237,3475248
3475248,3475252
3475252,3475290
3475290,3475310
3475310,3475350
3475350,3475842
3475842,3475881
3475881,3476000
3476000,3476135
3476135,3476208
3476208,3476279
3476279,3476480
3476480,3476494
3476494,3476555
3476555,3476711
3476711,3476735
3476735,3476780
3476780,3477063
3477063,3477073
3477073,3477117
3477117,3477127
3477127,3477226
3477226,3477269
3477269,3477283
3477283,3477344
3477344,3477386
3477386,3477426
3477426,3477438
3477438,3477517
3477517,3477580
3477580,3477586
3477586,3477659
3477659,3477695
3477695,3477765
3477765,3477802
3477802,3478163
3478163,3478172
3478172,3478295
3478295,3478478
3478478,3478667
3478667,3478740
3478740,3478780
3478780,3478938
3478938,3478964
3478964,3478977
3478977,3479064
3479064,3479122
3479122,3479329
3479329,3479417
3479417,3479538
3479538,3479568
3479568,3479817
3479817,3479890
3479890,3480117
3480117,3480294
3480294,3480322
3480322,3480324
3480324,3480328
3480328,3480330
3480330,3480867
3480867,3481030
3481030,3481115
3481115,3481408
3481408,3481554
3481554,3481614
3481614,3481730
3481730,3481789
3481789,3482047
3482047,3482062
3482062,3482092
3482092,3482194
3482194,3482283
3482283,3482368
3482368,3482499
3482499,3482574
3482574,3482611
3482611,3482659
3482659,3482666
3482666,3482683
3482683,3482687
3482687,3482719
3482719,3482742
3482742,3482820
3482820,3482867
3482867,3482956
3482956,3483080
3483080,3483515
3483515,3483525
3483525,3483580
3483580,3483843
3483843,3483848
3483848,3483981
3483981,3484092
3484092,3484115
3484115,3484378
3484378,3484429
3484429,3484548
3484548,3484623
3484623,3484661
3484661,3484673
3484673,3484687
3484687,3484713
3484713,3484746
3484746,3484870
3484870,3485090
3485090,3485179
3485179,3485327
3485327,3485360
3485360,3485377
3485377,3485410
3485410,3485489
3485489,3485574
3485574,3485594
3485594,3485596
3485596,3485609
3485609,3485651
3485651,3485664
3485664,3485666
3485666,3485677
3485677,3485727
3485727,3485801
3485801,3485973
3485973,3486009
3486009,3486073
3486073,3486111
3486111,3486132
3486132,3486246
3486246,3486261
3486261,3486315
3486315,3486522
3486522,3486603
3486603,3486620
3486620,3486700
3486700,3486718
3486718,3486803
3486803,3486823
3486823,3486914
3486914,3486954
3486954,3486965
3486965,3487021
3487021,3487112
3487112,3487162
3487162,3487253
3487253,3487337
3487337,3487421
3487421,3487520
3487520,3487555
3487555,3487567
3487567,3487571
3487571,3487585
3487585,3487600
3487600,3487610
3487610,3487833
3487833,3487841
3487841,3487860
3487860,3487984
3487984,3488077
3488077,3488118
3488118,3488132
3488132,3488381
3488381,3488391
3488391,3488698
3488698,3488828
3488828,3488904
3488904,3488992
3488992,3489007
3489007,3489012
3489012,3489134
3489134,3489390
3489390,3489531
3489531,3490330
3490330,3490338
3490338,3490414
3490414,3490771
3490771,3490787
3490787,3490824
3490824,3490885
3490885,3491042
3491042,3491157
3491157,3491454
3491454,3491884
3491884,3492116
3492116,3492219
3492219,3492240
3492240,3492245
3492245,3492248
3492248,3492269
3492269,3492306
3492306,3492310
3492310,3492335
3492335,3492544
3492544,3492559
3492559,3492694
3492694,3492782
3492782,3493006
3493006,3493044
3493044,3493212
3493212,3493279
3493279,3493314
3493314,3493321
3493321,3493403
3493403,3493411
3493411,3493416
3493416,3493418
3493418,3493424
3493424,3493475
3493475,3493489
3493489,3493519
3493519,3493522
3493522,3493544
3493544,3493550
3493550,3493660
3493660,3493682
3493682,3493708
3493708,3493839
3493839,3493891
3493891,3494038
3494038,3494074
3494074,3494140
3494140,3494157
3494157,3494170
3494170,3494202
3494202,3494226
3494226,3494271
3494271,3494372
3494372,3494378
3494378,3494405
3494405,3494409
3494409,3494410
3494410,3494413
3494413,3494455
3494455,3494503
3494503,3494560
3494560,3494567
3494567,3494577
3494577,3494590
3494590,3494597
3494597,3494602
3494602,3494615
3494615,3494642
3494642,3494691
3494691,3494772
3494772,3494835
3494835,3494867
3494867,3494913
3494913,3494914
3494914,3494949
3494949,3494979
3494979,3494986
3494986,3495007
3495007,3495033
3495033,3495053
3495053,3495389
3495389,3495448
3495448,3495460
3495460,3495563
3495563,3495828
3495828,3495863
3495863,3495976
3495976,3496077
3496077,3496085
3496085,3496288
3496288,3496429
3496429,3496461
3496461,3496532
3496532,3496552
3496552,3496579
3496579,3496611
3496611,3496647
3496647,3496681
3496681,3496694
3496694,3496717
3496717,3496718
3496718,3496730
3496730,3496956
3496956,3497029
3497029,3497123
3497123,3497213
3497213,3497262
3497262,3497368
3497368,3497391
3497391,3497452
3497452,3497509
3497509,3497541
3497541,3497544
3497544,3497644
3497644,3497681
3497681,3497696
3497696,3497798
3497798,3497847
3497847,3497883
3497883,3497943
3497943,3498031
3498031,3498043
3498043,3498132
3498132,3498150
3498150,3498213
3498213,3498332
3498332,3498355
3498355,3498429
3498429,3498434
3498434,3498451
3498451,3498690
3498690,3498736
3498736,3498881
3498881,3498907
3498907,3498908
3498908,3498931
3498931,3498966
3498966,3498977
3498977,3498981
3498981,3499033
3499033,3499098
3499098,3499165
3499165,3499223
3499223,3499229
3499229,3499326
3499326,3499349
3499349,3499391
3499391,3499409
3499409,3499499
3499499,3499512
3499512,3499550
3499550,3499569
3499569,3499587
3499587,3500193
3500193,3500203
3500203,3500256
3500256,3500276
3500276,3500405
3500405,3500433
3500433,3500441
3500441,3500452
3500452,3500474
3500474,3500544
3500544,3500569
3500569,3500576
3500576,3500672
3500672,3500708
3500708,3500736
3500736,3500864
3500864,3500865
3500865,3500896
3500896,3500903
3500903,3500991
3500991,3501031
3501031,3501538
3501538,3501659
3501659,3501669
3501669,3501790
3501790,3501807
3501807,3501841
3501841,3501892
3501892,3501896
3501896,3501966
3501966,3501983
3501983,3502003
3502003,3502055
3502055,3502365
3502365,3502509
3502509,3502548
3502548,3502592
3502592,3502612
3502612,3502654
3502654,3502707
3502707,3502719
3502719,3502746
3502746,3502750
3502750,3502768
3502768,3502776
3502776,3502790
3502790,3502802
3502802,3502812
3502812,3502841
3502841,3503421
3503421,3503478
3503478,3503538
3503538,3503608
3503608,3503774
3503774,3503849
3503849,3503949
3503949,3504192
3504192,3504202
3504202,3504212
3504212,3504222
3504222,3504239
3504239,3504245
3504245,3504328
3504328,3504511
3504511,3504570
3504570,3504766
3504766,3504778
3504778,3504847
3504847,3504897
3504897,3504987
3504987,3505036
3505036,3505068
3505068,3505157
3505157,3505250
3505250,3505372
3505372,3505560
3505560,3505606
3505606,3505668
3505668,3505721
3505721,3505734
3505734,3505736
3505736,3505740
3505740,3505744
3505744,3505755
3505755,3505830
3505830,3505844
3505844,3505892
3505892,3505907
3505907,3505918
3505918,3506685
3506685,3506761
3506761,3506763
3506763,3506960
3506960,3507210
3507210,3507312
3507312,3507323
3507323,3507369
3507369,3507397
3507397,3507437
3507437,3507443
3507443,3507456
3507456,3507597
3507597,3507758
3507758,3507832
3507832,3507897
3507897,3507908
3507908,3507980
3507980,3508114
3508114,3508155
3508155,3508207
3508207,3508241
3508241,3508294
3508294,3508409
3508409,3508536
3508536,3508555
3508555,3508558
3508558,3508606
3508606,3508621
3508621,3508636
3508636,3508675
3508675,3508708
3508708,3508815
3508815,3508853
3508853,3508945
3508945,3509083
3509083,3509180
3509180,3509230
3509230,3509233
3509233,3509282
3509282,3509298
3509298,3509422
3509422,3509514
3509514,3509622
3509622,3509742
3509742,3509844
3509844,3510005
3510005,3510190
3510190,3510206
3510206,3510297
3510297,3510344
3510344,3510453
3510453,3510455
3510455,3510532
3510532,3510603
3510603,3510617
3510617,3510914
3510914,3511000
3511000,3511021
3511021,3511094
3511094,3511309
3511309,3511353
3511353,3511554
3511554,3511613
3511613,3511626
3511626,3511631
3511631,3511662
3511662,3511709
3511709,3511742
3511742,3511865
3511865,3511931
3511931,3511968
3511968,3512010
3512010,3512187
3512187,3512256
3512256,3512267
3512267,3512271
3512271,3512275
3512275,3512300
3512300,3512323
3512323,3512365
3512365,3512439
3512439,3512456
3512456,3512560
3512560,3512765
3512765,3512787
3512787,3512919
3512919,3512945
3512945,3512966
3512966,3513308
3513308,3513444
3513444,3513508
3513508,3513522
3513522,3513527
3513527,3513528
3513528,3513542
3513542,3513543
3513543,3513569
3513569,3513593
3513593,3513662
3513662,3513930
3513930,3514309
3514309,3514365
3514365,3514674
3514674,3514876
3514876,3515011
3515011,3515019
3515019,3515024
3515024,3515162
3515162,3515167
3515167,3515188
3515188,3515214
3515214,3515231
3515231,3515258
3515258,3515275
3515275,3515321
3515321,3515338
3515338,3515340
3515340,3515348
3515348,3515352
3515352,3515381
3515381,3515382
3515382,3515386
3515386,3515404
3515404,3515437
3515437,3515438
3515438,3515484
3515484,3515485
3515485,3515789
3515789,3515829
3515829,3515907
3515907,3515994
3515994,3516000
3516000,3516098
3516098,3516192
3516192,3516242
3516242,3516250
3516250,3516273
3516273,3516282
3516282,3516330
3516330,3516496
3516496,3516603
3516603,3516788
3516788,3517109
3517109,3517148
3517148,3517191
3517191,3517196
3517196,3517198
3517198,3517210
3517210,3517219
3517219,3517246
3517246,3517255
3517255,3517262
3517262,3517274
3517274,3517308
3517308,3517346
3517346,3517413
3517413,3517498
3517498,3517514
3517514,3517598
3517598,3517613
3517613,3517645
3517645,3517749
3517749,3517757
3517757,3517836
3517836,3517873
3517873,3517895
3517895,3518133
3518133,3518168
3518168,3518180
3518180,3518233
3518233,3518288
3518288,3518330
3518330,3518341
3518341,3518355
3518355,3518371
3518371,3518531
3518531,3518854
3518854,3518894
3518894,3518943
3518943,3518969
3518969,3518972
3518972,3518977
3518977,3519064
3519064,3519180
3519180,3519193
3519193,3519218
3519218,3519244
3519244,3519264
3519264,3519562
3519562,3519617
3519617,3519921
3519921,3520015
3520015,3520064
3520064,3520136
3520136,3520227
3520227,3520244
3520244,3520346
3520346,3520373
3520373,3520422
3520422,3520462
3520462,3520528
3520528,3521385
3521385,3521393
3521393,3521458
3521458,3521518
3521518,3521661
3521661,3521852
3521852,3521913
3521913,3522382
3522382,3522386
3522386,3522455
3522455,3522498
3522498,3522544
3522544,3522600
3522600,3522627
3522627,3522793
3522793,3522885
3522885,3522940
3522940,3522982
3522982,3523058
3523058,3523106
3523106,3523205
3523205,3523207
3523207,3523287
3523287,3523299
3523299,3523470
3523470,3523500
3523500,3523561
3523561,3523623
3523623,3523665
3523665,3523675
3523675,3523728
3523728,3523827
3523827,3523906
3523906,3523923
3523923,3523931
3523931,3523962
3523962,3524007
3524007,3524011
3524011,3524073
3524073,3524098
3524098,3524105
3524105,3524198
3524198,3524200
3524200,3524213
3524213,3524223
3524223,3524224
3524224,3524238
3524238,3524253
3524253,3524256
3524256,3524260
3524260,3524262
3524262,3524269
3524269,3524270
3524270,3524280
3524280,3524284
3524284,3524286
3524286,3524290
3524290,3524293
3524293,3524295
3524295,3524298
3524298,3524313
3524313,3524321
3524321,3524324
3524324,3524523
3524523,3524823
3524823,3525000
3525000,3525104
3525104,3525162
3525162,3525199
3525199,3525401
3525401,3525452
3525452,3525496
3525496,3525505
3525505,3525521
3525521,3525961
3525961,3526260
3526260,3526332
3526332,3526375
3526375,3526472
3526472,3526494
3526494,3526502
3526502,3526503
3526503,3526515
3526515,3526565
3526565,3526619
3526619,3526622
3526622,3526657
3526657,3526662
3526662,3526693
3526693,3526716
3526716,3526796
3526796,3526801
3526801,3526810
3526810,3526838
3526838,3526841
3526841,3526864
3526864,3526866
3526866,3526878
3526878,3526880
3526880,3526888
3526888,3526890
3526890,3526892
3526892,3526921
3526921,3526924
3526924,3526949
3526949,3526959
3526959,3526976
3526976,3526987
3526987,3527011
3527011,3527018
3527018,3527047
3527047,3527052
3527052,3527054
3527054,3527059
3527059,3527060
3527060,3527062
3527062,3527120
3527120,3527149
3527149,3527154
3527154,3527269
3527269,3527337
3527337,3527402
3527402,3527471
3527471,3527520
3527520,3527603
3527603,3527734
3527734,3527774
3527774,3527985
3527985,3528036
3528036,3528051
3528051,3528052
3528052,3528087
3528087,3528090
3528090,3528094
3528094,3528098
3528098,3528109
3528109,3528116
3528116,3528135
3528135,3528136
3528136,3528204
3528204,3528289
3528289,3528346
3528346,3528455
3528455,3528461
3528461,3528474
3528474,3528503
3528503,3528538
3528538,3528547
3528547,3528557
3528557,3528676
3528676,3528749
3528749,3528774
3528774,3528779
3528779,3528805
3528805,3528807
3528807,3528823
3528823,3528842
3528842,3528894
3528894,3528948
3528948,3528954
3528954,3528955
3528955,3528957
3528957,3528985
3528985,3529015
3529015,3529102
3529102,3529126
3529126,3529213
3529213,3529221
3529221,3529266
3529266,3529290
3529290,3529303
3529303,3529351
3529351,3529381
3529381,3529390
3529390,3529419
3529419,3529436
3529436,3529474
3529474,3529496
3529496,3529511
3529511,3529590
3529590,3529629
3529629,3529639
3529639,3529656
3529656,3529657
3529657,3529658
3529658,3529716
3529716,3529730
3529730,3529734
3529734,3529747
3529747,3529761
3529761,3529779
3529779,3529797
3529797,3529812
3529812,3529819
3529819,3529869
3529869,3529872
3529872,3529878
3529878,3529879
3529879,3529966
3529966,3530030
3530030,3530041
3530041,3530045
3530045,3530081
3530081,3530108
3530108,3530116
3530116,3530692
3530692,3530795
3530795,3530817
3530817,3530886
3530886,3530896
3530896,3530933
3530933,3531004
3531004,3531388
3531388,3531485
3531485,3531488
3531488,3531608
3531608,3531646
3531646,3531654
3531654,3531740
3531740,3531761
3531761,3531763
3531763,3531764
3531764,3531765
3531765,3531837
3531837,3531846
3531846,3531851
3531851,3531852
3531852,3531869
3531869,3531897
3531897,3531953
3531953,3532047
3532047,3532057
3532057,3532136
3532136,3532203
3532203,3532226
3532226,3532281
3532281,3532313
3532313,3532383
3532383,3532388
3532388,3532486
3532486,3532503
3532503,3532512
3532512,3532600
3532600,3532607
3532607,3532610
3532610,3532618
3532618,3532623
3532623,3532637
3532637,3532644
3532644,3532672
3532672,3532687
3532687,3532733
3532733,3532738
3532738,3532744
3532744,3532747
3532747,3532748
3532748,3532794
3532794,3532798
3532798,3532823
3532823,3532834
3532834,3533013
3533013,3533108
3533108,3533176
3533176,3533303
3533303,3533311
3533311,3533372
3533372,3533529
3533529,3533539
3533539,3533675
3533675,3533755
3533755,3533791
3533791,3533797
3533797,3533877
3533877,3533937
3533937,3533989
3533989,3534094
3534094,3534382
3534382,3534425
3534425,3534453
3534453,3534461
3534461,3534526
3534526,3534602
3534602,3534722
3534722,3534730
3534730,3534787
3534787,3534805
3534805,3534996
3534996,3535033
3535033,3535110
3535110,3535133
3535133,3535142
3535142,3535160
3535160,3535217
3535217,3535236
3535236,3535250
3535250,3535271
3535271,3535273
3535273,3535277
3535277,3535279
3535279,3535292
3535292,3535293
3535293,3535294
3535294,3535325
3535325,3535332
3535332,3535335
3535335,3535373
3535373,3535420
3535420,3535501
3535501,3535505
3535505,3535524
3535524,3535526
3535526,3535538
3535538,3535541
3535541,3535544
3535544,3535547
3535547,3535552
3535552,3535559
3535559,3535560
3535560,3535568
3535568,3535569
3535569,3535588
3535588,3535592
3535592,3535594
3535594,3535597
3535597,3535598
3535598,3535620
3535620,3535624
3535624,3535633
3535633,3535661
3535661,3535703
3535703,3535718
3535718,3535725
3535725,3535922
3535922,3535945
3535945,3535949
3535949,3535973
3535973,3536063
3536063,3536123
3536123,3536160
3536160,3536177
3536177,3536184
3536184,3536239
3536239,3536242
3536242,3536309
3536309,3536384
3536384,3536497
3536497,3536544
3536544,3536545
3536545,3536580
3536580,3536717
3536717,3536730
3536730,3536825
3536825,3536854
3536854,3536856
3536856,3536862
3536862,3536885
3536885,3536886
3536886,3536901
3536901,3536911
3536911,3536933
3536933,3536972
3536972,3537129
3537129,3537184
3537184,3537215
3537215,3537347
3537347,3537369
3537369,3537388
3537388,3537411
3537411,3537414
3537414,3537415
3537415,3537431
3537431,3537496
3537496,3537539
3537539,3537565
3537565,3537718
3537718,3537743
3537743,3537876
3537876,3537991
3537991,3537997
3537997,3538007
3538007,3538025
3538025,3538077
3538077,3538148
3538148,3538154
3538154,3538159
3538159,3538182
3538182,3538187
3538187,3538188
3538188,3538320
3538320,3538322
3538322,3538324
3538324,3538337
3538337,3538355
3538355,3538389
3538389,3538457
3538457,3538459
3538459,3538461
3538461,3538530
3538530,3538540
3538540,3538553
3538553,3538765
3538765,3538844
3538844,3539002
3539002,3539040
3539040,3539068
3539068,3539238
3539238,3539256
3539256,3539278
3539278,3539326
3539326,3539419
3539419,3539582
3539582,3539592
3539592,3539733
3539733,3539888
3539888,3540063
3540063,3540170
3540170,3540199
3540199,3540265
3540265,3540393
3540393,3540400
3540400,3540420
3540420,3540477
3540477,3540586
3540586,3540609
3540609,3540713
3540713,3540748
3540748,3540902
3540902,3540934
3540934,3540969
3540969,3540978
3540978,3540997
3540997,3541112
3541112,3541117
3541117,3541194
3541194,3541207
3541207,3541276
3541276,3541286
3541286,3541290
3541290,3541296
3541296,3541302
3541302,3541312
3541312,3541316
3541316,3541317
3541317,3541324
3541324,3541325
3541325,3541327
3541327,3541329
3541329,3541330
3541330,3541341
3541341,3541349
3541349,3541353
3541353,3541363
3541363,3541375
3541375,3541387
3541387,3541389
3541389,3541395
3541395,3541396
3541396,3541399
3541399,3541402
3541402,3541403
3541403,3541425
3541425,3541433
3541433,3541436
3541436,3541437
3541437,3541447
3541447,3541475
3541475,3541537
3541537,3541546
3541546,3541871
3541871,3542079
3542079,3542080
3542080,3542167
3542167,3542286
3542286,3542288
3542288,3542600
3542600,3542831
3542831,3542859
3542859,3542909
3542909,3542932
3542932,3542988
3542988,3543095
3543095,3543400
3543400,3543473
3543473,3543553
3543553,3543569
3543569,3543767
3543767,3543838
3543838,3543916
3543916,3543955
3543955,3544045
3544045,3544118
3544118,3544158
3544158,3544196
3544196,3544243
3544243,3544275
3544275,3544294
3544294,3544301
3544301,3544361
3544361,3544372
3544372,3544381
3544381,3544418
3544418,3544440
3544440,3544444
3544444,3544475
3544475,3544484
3544484,3544489
3544489,3544499
3544499,3544528
3544528,3544540
3544540,3544551
3544551,3544584
3544584,3544627
3544627,3544647
3544647,3544670
3544670,3544731
3544731,3544737
3544737,3544756
3544756,3544759
3544759,3544779
3544779,3544939
3544939,3544958
3544958,3544972
3544972,3544980
3544980,3544988
3544988,3545071
3545071,3545077
3545077,3545129
3545129,3545132
3545132,3545147
3545147,3545168
3545168,3545207
3545207,3545355
3545355,3545514
3545514,3545523
3545523,3545631
3545631,3545705
3545705,3545782
3545782,3545811
3545811,3545865
3545865,3545986
3545986,3545988
3545988,3546002
3546002,3546005
3546005,3546060
3546060,3546072
3546072,3546099
3546099,3546122
3546122,3546196
3546196,3546231
3546231,3546294
3546294,3546298
3546298,3546304
3546304,3546305
3546305,3546308
3546308,3546373
3546373,3546544
3546544,3546555
3546555,3546746
3546746,3546758
3546758,3546763
3546763,3546793
3546793,3546951
3546951,3546952
3546952,3546997
3546997,3547025
3547025,3547076
3547076,3547119
3547119,3547154
3547154,3547195
3547195,3547254
3547254,3547284
3547284,3547352
3547352,3547396
3547396,3547429
3547429,3547430
3547430,3547435
3547435,3547485
3547485,3547488
3547488,3547500
3547500,3547504
3547504,3547523
3547523,3547524
3547524,3547525
3547525,3547526
3547526,3547528
3547528,3547529
3547529,3547560
3547560,3547564
3547564,3547572
3547572,3547602
3547602,3547635
3547635,3547777
3547777,3547797
3547797,3547832
3547832,3547931
3547931,3548017
3548017,3548159
3548159,3548210
3548210,3548274
3548274,3548348
3548348,3548478
3548478,3548508
3548508,3548662
3548662,3548711
3548711,3548726
3548726,3548769
3548769,3549028
3549028,3549060
3549060,3549114
3549114,3549131
3549131,3549252
3549252,3549377
3549377,3549484
3549484,3549510
3549510,3549514
3549514,3549519
3549519,3549542
3549542,3549548
3549548,3549707
3549707,3549736
3549736,3549776
3549776,3549784
3549784,3549815
3549815,3549974
3549974,3549985
3549985,3549990
3549990,3550023
3550023,3550037
3550037,3550042
3550042,3550045
3550045,3550063
3550063,3550064
3550064,3550076
3550076,3550101
3550101,3550110
3550110,3550123
3550123,3550194
3550194,3550214
3550214,3550287
3550287,3550334
3550334,3550345
3550345,3550358
3550358,3550368
3550368,3550406
3550406,3550459
3550459,3550481
3550481,3550493
3550493,3550497
3550497,3550551
3550551,3550761
3550761,3550940
3550940,3550944
3550944,3550962
3550962,3550987
3550987,3551214
3551214,3551215
3551215,3551388
3551388,3551467
3551467,3551486
3551486,3551487
3551487,3552048
3552048,3552060
3552060,3552066
3552066,3552081
3552081,3552121
3552121,3552172
3552172,3552183
3552183,3552326
3552326,3552335
3552335,3552433
3552433,3552443
3552443,3552469
3552469,3552585
3552585,3552589
3552589,3552715
3552715,3552822
3552822,3553214
3553214,3553219
3553219,3553252
3553252,3553265
3553265,3553276
3553276,3553300
3553300,3553357
3553357,3553384
3553384,3553402
3553402,3553406
3553406,3553435
3553435,3553456
3553456,3553462
3553462,3553659
3553659,3553745
3553745,3553765
3553765,3553903
3553903,3553986
3553986,3554076
3554076,3554077
3554077,3554137
3554137,3554194
3554194,3554201
3554201,3554217
3554217,3554222
3554222,3554224
3554224,3554260
3554260,3554276
3554276,3554289
3554289,3554297
3554297,3554300
3554300,3554314
3554314,3554328
3554328,3554334
3554334,3554335
3554335,3554342
3554342,3554368
3554368,3554389
3554389,3554480
3554480,3554499
3554499,3554511
3554511,3554515
3554515,3554519
3554519,3554566
3554566,3554577
3554577,3554666
3554666,3554764
3554764,3554868
3554868,3555124
3555124,3555175
3555175,3555291
3555291,3555329
3555329,3555804
3555804,3555810
3555810,3556023
3556023,3556024
3556024,3556062
3556062,3556102
3556102,3556216
3556216,3556311
3556311,3556353
3556353,3556531
3556531,3556570
3556570,3556797
3556797,3556839
3556839,3556955
3556955,3556997
3556997,3557081
3557081,3557159
3557159,3557241
3557241,3557371
3557371,3557376
3557376,3557461
3557461,3557751
3557751,3557774
3557774,3557800
3557800,3557841
3557841,3557851
3557851,3557879
3557879,3557937
3557937,3557964
3557964,3557980
3557980,3557993
3557993,3558264
3558264,3558265
3558265,3558293
3558293,3558311
3558311,3558507
3558507,3558582
3558582,3558599
3558599,3558623
3558623,3558624
3558624,3558680
3558680,3558721
3558721,3558846
3558846,3558858
3558858,3558878
3558878,3558882
3558882,3558888
3558888,3558892
3558892,3558894
3558894,3558906
3558906,3558918
3558918,3558934
3558934,3558935
3558935,3558947
3558947,3558983
3558983,3558992
3558992,3559003
3559003,3559046
3559046,3559285
3559285,3559535
3559535,3559585
3559585,3559589
3559589,3559607
3559607,3559707
3559707,3559714
3559714,3559744
3559744,3559776
3559776,3559938
3559938,3560017
3560017,3560061
3560061,3560477
3560477,3560575
3560575,3560631
3560631,3560718
3560718,3560762
3560762,3560822
3560822,3560834
3560834,3560841
3560841,3560843
3560843,3560855
3560855,3560894
3560894,3560918
3560918,3560978
3560978,3560993
3560993,3561126
3561126,3561200
3561200,3561395
3561395,3561433
3561433,3561493
3561493,3561510
3561510,3561556
3561556,3561561
3561561,3561570
3561570,3561579
3561579,3561599
3561599,3561605
3561605,3561637
3561637,3561642
3561642,3561651
3561651,3561669
3561669,3561994
3561994,3562109
3562109,3562195
3562195,3562247
3562247,3562297
3562297,3562363
3562363,3562880
3562880,3564014
3564014,3564030
3564030,3564112
3564112,3564334
3564334,3564459
3564459,3565143
3565143,3565151
3565151,3565250
3565250,3565579
3565579,3565743
3565743,3565836
3565836,3565864
3565864,3566191
3566191,3566250
3566250,3566521
3566521,3566530
3566530,3566629
3566629,3566685
3566685,3566694
3566694,3566743
3566743,3566802
3566802,3567058
3567058,3567073
3567073,3567085
3567085,3567121
3567121,3567197
3567197,3567213
3567213,3567231
3567231,3567247
3567247,3567268
3567268,3567310
3567310,3567498
3567498,3567541
3567541,3567545
3567545,3567597
3567597,3567766
3567766,3567795
3567795,3567888
3567888,3567895
3567895,3567902
3567902,3567930
3567930,3567958
3567958,3567959
3567959,3567985
3567985,3568029
3568029,3568034
3568034,3568040
3568040,3568047
3568047,3568050
3568050,3568205
3568205,3568231
3568231,3568327
3568327,3568460
3568460,3568744
3568744,3568745
3568745,3568803
3568803,3568835
3568835,3568874
3568874,3568900
3568900,3568915
3568915,3568927
3568927,3568933
3568933,3568997
3568997,3569002
3569002,3569404
3569404,3569458
3569458,3569469
3569469,3569478
3569478,3569529
3569529,3569581
3569581,3569584
3569584,3569589
3569589,3569650
3569650,3569672
3569672,3569874
3569874,3569899
3569899,3569938
3569938,3570013
3570013,3570132
3570132,3570315
3570315,3570322
3570322,3570341
3570341,3570348
3570348,3570507
3570507,3570509
3570509,3570511
3570511,3570563
3570563,3570568
3570568,3570637
3570637,3570669
3570669,3570695
3570695,3570709
3570709,3570723
3570723,3570834
3570834,3571020
3571020,3571025
3571025,3571074
3571074,3571081
3571081,3571094
3571094,3571099
3571099,3571143
3571143,3571199
3571199,3571233
3571233,3571253
3571253,3571264
3571264,3571286
3571286,3571324
3571324,3571332
3571332,3571355
3571355,3571381
3571381,3571429
3571429,3571454
3571454,3571595
3571595,3571622
3571622,3571662
3571662,3571765
3571765,3571886
3571886,3572042
3572042,3572459
3572459,3572479
3572479,3572742
3572742,3572863
3572863,3572899
3572899,3572914
3572914,3572916
3572916,3572927
3572927,3572930
3572930,3572947
3572947,3572964
3572964,3572967
3572967,3573039
3573039,3573074
3573074,3573099
3573099,3573104
3573104,3573112
3573112,3573162
3573162,3573172
3573172,3573236
3573236,3573254
3573254,3573287
3573287,3573305
3573305,3573340
3573340,3573373
3573373,3573591
3573591,3573712
3573712,3573759
3573759,3573781
3573781,3573813
3573813,3573818
3573818,3573836
3573836,3573843
3573843,3573950
3573950,3574052
3574052,3574073
3574073,3574500
3574500,3574547
3574547,3574659
3574659,3574661
3574661,3574795
3574795,3574859
3574859,3574868
3574868,3574958
3574958,3575098
3575098,3575101
3575101,3575124
3575124,3575214
3575214,3575242
3575242,3575392
3575392,3575394
3575394,3575472
3575472,3575572
3575572,3575703
3575703,3575726
3575726,3575731
3575731,3575752
3575752,3575787
3575787,3575817
3575817,3575821
3575821,3575822
3575822,3575852
3575852,3575853
3575853,3575856
3575856,3575875
3575875,3575879
3575879,3575881
3575881,3575883
3575883,3575884
3575884,3575889
3575889,3575890
3575890,3575926
3575926,3576198
3576198,3576228
3576228,3576269
3576269,3576329
3576329,3576340
3576340,3576468
3576468,3576738
3576738,3576771
3576771,3576872
3576872,3577200
3577200,3577245
3577245,3577287
3577287,3577440
3577440,3577595
3577595,3577647
3577647,3577715
3577715,3578050
3578050,3578107
3578107,3578148
3578148,3578277
3578277,3578340
3578340,3578347
3578347,3578394
3578394,3578405
3578405,3578451
3578451,3578471
3578471,3578475
3578475,3578483
3578483,3578486
3578486,3578491
3578491,3578496
3578496,3578506
3578506,3578817
3578817,3578995
3578995,3578997
3578997,3579400
3579400,3579407
3579407,3579576
3579576,3579597
3579597,3580137
3580137,3580202
3580202,3580219
3580219,3580232
3580232,3580348
3580348,3580380
3580380,3580403
3580403,3580417
3580417,3580427
3580427,3580478
3580478,3580544
3580544,3580712
3580712,3580765
3580765,3580776
3580776,3580815
3580815,3580821
3580821,3580907
3580907,3580933
3580933,3580951
3580951,3580992
3580992,3581048
3581048,3581345
3581345,3582082
3582082,3582107
3582107,3582142
3582142,3582175
3582175,3582178
3582178,3582327
3582327,3582338
3582338,3582375
3582375,3582413
3582413,3582602
3582602,3582624
3582624,3582671
3582671,3582738
3582738,3582868
3582868,3582897
3582897,3583101
3583101,3583140
3583140,3583199
3583199,3583229
3583229,3583348
3583348,3583368
3583368,3583406
3583406,3583411
3583411,3583415
3583415,3583417
3583417,3583435
3583435,3583494
3583494,3583644
3583644,3583670
3583670,3583866
3583866,3583914
3583914,3583968
3583968,3584003
3584003,3584153
3584153,3584155
3584155,3584401
3584401,3584460
3584460,3584516
3584516,3584693
3584693,3584706
3584706,3584859
3584859,3584962
3584962,3584985
3584985,3585055
3585055,3585064
3585064,3585345
3000053,3000110
3000110,3000260
3000260,3000377
3000377,3000429
3000429,3000487
3000487,3000513
3000513,3000523
3000523,3000529
3000529,3000601
3000601,3000623
3000623,3000659
3000659,3000664
3000664,3000667
3000667,3000670
3000670,3000704
3000704,3000706
3000706,3000713
3000713,3000742
3000742,3000814
3000814,3000855
3000855,3000943
3000943,3000962
3000962,3001000
3001000,3001053
3001053,3001089
3001089,3001098
3001098,3001111
3001111,3001172
3001172,3001176
3001176,3001232
3001232,3001265
3001265,3001309
3001309,3001318
3001318,3001332
3001332,3001344
3001344,3001346
3001346,3001360
3001360,3001393
3001393,3001457
3001457,3001460
3001460,3001662
3001662,3001764
3001764,3001775
3001775,3001887
3001887,3001924
3001924,3002057
3002057,3002076
3002076,3002165
3002165,3002173
3002173,3002181
3002181,3002231
3002231,3002248
3002248,3002577
3002577,3002693
3002693,3002805
3002805,3003253
3003253,3003254
3003254,3003299
3003299,3003301
3003301,3003423
3003423,3003526
3003526,3003547
3003547,3003834
3003834,3003860
3003860,3003880
3003880,3003882
3003882,3003904
3003904,3003910
3003910,3004026
3004026,3004104
3004104,3004117
3004117,3004235
3004235,3004267
3004267,3004273
3004273,3004371
3004371,3004493
3004493,3004547
3004547,3004660
3004660,3004663
3004663,3004694
3004694,3004816
3004816,3004819
3004819,3004844
3004844,3004972
3004972,3004977
3004977,3005059
3005059,3005130
3005130,3005143
3005143,3005214
3005214,3005394
3005394,3005445
3005445,3005621
3005621,3005800
3005800,3005938
3005938,3005954
3005954,3006050
3006050,3006114
3006114,3006227
3006227,3006346
3006346,3006575
3006575,3006729
3006729,3006999
3006999,3007055
3007055,3007130
3007130,3007213
3007213,3007223
3007223,3007242
3007242,3007324
3007324,3007348
3007348,3007351
3007351,3007409
3007409,3007628
3007628,3007721
3007721,3007729
3007729,3008101
3008101,3008120
3008120,3008141
3008141,3008331
3008331,3008497
3008497,3008529
3008529,3008552
3008552,3008618
3008618,3008632
3008632,3008689
3008689,3008720
3008720,3008848
3008848,3008971
3008971,3008977
3008977,3009148
3009148,3009444
3009444,3009542
3009542,3009669
3009669,3009735
3009735,3009766
3009766,3009789
3009789,3009826
3009826,3009883
3009883,3009902
3009902,3009947
3009947,3009973
3009973,3010068
3010068,3010075
3010075,3010090
3010090,3010288
3010288,3010320
3010320,3010331
3010331,3010535
3010535,3010547
3010547,3010566
3010566,3010672
3010672,3010700
3010700,3010830
3010830,3010873
3010873,3010923
3010923,3011034
3011034,3011088
3011088,3011134
3011134,3011614
3011614,3011683
3011683,3011729
3011729,3011938
3011938,3012144
3012144,3012183
3012183,3012237
3012237,3012300
3012300,3012356
3012356,3012388
3012388,3012511
3012511,3012533
3012533,3012583
3012583,3012613
3012613,3012673
3012673,3012821
3012821,3012843
3012843,3013461
3013461,3013732
3013732,3013736
3013736,3013776
3013776,3013823
3013823,3014011
3014011,3014293
3014293,3014354
3014354,3014392
3014392,3014559
3014559,3014604
3014604,3014744
3014744,3014791
3014791,3014814
3014814,3014915
3014915,3014994
3014994,3015423
3015423,3015570
3015570,3015758
3015758,3015900
3015900,3015953
3015953,3016195
3016195,3016197
3016197,3016209
3016209,3016473
3016473,3016515
3016515,3016545
3016545,3016657
3016657,3017005
3017005,3017054
3017054,3017182
3017182,3017223
3017223,3017278
3017278,3017351
3017351,3017461
3017461,3017466
3017466,3017522
3017522,3017526
3017526,3017596
3017596,3017672
3017672,3017811
3017811,3017824
3017824,3018046
3018046,3018063
3018063,3018095
3018095,3018330
3018330,3018396
3018396,3018405
3018405,3018564
3018564,3018602
3018602,3018610
3018610,3018640
3018640,3018770
3018770,3019070
3019070,3019093
3019093,3019154
3019154,3019529
3019529,3019537
3019537,3019614
3019614,3019671
3019671,3019702
3019702,3019995
3019995,3020055
3020055,3020123
3020123,3020440
3020440,3020634
3020634,3021167
3021167,3021171
3021171,3021220
3021220,3021349
3021349,3021430
3021430,3021434
3021434,3021454
3021454,3021788
3021788,3021800
3021800,3021837
3021837,3021844
3021844,3022223
3022223,3022253
3022253,3022258
3022258,3022307
3022307,3022314
3022314,3022316
3022316,3022338
3022338,3022391
3022391,3022431
3022431,3022500
3022500,3022528
3022528,3022628
3022628,3022819
3022819,3022934
3022934,3023137
3023137,3023392
3023392,3023417
3023417,3023513
3023513,3023539
3023539,3023585
3023585,3023766
3023766,3023869
3023869,3024096
3024096,3024100
3024100,3024144
3024144,3024148
3024148,3024167
3024167,3024168
3024168,3024201
3024201,3024237
3024237,3024527
3024527,3024556
3024556,3024598
3024598,3024892
3024892,3024917
3024917,3024977
3024977,3025080
3025080,3025338
3025338,3025346
3025346,3025372
3025372,3025499
3025499,3025771
3025771,3025783
3025783,3025810
3025810,3025868
3025868,3025920
3025920,3025938
3025938,3026053
3026053,3026119
3026119,3026140
3026140,3026175
3026175,3026191
3026191,3026593
3026593,3026630
3026630,3026784
3026784,3026787
3026787,3026831
3026831,3026848
3026848,3026922
3026922,3026923
3026923,3026978
3026978,3027010
3027010,3027044
3027044,3027084
3027084,3027157
3027157,3027196
3027196,3027208
3027208,3027216
3027216,3027353
3027353,3027647
3027647,3027652
3027652,3027760
3027760,3027781
3027781,3027843
3027843,3027859
3027859,3027923
3027923,3027926
3027926,3027954
3027954,3028076
3028076,3028093
3028093,3028123
3028123,3028136
3028136,3028167
3028167,3028228
3028228,3028322
3028322,3028435
3028435,3028455
3028455,3028503
3028503,3028550
3028550,3028552
3028552,3028589
3028589,3028683
3028683,3028773
3028773,3028818
3028818,3028840
3028840,3028853
3028853,3028883
3028883,3029189
3029189,3029194
3029194,3029206
3029206,3029514
3029514,3029556
3029556,3029558
3029558,3029582
3029582,3029583
3029583,3029603
3029603,3029612
3029612,3029648
3029648,3029705
3029705,3029713
3029713,3029754
3029754,3029798
3029798,3029812
3029812,3029839
3029839,3029913
3029913,3030196
3030196,3030307
3030307,3030344
3030344,3030405
3030405,3030467
3030467,3030484
3030484,3030726
3030726,3030748
3030748,3030754
3030754,3031042
3031042,3031316
3031316,3031434
3031434,3031451
3031451,3031508
3031508,3031509
3031509,3031926
3031926,3032338
3032338,3032341
3032341,3032372
3032372,3032714
3032714,3032879
3032879,3033034
3033034,3033078
3033078,3033218
3033218,3033272
3033272,3033563
3033563,3033825
3033825,3033828
3033828,3033931
3033931,3034004
3034004,3034079
3034079,3034409
3034409,3034421
3034421,3034422
3034422,3034425
3034425,3034533
3034533,3034700
3034700,3034818
3034818,3034846
3034846,3035052
3035052,3035077
3035077,3035361
3035361,3035401
3035401,3035419
3035419,3035437
3035437,3035649
3035649,3035733
3035733,3035770
3035770,3035847
3035847,3036193
3036193,3036244
3036244,3036250
3036250,3036473
3036473,3036531
3036531,3036550
3036550,3036708
3036708,3036718
3036718,3036831
3036831,3036834
3036834,3036845
3036845,3036890
3036890,3036928
3036928,3037349
3037349,3037587
3037587,3037613
3037613,3037620
3037620,3037899
3037899,3037912
3037912,3037959
3037959,3038133
3038133,3038244
3038244,3038356
3038356,3038390
3038390,3038556
3038556,3038564
3038564,3038725
3038725,3038961
3038961,3039028
3039028,3039043
3039043,3039090
3039090,3039150
3039150,3039253
3039253,3039469
3039469,3039566
3039566,3039571
3039571,3039659
3039659,3039670
3039670,3039781
3039781,3039789
3039789,3039911
3039911,3039935
3039935,3040021
3040021,3040034
3040034,3040259
3040259,3040275
3040275,3040328
3040328,3040369
3040369,3040541
3040541,3040746
3040746,3040820
3040820,3040900
3040900,3040928
3040928,3041067
3041067,3041351
3041351,3041562
3041562,3041590
3041590,3041595
3041595,3041628
3041628,3042072
3042072,3042081
3042081,3042144
3042144,3042491
3042491,3042499
3042499,3042660
3042660,3042764
3042764,3043293
3043293,3043495
3043495,3043534
3043534,3043787
3043787,3043919
3043919,3043973
3043973,3043991
3043991,3044069
3044069,3044165
3044165,3044272
3044272,3044296
3044296,3044403
3044403,3044449
3044449,3044556
3044556,3044642
3044642,3044782
3044782,3044789
3044789,3044812
3044812,3044920
3044920,3044924
3044924,3045086
3045086,3045119
3045119,3045220
3045220,3045362
3045362,3045512
3045512,3045545
3045545,3045661
3045661,3045750
3045750,3046041
3046041,3046240
3046240,3046327
3046327,3046361
3046361,3046434
3046434,3046606
3046606,3046908
3046908,3046957
3046957,3046970
3046970,3047123
3047123,3047235
3047235,3047486
3047486,3047555
3047555,3047801
3047801,3047940
3047940,3048218
3048218,3048602
3048602,3048926
3048926,3048928
3048928,3048940
3048940,3048994
3048994,3049065
3049065,3049088
3049088,3049156
3049156,3049346
3049346,3049361
3049361,3049393
3049393,3049497
3049497,3049552
3049552,3049599
3049599,3049656
3049656,3049675
3049675,3049936
3049936,3050236
3050236,3050598
3050598,3050681
3050681,3050715
3050715,3050847
3050847,3050867
3050867,3050938
3050938,3051030
3051030,3051077
3051077,3051098
3051098,3051240
3051240,3051361
3051361,3051395
3051395,3051546
3051546,3051578
3051578,3051771
3051771,3051816
3051816,3051951
3051951,3051982
3051982,3052166
3052166,3052338
3052338,3052501
3052501,3052546
3052546,3052607
3052607,3052620
3052620,3052688
3052688,3052707
3052707,3052732
3052732,3052737
3052737,3052748
3052748,3052761
3052761,3052841
3052841,3052867
3052867,3053062
3053062,3053070
3053070,3053125
3053125,3053163
3053163,3053167
3053167,3053172
3053172,3053189
3053189,3053206
3053206,3053238
3053238,3053334
3053334,3053372
3053372,3053382
3053382,3053621
3053621,3053636
3053636,3053663
3053663,3053667
3053667,3053843
3053843,3053930
3053930,3054016
3054016,3054124
3054124,3054135
3054135,3054145
3054145,3054171
3054171,3054250
3054250,3054281
3054281,3054289
3054289,3054406
3054406,3054407
3054407,3054410
3054410,3054424
3054424,3054557
3054557,3054843
3054843,3054908
3054908,3055361
3055361,3055462
3055462,3055546
3055546,3055580
3055580,3055638
3055638,3055780
3055780,3055834
3055834,3056129
3056129,3056135
3056135,3056150
3056150,3056229
3056229,3056361
3056361,3056436
3056436,3056503
3056503,3056520
3056520,3056534
3056534,3056750
3056750,3056836
3056836,3056856
3056856,3056914
3056914,3056994
3056994,3057425
3057425,3057486
3057486,3057519
3057519,3057618
3057618,3057751
3057751,3057817
3057817,3057873
3057873,3057895
3057895,3057948
3057948,3057996
3057996,3058009
3058009,3058047
3058047,3058221
3058221,3058234
3058234,3058259
3058259,3058338
3058338,3058427
3058427,3058563
3058563,3058697
3058697,3058750
3058750,3058874
3058874,3058876
3058876,3059023
3059023,3059083
3059083,3059085
3059085,3059483
3059483,3059499
3059499,3059528
3059528,3059564
3059564,3059882
3059882,3059947
3059947,3060025
3060025,3060138
3060138,3060174
3060174,3060325
3060325,3060395
3060395,3060438
3060438,3060796
3060796,3060828
3060828,3060902
3060902,3060908
3060908,3060920
3060920,3061000
3061000,3061006
3061006,3061212
3061212,3061315
3061315,3061385
3061385,3061568
3061568,3061901
3061901,3061972
3061972,3062337
3062337,3062491
3062491,3062974
3062974,3062989
3062989,3063050
3063050,3063121
3063121,3063129
3063129,3063226
3063226,3063252
3063252,3063302
3063302,3063442
3063442,3063495
3063495,3063665
3063665,3063817
3063817,3063882
3063882,3063925
3063925,3063934
3063934,3064267
3064267,3064285
3064285,3064336
3064336,3064367
3064367,3064404
3064404,3064609
3064609,3064690
3064690,3064709
3064709,3064753
3064753,3064993
3064993,3065135
3065135,3065145
3065145,3065428
3065428,3065611
3065611,3065686
3065686,3065984
3065984,3065995
3065995,3066056
3066056,3066397
3066397,3066741
3066741,3066857
3066857,3066937
3066937,3067110
3067110,3067155
3067155,3067159
3067159,3067229
3067229,3067265
3067265,3067271
3067271,3067292
3067292,3067396
3067396,3067455
3067455,3067477
3067477,3067550
3067550,3067688
3067688,3068316
3068316,3068338
3068338,3068386
3068386,3068481
3068481,3068550
3068550,3068557
3068557,3068609
3068609,3068616
3068616,3068734
3068734,3068841
3068841,3068860
3068860,3068917
3068917,3069026
3069026,3069060
3069060,3069109
3069109,3069119
3069119,3069207
3069207,3069262
3069262,3069349
3069349,3069408
3069408,3069446
3069446,3069495
3069495,3069620
3069620,3069694
3069694,3069912
3069912,3070045
3070045,3070050
3070050,3070073
3070073,3070225
3070225,3070273
3070273,3070381
3070381,3070707
3070707,3070797
3070797,3070823
3070823,3070866
3070866,3070953
3070953,3071078
3071078,3071454
3071454,3071456
3071456,3071766
3071766,3071793
3071793,3071798
3071798,3071801
3071801,3071817
3071817,3071832
3071832,3071856
3071856,3071866
3071866,3071907
3071907,3071916
3071916,3071941
3071941,3071984
3071984,3072062
3072062,3072305
3072305,3072413
3072413,3072433
3072433,3072488
3072488,3072521
3072521,3072580
3072580,3072776
3072776,3072893
3072893,3072957
3072957,3072987
3072987,3073187
3073187,3073295
3073295,3073313
3073313,3073511
3073511,3073607
3073607,3073716
3073716,3073831
3073831,3074005
3074005,3074256
3074256,3074324
3074324,3074394
3074394,3074405
3074405,3074490
3074490,3074498
3074498,3074589
3074589,3074771
3074771,3074998
3074998,3075324
3075324,3075405
3075405,3075702
3075702,3075720
3075720,3075788
3075788,3075817
3075817,3075832
3075832,3075851
3075851,3075860
3075860,3075941
3075941,3075964
3075964,3076019
3076019,3076235
3076235,3076551
3076551,3076610
3076610,3076629
3076629,3076662
3076662,3076708
3076708,3076733
3076733,3076903
3076903,3077081
3077081,3077163
3077163,3077350
3077350,3077730
3077730,3077942
3077942,3078575
3078575,3078637
3078637,3078692
3078692,3078780
3078780,3078810
3078810,3078830
3078830,3078891
3078891,3079093
3079093,3079141
3079141,3079478
3079478,3079730
3079730,3079744
3079744,3079836
3079836,3080055
3080055,3080080
3080080,3080156
3080156,3080173
3080173,3080358
3080358,3080438
3080438,3080524
3080524,3080589
3080589,3080605
3080605,3080649
3080649,3081027
3081027,3081470
3081470,3081508
3081508,3081561
3081561,3081604
3081604,3081887
3081887,3081950
3081950,3081952
3081952,3082156
3082156,3082404
3082404,3082428
3082428,3082483
3082483,3082731
3082731,3082890
3082890,3082953
3082953,3083058
3083058,3083131
3083131,3083173
3083173,3083388
3083388,3083499
3083499,3083709
3083709,3083990
3083990,3084138
3084138,3084346
3084346,3084382
3084382,3084400
3084400,3084818
3084818,3084905
3084905,3085066
3085066,3085202
3085202,3085339
3085339,3085362
3085362,3085386
3085386,3085452
3085452,3085494
3085494,3085541
3085541,3085579
3085579,3085750
3085750,3085768
3085768,3085785
3085785,3085942
3085942,3085963
3085963,3086082
3086082,3086238
3086238,3086438
3086438,3086442
3086442,3086519
3086519,3086856
3086856,3086864
3086864,3087296
3087296,3087302
3087302,3087328
3087328,3087380
3087380,3087464
3087464,3087492
3087492,3087677
3087677,3087748
3087748,3087754
3087754,3087790
3087790,3088073
3088073,3088133
3088133,3088165
3088165,3088197
3088197,3088208
3088208,3088274
3088274,3088316
3088316,3088321
3088321,3088531
3088531,3088580
3088580,3088852
3088852,3088864
3088864,3088882
3088882,3088991
3088991,3089089
3089089,3089093
3089093,3089109
3089109,3089129
3089129,3089131
3089131,3089162
3089162,3089230
3089230,3089345
3089345,3089435
3089435,3089478
3089478,3089543
3089543,3089551
3089551,3089563
3089563,3089612
3089612,3089635
3089635,3089637
3089637,3089701
3089701,3089786
3089786,3090021
3090021,3090208
3090208,3090288
3090288,3090419
3090419,3090479
3090479,3090491
3090491,3090687
3090687,3090750
3090750,3090769
3090769,3090889
3090889,3091016
3091016,3091040
3091040,3091078
3091078,3091131
3091131,3091208
3091208,3091249
3091249,3091275
3091275,3091305
3091305,3091325
3091325,3091412
3091412,3091616
3091616,3091623
3091623,3091658
3091658,3091849
3091849,3091910
3091910,3092068
3092068,3092156
3092156,3092228
3092228,3092310
3092310,3092325
3092325,3092340
3092340,3092401
3092401,3092448
3092448,3092457
3092457,3092462
3092462,3092512
3092512,3092519
3092519,3092570
3092570,3092620
3092620,3092661
3092661,3092706
3092706,3092746
3092746,3092749
3092749,3092815
3092815,3092823
3092823,3093016
3093016,3093142
3093142,3093460
3093460,3093535
3093535,3093656
3093656,3094100
3094100,3094172
3094172,3094272
3094272,3094391
3094391,3094568
3094568,3094703
3094703,3094741
3094741,3094773
3094773,3094835
3094835,3094862
3094862,3094979
3094979,3094981
3094981,3095055
3095055,3095096
3095096,3095098
3095098,3095193
3095193,3095239
3095239,3095356
3095356,3095364
3095364,3095461
3095461,3095512
3095512,3095574
3095574,3095657
3095657,3095701
3095701,3095803
3095803,3095850
3095850,3095934
3095934,3095994
3095994,3096004
3096004,3096223
3096223,3096333
3096333,3096522
3096522,3096817
3096817,3096915
3096915,3097074
3097074,3097102
3097102,3097127
3097127,3097185
3097185,3097202
3097202,3097300
3097300,3097519
3097519,3097589
3097589,3097710
3097710,3097714
3097714,3097830
3097830,3097964
3097964,3097998
3097998,3098050
3098050,3098392
3098392,3098470
3098470,3098498
3098498,3098554
3098554,3098686
3098686,3098796
3098796,3098937
3098937,3099140
3099140,3099284
3099284,3099315
3099315,3099366
3099366,3099869
3099869,3099976
3099976,3099994
3099994,3100007
3100007,3100144
3100144,3100262
3100262,3100455
3100455,3100465
3100465,3100600
3100600,3100643
3100643,3100649
3100649,3100698
3100698,3100731
3100731,3100784
3100784,3101063
3101063,3101183
3101183,3101191
3101191,3101229
3101229,3101308
3101308,3101311
3101311,3101342
3101342,3101397
3101397,3101522
3101522,3101615
3101615,3101635
3101635,3101877
3101877,3101918
3101918,3102160
3102160,3102202
3102202,3102330
3102330,3102333
3102333,3102374
3102374,3102418
3102418,3102452
3102452,3102540
3102540,3102546
3102546,3102571
3102571,3102590
3102590,3102620
3102620,3102708
3102708,3102778
3102778,3102812
3102812,3102875
3102875,3102878
3102878,3102929
3102929,3102956
3102956,3103226
3103226,3103287
3103287,3103327
3103327,3103387
3103387,3103404
3103404,3103728
3103728,3103897
3103897,3103899
3103899,3104098
3104098,3104106
3104106,3104220
3104220,3104250
3104250,3104307
3104307,3104386
3104386,3104430
3104430,3104462
3104462,3104481
3104481,3104500
3104500,3104530
3104530,3104539
3104539,3104562
3104562,3104596
3104596,3104604
3104604,3104723
3104723,3104735
3104735,3104815
3104815,3104821
3104821,3104882
3104882,3105115
3105115,3105125
3105125,3105213
3105213,3105218
3105218,3105396
3105396,3105402
3105402,3105489
3105489,3105527
3105527,3105673
3105673,3105936
3105936,3106008
3106008,3106120
3106120,3106136
3106136,3106203
3106203,3106210
3106210,3106231
3106231,3106276
3106276,3106301
3106301,3106392
3106392,3106418
3106418,3106473
3106473,3106487
3106487,3106555
3106555,3106558
3106558,3106691
3106691,3106821
3106821,3106833
3106833,3106872
3106872,3106909
3106909,3106917
3106917,3106997
3106997,3107199
3107199,3107289
3107289,3107322
3107322,3107578
3107578,3107780
3107780,3107807
3107807,3108025
3108025,3108074
3108074,3108125
3108125,3108292
3108292,3108671
3108671,3108695
3108695,3108698
3108698,3108705
3108705,3108754
3108754,3108859
3108859,3108904
3108904,3108976
3108976,3109006
3109006,3109344
3109344,3109629
3109629,3109739
3109739,3109769
3109769,3109882
3109882,3110119
3110119,3110137
3110137,3110152
3110152,3110222
3110222,3110387
3110387,3110683
3110683,3110860
3110860,3110947
3110947,3110950
3110950,3111163
3111163,3111348
3111348,3111410
3111410,3112026
3112026,3112400
3112400,3112489
3112489,3112495
3112495,3112585
3112585,3112632
3112632,3112777
3112777,3112862
3112862,3112866
3112866,3112876
3112876,3113081
3113081,3113095
3113095,3113328
3113328,3113357
3113357,3113385
3113385,3113545
3113545,3113601
3113601,3113719
3113719,3113742
3113742,3113848
3113848,3113874
3113874,3113881
3113881,3113965
3113965,3113997
3113997,3114051
3114051,3114278
3114278,3114372
3114372,3114621
3114621,3114705
3114705,3114774
3114774,3114961
3114961,3115099
3115099,3115130
3115130,3115211
3115211,3115584
3115584,3115624
3115624,3115639
3115639,3116223
3116223,3116234
3116234,3116275
3116275,3116349
3116349,3116508
3116508,3116530
3116530,3116590
3116590,3116657
3116657,3116658
3116658,3116682
3116682,3116708
3116708,3116770
3116770,3116941
3116941,3117248
3117248,3117285
3117285,3117331
3117331,3117359
3117359,3117514
3117514,3117885
3117885,3118046
3118046,3118087
3118087,3118311
3118311,3118398
3118398,3118695
3118695,3118906
3118906,3119536
3119536,3119676
3119676,3119937
3119937,3120128
3120128,3120176
3120176,3120211
3120211,3120212
3120212,3120222
3120222,3120225
3120225,3120230
3120230,3120234
3120234,3120257
3120257,3120278
3120278,3120386
3120386,3120406
3120406,3120853
3120853,3120938
3120938,3121056
3121056,3121397
3121397,3121403
3121403,3121640
3121640,3121706
3121706,3122191
3122191,3122386
3122386,3122522
3122522,3122575
3122575,3122604
3122604,3122609
3122609,3122656
3122656,3122892
3122892,3122906
3122906,3122970
3122970,3122973
3122973,3123297
3123297,3123476
3123476,3124032
3124032,3124083
3124083,3124130
3124130,3124152
3124152,3124164
3124164,3124171
3124171,3124218
3124218,3124248
3124248,3124299
3124299,3124325
3124325,3124332
3124332,3124341
3124341,3124363
3124363,3124394
3124394,3124442
3124442,3124455
3124455,3124482
3124482,3124492
3124492,3124512
3124512,3124533
3124533,3124546
3124546,3124576
3124576,3124636
3124636,3124658
3124658,3124689
3124689,3124737
3124737,3124873
3124873,3124945
3124945,3124984
3124984,3125016
3125016,3125088
3125088,3125207
3125207,3125238
3125238,3125430
3125430,3125513
3125513,3125592
3125592,3125647
3125647,3125793
3125793,3125833
3125833,3125931
3125931,3125934
3125934,3125937
3125937,3125957
3125957,3125962
3125962,3125988
3125988,3126079
3126079,3126313
3126313,3126412
3126412,3126477
3126477,3126499
3126499,3126506
3126506,3126559
3126559,3126606
3126606,3126607
3126607,3126847
3126847,3127009
3127009,3127041
3127041,3127087
3127087,3127088
3127088,3127158
3127158,3127169
3127169,3127275
3127275,3127328
3127328,3127462
3127462,3127512
3127512,3127738
3127738,3127759
3127759,3127767
3127767,3127792
3127792,3127819
3127819,3127866
3127866,3127993
3127993,3128029
3128029,3128089
3128089,3128131
3128131,3128175
3128175,3128191
3128191,3128235
3128235,3128245
3128245,3128302
3128302,3128339
3128339,3128411
3128411,3128617
3128617,3128825
3128825,3128868
3128868,3128952
3128952,3129051
3129051,3129134
3129134,3129135
3129135,3129141
3129141,3129151
3129151,3129178
3129178,3129183
3129183,3129195
3129195,3129304
3129304,3129305
3129305,3129314
3129314,3129353
3129353,3129374
3129374,3129457
3129457,3129532
3129532,3129643
3129643,3129687
3129687,3129690
3129690,3129754
3129754,3129774
3129774,3129865
3129865,3129909
3129909,3130113
3130113,3130190
3130190,3130289
3130289,3130399
3130399,3130405
3130405,3130492
3130492,3130519
3130519,3130576
3130576,3130579
3130579,3130771
3130771,3130883
3130883,3131091
3131091,3131290
3131290,3131297
3131297,3131361
3131361,3131437
3131437,3131499
3131499,3131514
3131514,3131604
3131604,3131628
3131628,3131719
3131719,3131883
3131883,3131890
3131890,3131987
3131987,3132390
3132390,3132401
3132401,3132437
3132437,3132458
3132458,3132507
3132507,3132518
3132518,3132653
3132653,3132742
3132742,3132758
3132758,3132766
3132766,3132855
3132855,3133177
3133177,3133182
3133182,3133196
3133196,3133288
3133288,3133317
3133317,3133405
3133405,3133427
3133427,3133438
3133438,3133702
3133702,3133883
3133883,3133900
3133900,3133940
3133940,3134016
3134016,3134046
3134046,3134327
3134327,3134335
3134335,3134627
3134627,3134636
3134636,3134680
3134680,3134681
3134681,3134743
3134743,3134809
3134809,3134906
3134906,3135168
3135168,3135285
3135285,3135417
3135417,3135424
3135424,3135527
3135527,3135650
3135650,3135776
3135776,3135787
3135787,3135985
3135985,3136028
3136028,3136046
3136046,3136277
3136277,3136296
3136296,3136318
3136318,3136494
3136494,3136572
3136572,3136654
3136654,3136662
3136662,3136757
3136757,3136766
3136766,3136822
3136822,3136931
3136931,3137057
3137057,3137220
3137220,3137251
3137251,3137435
3137435,3137481
3137481,3137498
3137498,3137527
3137527,3137597
3137597,3137643
3137643,3137772
3137772,3137889
3137889,3137995
3137995,3138007
3138007,3138069
3138069,3138087
3138087,3138153
3138153,3138166
3138166,3138181
3138181,3138207
3138207,3138272
3138272,3138281
3138281,3138314
3138314,3138386
3138386,3138424
3138424,3138468
3138468,3138495
3138495,3138581
3138581,3138617
3138617,3138680
3138680,3138866
3138866,3138969
3138969,3139012
3139012,3139016
3139016,3139077
3139077,3139271
3139271,3139372
3139372,3139434
3139434,3139456
3139456,3139513
3139513,3139640
3139640,3139655
3139655,3139662
3139662,3139719
3139719,3139787
3139787,3139835
3139835,3139862
3139862,3140044
3140044,3140155
3140155,3140170
3140170,3140180
3140180,3140181
3140181,3140264
3140264,3140283
3140283,3140313
3140313,3140527
3140527,3140665
3140665,3140755
3140755,3140864
3140864,3140974
3140974,3141284
3141284,3141318
3141318,3141365
3141365,3141371
3141371,3141391
3141391,3141409
3141409,3141437
3141437,3141442
3141442,3141466
3141466,3141544
3141544,3141545
3141545,3141568
3141568,3141581
3141581,3141622
3141622,3141658
3141658,3141799
3141799,3141812
3141812,3141830
3141830,3141832
3141832,3141842
3141842,3141867
3141867,3141884
3141884,3142039
3142039,3142272
3142272,3142304
3142304,3142318
3142318,3142408
3142408,3142505
3142505,3142604
3142604,3142614
3142614,3142642
3142642,3142656
3142656,3142767
3142767,3142770
3142770,3142835
3142835,3143111
3143111,3143232
3143232,3143361
3143361,3143386
3143386,3143561
3143561,3143576
3143576,3143701
3143701,3143742
3143742,3143784
3143784,3143869
3143869,3143917
3143917,3143954
3143954,3143992
3143992,3144025
3144025,3144061
3144061,3144068
3144068,3144204
3144204,3144311
3144311,3144339
3144339,3144343
3144343,3144789
3144789,3144823
3144823,3144918
3144918,3144976
3144976,3144984
3144984,3145063
3145063,3145075
3145075,3145103
3145103,3145121
3145121,3145229
3145229,3145328
3145328,3145393
3145393,3145497
3145497,3145536
3145536,3145587
3145587,3145656
3145656,3145801
3145801,3145807
3145807,3145815
3145815,3145874
3145874,3145903
3145903,3145984
3145984,3145988
3145988,3145993
3145993,3146092
3146092,3146100
3146100,3146145
3146145,3146151
3146151,3146223
3146223,3146348
3146348,3146397
3146397,3146604
3146604,3146702
3146702,3146798
3146798,3146807
3146807,3146809
3146809,3146980
3146980,3147007
3147007,3147355
3147355,3147396
3147396,3147481
3147481,3147483
3147483,3147522
3147522,3147723
3147723,3147818
3147818,3147862
3147862,3148072
3148072,3148250
3148250,3148392
3148392,3148394
3148394,3148428
3148428,3148440
3148440,3148443
3148443,3148504
3148504,3148581
3148581,3148588
3148588,3148669
3148669,3148694
3148694,3149006
3149006,3149077
3149077,3149088
3149088,3149138
3149138,3149139
3149139,3149402
3149402,3149410
3149410,3149420
3149420,3149473
3149473,3149486
3149486,3149507
3149507,3149575
3149575,3149636
3149636,3149685
3149685,3149696
3149696,3149709
3149709,3149765
3149765,3149771
3149771,3150160
3150160,3150257
3150257,3150405
3150405,3150520
3150520,3150629
3150629,3150640
3150640,3150666
3150666,3150691
3150691,3150845
3150845,3151035
3151035,3151048
3151048,3151180
3151180,3151271
3151271,3151337
3151337,3151743
3151743,3151915
3151915,3151971
3151971,3151995
3151995,3152124
3152124,3152132
3152132,3152203
3152203,3152316
3152316,3152491
3152491,3152526
3152526,3152546
3152546,3152550
3152550,3152586
3152586,3152770
3152770,3152774
3152774,3152807
3152807,3152816
3152816,3152865
3152865,3152990
3152990,3153060
3153060,3153142
3153142,3153378
3153378,3153616
3153616,3153669
3153669,3153707
3153707,3153952
3153952,3154219
3154219,3154293
3154293,3154295
3154295,3154308
3154308,3154414
3154414,3154440
3154440,3154456
3154456,3154516
3154516,3154558
3154558,3154804
3154804,3155152
3155152,3155244
3155244,3155261
3155261,3155340
3155340,3155416
3155416,3155666
3155666,3155760
3155760,3155931
3155931,3155948
3155948,3156038
3156038,3156152
3156152,3156156
3156156,3156190
3156190,3156224
3156224,3156228
3156228,3156234
3156234,3156270
3156270,3156422
3156422,3156431
3156431,3156492
3156492,3156521
3156521,3156727
3156727,3156735
3156735,3156759
3156759,3156875
3156875,3156932
3156932,3156939
3156939,3156970
3156970,3156972
3156972,3157046
3157046,3157420
3157420,3157517
3157517,3157578
3157578,3157600
3157600,3157714
3157714,3157726
3157726,3157904
3157904,3157962
3157962,3157981
3157981,3158043
3158043,3158095
3158095,3158170
3158170,3158211
3158211,3158220
3158220,3158241
3158241,3158297
3158297,3158356
3158356,3158403
3158403,3158466
3158466,3158537
3158537,3158776
3158776,3158841
3158841,3158847
3158847,3158935
3158935,3159058
3159058,3159144
3159144,3159292
3159292,3159330
3159330,3159466
3159466,3159528
3159528,3159538
3159538,3159540
3159540,3159818
3159818,3159823
3159823,3159882
3159882,3159922
3159922,3159924
3159924,3160051
3160051,3160070
3160070,3160168
3160168,3160276
3160276,3160321
3160321,3160360
3160360,3160391
3160391,3160722
3160722,3160726
3160726,3160727
3160727,3160805
3160805,3160945
3160945,3161016
3161016,3161368
3161368,3161383
3161383,3161388
3161388,3161411
3161411,3161446
3161446,3161507
3161507,3161783
3161783,3161821
3161821,3161895
3161895,3162111
3162111,3162220
3162220,3162230
3162230,3162277
3162277,3162305
3162305,3162307
3162307,3162312
3162312,3162317
3162317,3162346
3162346,3162479
3162479,3162514
3162514,3162637
3162637,3162685
3162685,3162691
3162691,3162722
3162722,3162743
3162743,3162763
3162763,3162874
3162874,3162945
3162945,3163112
3163112,3163544
3163544,3163561
3163561,3163565
3163565,3163569
3163569,3163601
3163601,3163715
3163715,3163752
3163752,3163774
3163774,3163783
3163783,3163796
3163796,3164005
3164005,3164078
3164078,3164217
3164217,3164219
3164219,3164234
3164234,3164238
3164238,3164334
3164334,3164472
3164472,3164475
3164475,3164592
3164592,3164719
3164719,3164873
3164873,3164988
3164988,3165048
3165048,3165077
3165077,3165148
3165148,3165320
3165320,3165471
3165471,3165731
3165731,3165835
3165835,3165845
3165845,3165862
3165862,3165910
3165910,3166173
3166173,3166414
3166414,3166541
3166541,3166621
3166621,3166649
3166649,3166694
3166694,3166751
3166751,3166815
3166815,3166984
3166984,3167010
3167010,3167025
3167025,3167102
3167102,3167228
3167228,3167246
3167246,3167258
3167258,3167307
3167307,3167355
3167355,3167512
3167512,3167541
3167541,3167596
3167596,3167726
3167726,3167752
3167752,3167902
3167902,3167907
3167907,3167948
3167948,3168011
3168011,3168021
3168021,3168039
3168039,3168071
3168071,3168194
3168194,3168238
3168238,3168277
3168277,3168488
3168488,3168491
3168491,3168497
3168497,3168501
3168501,3168647
3168647,3168799
3168799,3168962
3168962,3169044
3169044,3169222
3169222,3169292
3169292,3169415
3169415,3169493
3169493,3169510
3169510,3169600
3169600,3170010
3170010,3170044
3170044,3170077
3170077,3170105
3170105,3170115
3170115,3170146
3170146,3170148
3170148,3170182
3170182,3170188
3170188,3170213
3170213,3170224
3170224,3170236
3170236,3170262
3170262,3170279
3170279,3170350
3170350,3170358
3170358,3170469
3170469,3170520
3170520,3170575
3170575,3170629
3170629,3170635
3170635,3170654
3170654,3170768
3170768,3170860
3170860,3170869
3170869,3170878
3170878,3170899
3170899,3170967
3170967,3170997
3170997,3171016
3171016,3171254
3171254,3171264
3171264,3171337
3171337,3171416
3171416,3171444
3171444,3171458
3171458,3171479
3171479,3171515
3171515,3171712
3171712,3171731
3171731,3171748
3171748,3171758
3171758,3171795
3171795,3171820
3171820,3171893
3171893,3171951
3171951,3171956
3171956,3172066
3172066,3172141
3172141,3172160
3172160,3172314
3172314,3172381
3172381,3172569
3172569,3172627
3172627,3172644
3172644,3172650
3172650,3172698
3172698,3172928
3172928,3172954
3172954,3172968
3172968,3173082
3173082,3173184
3173184,3173412
3173412,3173455
3173455,3173474
3173474,3173502
3173502,3173505
3173505,3173538
3173538,3173734
3173734,3173758
3173758,3173842
3173842,3173935
3173935,3173947
3173947,3174044
3174044,3174066
3174066,3174091
3174091,3174192
3174192,3174317
3174317,3174390
3174390,3174447
3174447,3174484
3174484,3174574
3174574,3174628
3174628,3174637
3174637,3174680
3174680,3174681
3174681,3174702
3174702,3174725
3174725,3174744
3174744,3174979
3174979,3175172
3175172,3175269
3175269,3175364
3175364,3175369
3175369,3175381
3175381,3175406
3175406,3175463
3175463,3175586
3175586,3175952
3175952,3175980
3175980,3176113
3176113,3176236
3176236,3176339
3176339,3176613
3176613,3176655
3176655,3176818
3176818,3176867
3176867,3176909
3176909,3176984
3176984,3177095
3177095,3177242
3177242,3177272
3177272,3177280
3177280,3177431
3177431,3177441
3177441,3177463
3177463,3177466
3177466,3177525
3177525,3177532
3177532,3177562
3177562,3177566
3177566,3177572
3177572,3177707
3177707,3177855
3177855,3178176
3178176,3178240
3178240,3178353
3178353,3178522
3178522,3178769
3178769,3178850
3178850,3179002
3179002,3179003
3179003,3179019
3179019,3179032
3179032,3179290
3179290,3179300
3179300,3179336
3179336,3179356
3179356,3179406
3179406,3179456
3179456,3179786
3179786,3179823
3179823,3179844
3179844,3179872
3179872,3179962
3179962,3179995
3179995,3180003
3180003,3180149
3180149,3180168
3180168,3180323
3180323,3180330
3180330,3180362
3180362,3180363
3180363,3180375
3180375,3180377
3180377,3180463
3180463,3180533
3180533,3180610
3180610,3180642
3180642,3180776
3180776,3180781
3180781,3180869
3180869,3180927
3180927,3180965
3180965,3181010
3181010,3181119
3181119,3181133
3181133,3181149
3181149,3181207
3181207,3181226
3181226,3181400
3181400,3181407
3181407,3181512
3181512,3181647
3181647,3181765
3181765,3181858
3181858,3181881
3181881,3181935
3181935,3182091
3182091,3182143
3182143,3182175
3182175,3182209
3182209,3182228
3182228,3182281
3182281,3182445
3182445,3182453
3182453,3182457
3182457,3182464
3182464,3182520
3182520,3182578
3182578,3182619
3182619,3182662
3182662,3182750
3182750,3182847
3182847,3182862
3182862,3182879
3182879,3183038
3183038,3183066
3183066,3183214
3183214,3183224
3183224,3183411
3183411,3183524
3183524,3183583
3183583,3183633
3183633,3183668
3183668,3183741
3183741,3183757
3183757,3183801
3183801,3184099
3184099,3184123
3184123,3184145
3184145,3184158
3184158,3184482
3184482,3184484
3184484,3184512
3184512,3184517
3184517,3184530
3184530,3184627
3184627,3184712
3184712,3184844
3184844,3184999
3184999,3185045
3185045,3185061
3185061,3185124
3185124,3185329
3185329,3185391
3185391,3185484
3185484,3185503
3185503,3185654
3185654,3185671
3185671,3185696
3185696,3185778
3185778,3185790
3185790,3185853
3185853,3185886
3185886,3185966
3185966,3186013
3186013,3186090
3186090,3186245
3186245,3186248
3186248,3186308
3186308,3186406
3186406,3186560
3186560,3186562
3186562,3186664
3186664,3186799
3186799,3186888
3186888,3186914
3186914,3187028
3187028,3187074
3187074,3187153
3187153,3187359
3187359,3187365
3187365,3187434
3187434,3187494
3187494,3187765
3187765,3187883
3187883,3187997
3187997,3188006
3188006,3188018
3188018,3188058
3188058,3188203
3188203,3188258
3188258,3188267
3188267,3188279
3188279,3188305
3188305,3188324
3188324,3188329
3188329,3188416
3188416,3188464
3188464,3188650
3188650,3188653
3188653,3188683
3188683,3188894
3188894,3188924
3188924,3188940
3188940,3188971
3188971,3189116
3189116,3189147
3189147,3189179
3189179,3189389
3189389,3189419
3189419,3189595
3189595,3189647
3189647,3189682
3189682,3189730
3189730,3189840
3189840,3189919
3189919,3189969
3189969,3189983
3189983,3190038
3190038,3190427
3190427,3190521
3190521,3190549
3190549,3190553
3190553,3190572
3190572,3190591
3190591,3190651
3190651,3190724
3190724,3190758
3190758,3190815
3190815,3190879
3190879,3190939
3190939,3190956
3190956,3191001
3191001,3191095
3191095,3191102
3191102,3191194
3191194,3191201
3191201,3191285
3191285,3191325
3191325,3191332
3191332,3191415
3191415,3191457
3191457,3191484
3191484,3191495
3191495,3191542
3191542,3191594
3191594,3191636
3191636,3191662
3191662,3191702
3191702,3191720
3191720,3191738
3191738,3191741
3191741,3191906
3191906,3191989
3191989,3192007
3192007,3192118
3192118,3192130
3192130,3192276
3192276,3192324
3192324,3192346
3192346,3192359
3192359,3192445
3192445,3192562
3192562,3192678
3192678,3192920
3192920,3192989
3192989,3193204
3193204,3193444
3193444,3193452
3193452,3193567
3193567,3193685
3193685,3193705
3193705,3193763
3193763,3193963
3193963,3194225
3194225,3194267
3194267,3194317
3194317,3194319
3194319,3194332
3194332,3194372
3194372,3194427
3194427,3194445
3194445,3194547
3194547,3194566
3194566,3194595
3194595,3194613
3194613,3194841
3194841,3195194
3195194,3195250
3195250,3195276
3195276,3195629
3195629,3195644
3195644,3195773
3195773,3195813
3195813,3195872
3195872,3195913
3195913,3196053
3196053,3196250
3196250,3196628
3196628,3196806
3196806,3196833
3196833,3196863
3196863,3196889
3196889,3196981
3196981,3196991
3196991,3197053
3197053,3197066
3197066,3197094
3197094,3197113
3197113,3197115
3197115,3197261
3197261,3197324
3197324,3197350
3197350,3197456
3197456,3197528
3197528,3197701
3197701,3197878
3197878,3197925
3197925,3197994
3197994,3198200
3198200,3198394
3198394,3198451
3198451,3198623
3198623,3198790
3198790,3198836
3198836,3198870
3198870,3198900
3198900,3198994
3198994,3199110
3199110,3199111
3199111,3199166
3199166,3199227
3199227,3199424
3199424,3199474
3199474,3199514
3199514,3199653
3199653,3199663
3199663,3199905
3199905,3199954
3199954,3200233
3200233,3200245
3200245,3200265
3200265,3200561
3200561,3200623
3200623,3200700
3200700,3200882
3200882,3200980
3200980,3200995
3200995,3201171
3201171,3201223
3201223,3201231
3201231,3201273
3201273,3201391
3201391,3201398
3201398,3201461
3201461,3201958
3201958,3201991
3201991,3201997
3201997,3202000
3202000,3202039
3202039,3202052
3202052,3202283
3202283,3202300
3202300,3202317
3202317,3202373
3202373,3202540
3202540,3202565
3202565,3202593
3202593,3202628
3202628,3202669
3202669,3202930
3202930,3202999
3202999,3203078
3203078,3203231
3203231,3203504
3203504,3203529
3203529,3203671
3203671,3203723
3203723,3203807
3203807,3203872
3203872,3203891
3203891,3203897
3203897,3203948
3203948,3203992
3203992,3204039
3204039,3204073
3204073,3204193
3204193,3204206
3204206,3204322
3204322,3204550
3204550,3204618
3204618,3204755
3204755,3204782
3204782,3204811
3204811,3204869
3204869,3204923
3204923,3204945
3204945,3205038
3205038,3205075
3205075,3205078
3205078,3205164
3205164,3205255
3205255,3205586
3205586,3205588
3205588,3205620
3205620,3205671
3205671,3205756
3205756,3205763
3205763,3205895
3205895,3205919
3205919,3205928
3205928,3206017
3206017,3206045
3206045,3206052
3206052,3206085
3206085,3206106
3206106,3206151
3206151,3206195
3206195,3206207
3206207,3206212
3206212,3206261
3206261,3206328
3206328,3206364
3206364,3206391
3206391,3206435
3206435,3206634
3206634,3206675
3206675,3206755
3206755,3206779
3206779,3206999
3206999,3207013
3207013,3207044
3207044,3207075
3207075,3207171
3207171,3207221
3207221,3207399
3207399,3207755
3207755,3207795
3207795,3207859
3207859,3207879
3207879,3207915
3207915,3207980
3207980,3207993
3207993,3208635
3208635,3208750
3208750,3208795
3208795,3208990
3208990,3209061
3209061,3209247
3209247,3209268
3209268,3209586
3209586,3209793
3209793,3209886
3209886,3209889
3209889,3209936
3209936,3210183
3210183,3210372
3210372,3210383
3210383,3210393
3210393,3210447
3210447,3210511
3210511,3210537
3210537,3210551
3210551,3210587
3210587,3210717
3210717,3210719
3210719,3210731
3210731,3210762
3210762,3210768
3210768,3210825
3210825,3210896
3210896,3210960
3210960,3211281
3211281,3211339
3211339,3211389
3211389,3211400
3211400,3211449
3211449,3211482
3211482,3211583
3211583,3211621
3211621,3211647
3211647,3211728
3211728,3211763
3211763,3211791
3211791,3211871
3211871,3211889
3211889,3211925
3211925,3211951
3211951,3211981
3211981,3212173
3212173,3212212
3212212,3212408
3212408,3212548
3212548,3212598
3212598,3212668
3212668,3212696
3212696,3212734
3212734,3212971
3212971,3213116
3213116,3213205
3213205,3213409
3213409,3213458
3213458,3213552
3213552,3213569
3213569,3213575
3213575,3213579
3213579,3213583
3213583,3213627
3213627,3213638
3213638,3213648
3213648,3213823
3213823,3213937
3213937,3214274
3214274,3214394
3214394,3214431
3214431,3214436
3214436,3214467
3214467,3214525
3214525,3214602
3214602,3214739
3214739,3214852
3214852,3215075
3215075,3215465
3215465,3215478
3215478,3215625
3215625,3215649
3215649,3215654
3215654,3215691
3215691,3215693
3215693,3215920
3215920,3216125
3216125,3216343
3216343,3216446
3216446,3216475
3216475,3216492
3216492,3216494
3216494,3216536
3216536,3216598
3216598,3216617
3216617,3216676
3216676,3216737
3216737,3216970
3216970,3217043
3217043,3217055
3217055,3217150
3217150,3217154
3217154,3217232
3217232,3217236
3217236,3217257
3217257,3217332
3217332,3217410
3217410,3217444
3217444,3217464
3217464,3217559
3217559,3217566
3217566,3217574
3217574,3217684
3217684,3217792
3217792,3217967
3217967,3217970
3217970,3218045
3218045,3218114
3218114,3218360
3218360,3218528
3218528,3218747
3218747,3218878
3218878,3218950
3218950,3218959
3218959,3218978
3218978,3219034
3219034,3219067
3219067,3219144
3219144,3219206
3219206,3219267
3219267,3219352
3219352,3219607
3219607,3219642
3219642,3219688
3219688,3219894
3219894,3219965
3219965,3220096
3220096,3220127
3220127,3220260
3220260,3220527
3220527,3220588
3220588,3220623
3220623,3220722
3220722,3220745
3220745,3220757
3220757,3220797
3220797,3220911
3220911,3220957
3220957,3220983
3220983,3221235
3221235,3221242
3221242,3221294
3221294,3221307
3221307,3221323
3221323,3221369
3221369,3221400
3221400,3221406
3221406,3221484
3221484,3221556
3221556,3221622
3221622,3221624
3221624,3221636
3221636,3221638
3221638,3221646
3221646,3221767
3221767,3221818
3221818,3221869
3221869,3221967
3221967,3222111
3222111,3222182
3222182,3222360
3222360,3222396
3222396,3222444
3222444,3222465
3222465,3222624
3222624,3222833
3222833,3223214
3223214,3223341
3223341,3223441
3223441,3223461
3223461,3223477
3223477,3223612
3223612,3223723
3223723,3223889
3223889,3223968
3223968,3224003
3224003,3224220
3224220,3224356
3224356,3224392
3224392,3224427
3224427,3224628
3224628,3224965
3224965,3225038
3225038,3225071
3225071,3225109
3225109,3225120
3225120,3225152
3225152,3225172
3225172,3225184
3225184,3225492
3225492,3225752
3225752,3225754
3225754,3225936
3225936,3225990
3225990,3226004
3226004,3226035
3226035,3226057
3226057,3226117
3226117,3226263
3226263,3226387
3226387,3226395
3226395,3226537
3226537,3226541
3226541,3226562
3226562,3226568
3226568,3226613
3226613,3226837
3226837,3226896
3226896,3226900
3226900,3226907
3226907,3226920
3226920,3226924
3226924,3226996
3226996,3227029
3227029,3227187
3227187,3227283
3227283,3227284
3227284,3227315
3227315,3227322
3227322,3227365
3227365,3227449
3227449,3227520
3227520,3227581
3227581,3227705
3227705,3227870
3227870,3227976
3227976,3228005
3228005,3228057
3228057,3228059
3228059,3228086
3228086,3228118
3228118,3228129
3228129,3228238
3228238,3228255
3228255,3228274
3228274,3228277
3228277,3228297
3228297,3228337
3228337,3228428
3228428,3228457
3228457,3228485
3228485,3228493
3228493,3228550
3228550,3228635
3228635,3228643
3228643,3228712
3228712,3228748
3228748,3228865
3228865,3228984
3228984,3229224
3229224,3229371
3229371,3229458
3229458,3229521
3229521,3229532
3229532,3229695
3229695,3229703
3229703,3229909
3229909,3230213
3230213,3230494
3230494,3230850
3230850,3230907
3230907,3230910
3230910,3230973
3230973,3230985
3230985,3230997
3230997,3231041
3231041,3231562
3231562,3231650
3231650,3231738
3231738,3231751
3231751,3231776
3231776,3231795
3231795,3231811
3231811,3231853
3231853,3231863
3231863,3231870
3231870,3231911
3231911,3232020
3232020,3232118
3232118,3232119
3232119,3232178
3232178,3232276
3232276,3232340
3232340,3232507
3232507,3232575
3232575,3232581
3232581,3232620
3232620,3232715
3232715,3232744
3232744,3232851
3232851,3233041
3233041,3233085
3233085,3233276
3233276,3233317
3233317,3233445
3233445,3233604
3233604,3233647
3233647,3233722
3233722,3233748
3233748,3233901
3233901,3233922
3233922,3233992
3233992,3233997
3233997,3234015
3234015,3234107
3234107,3234124
3234124,3234145
3234145,3234228
3234228,3234320
3234320,3234439
3234439,3234451
3234451,3234503
3234503,3234524
3234524,3234637
3234637,3234740
3234740,3234854
3234854,3234875
3234875,3234889
3234889,3234902
3234902,3234984
3234984,3235012
3235012,3235029
3235029,3235033
3235033,3235069
3235069,3235257
3235257,3235446
3235446,3235538
3235538,3235614
3235614,3235626
3235626,3235645
3235645,3235689
3235689,3235774
3235774,3235783
3235783,3235786
3235786,3235850
3235850,3235889
3235889,3235978
3235978,3236004
3236004,3236031
3236031,3236138
3236138,3236162
3236162,3236259
3236259,3236270
3236270,3236421
3236421,3236432
3236432,3236517
3236517,3236730
3236730,3236740
3236740,3236802
3236802,3237029
3237029,3237060
3237060,3237098
3237098,3237122
3237122,3237189
3237189,3237260
3237260,3237286
3237286,3237424
3237424,3237498
3237498,3237499
3237499,3237573
3237573,3237600
3237600,3237610
3237610,3237671
3237671,3237694
3237694,3237804
3237804,3237871
3237871,3237913
3237913,3238118
3238118,3238461
3238461,3238629
3238629,3238635
3238635,3238704
3238704,3238778
3238778,3239071
3239071,3239175
3239175,3239358
3239358,3239494
3239494,3239530
3239530,3239609
3239609,3239630
3239630,3239675
3239675,3239676
3239676,3239840
3239840,3240087
3240087,3240161
3240161,3240181
3240181,3240192
3240192,3240249
3240249,3240316
3240316,3240493
3240493,3240521
3240521,3240601
3240601,3240947
3240947,3240989
3240989,3241043
3241043,3241052
3241052,3241053
3241053,3241058
3241058,3241087
3241087,3241177
3241177,3241420
3241420,3241465
3241465,3241603
3241603,3241718
3241718,3241885
3241885,3242081
3242081,3242119
3242119,3242288
3242288,3242291
3242291,3242319
3242319,3242401
3242401,3242460
3242460,3242500
3242500,3242544
3242544,3242607
3242607,3242675
3242675,3242796
3242796,3242847
3242847,3242920
3242920,3243059
3243059,3243075
3243075,3243118
3243118,3243342
3243342,3243440
3243440,3243462
3243462,3243615
3243615,3243633
3243633,3243666
3243666,3243696
3243696,3243814
3243814,3243826
3243826,3243894
3243894,3243922
3243922,3243987
3243987,3244014
3244014,3244055
3244055,3244065
3244065,3244066
3244066,3244117
3244117,3244224
3244224,3244489
3244489,3244519
3244519,3244615
3244615,3244666
3244666,3244969
3244969,3244976
3244976,3244981
3244981,3245064
3245064,3245244
3245244,3245454
3245454,3245546
3245546,3245556
3245556,3245641
3245641,3246297
3246297,3246408
3246408,3246446
3246446,3246470
3246470,3246498
3246498,3246696
3246696,3247058
3247058,3247304
3247304,3247389
3247389,3247496
3247496,3247537
3247537,3247818
3247818,3247939
3247939,3248041
3248041,3248140
3248140,3248259
3248259,3248459
3248459,3248615
3248615,3248655
3248655,3248703
3248703,3248748
3248748,3248891
3248891,3249060
3249060,3249113
3249113,3249328
3249328,3249351
3249351,3249453
3249453,3249523
3249523,3249677
3249677,3249775
3249775,3249798
3249798,3249907
3249907,3250122
3250122,3250154
3250154,3250250
3250250,3250277
3250277,3250305
3250305,3250315
3250315,3250369
3250369,3250393
3250393,3250494
3250494,3250597
3250597,3250740
3250740,3250741
3250741,3250882
3250882,3250910
3250910,3250933
3250933,3250950
3250950,3250964
3250964,3250987
3250987,3251011
3251011,3251021
3251021,3251238
3251238,3251241
3251241,3251245
3251245,3251250
3251250,3251254
3251254,3251318
3251318,3251352
3251352,3251427
3251427,3251443
3251443,3251502
3251502,3251671
3251671,3251678
3251678,3251824
3251824,3251980
3251980,3252016
3252016,3252083
3252083,3252163
3252163,3252173
3252173,3252572
3252572,3252935
3252935,3253082
3253082,3253608
3253608,3253631
3253631,3253675
3253675,3253774
3253774,3254106
3254106,3254335
3254335,3254350
3254350,3254383
3254383,3254511
3254511,3254553
3254553,3254599
3254599,3254648
3254648,3254664
3254664,3254697
3254697,3254715
3254715,3254772
3254772,3254808
3254808,3254825
3254825,3254851
3254851,3254997
3254997,3255219
3255219,3255267
3255267,3255297
3255297,3255410
3255410,3255421
3255421,3255436
3255436,3255447
3255447,3255698
3255698,3255816
3255816,3255861
3255861,3255863
3255863,3255864
3255864,3255889
3255889,3255903
3255903,3256431
3256431,3256677
3256677,3256861
3256861,3256977
3256977,3257270
3257270,3257452
3257452,3257593
3257593,3257684
3257684,3258041
3258041,3258293
3258293,3258322
3258322,3258480
3258480,3258518
3258518,3258627
3258627,3258726
3258726,3258754
3258754,3258787
3258787,3258800
3258800,3258809
3258809,3258861
3258861,3258881
3258881,3258914
3258914,3259040
3259040,3259054
3259054,3259228
3259228,3259351
3259351,3259392
3259392,3259409
3259409,3259452
3259452,3259574
3259574,3259587
3259587,3260602
3260602,3260791
3260791,3260818
3260818,3260985
3260985,3261003
3261003,3261142
3261142,3261272
3261272,3261362
3261362,3261563
3261563,3261573
3261573,3261579
3261579,3261688
3261688,3261692
3261692,3261757
3261757,3261847
3261847,3261902
3261902,3262033
3262033,3262262
3262262,3262378
3262378,3262379
3262379,3262404
3262404,3262434
3262434,3262444
3262444,3262727
3262727,3262853
3262853,3262934
3262934,3262961
3262961,3262972
3262972,3263124
3263124,3263131
3263131,3263134
3263134,3263323
3263323,3263367
3263367,3263436
3263436,3263577
3263577,3263653
3263653,3263673
3263673,3263727
3263727,3263758
3263758,3263820
3263820,3263997
3263997,3264121
3264121,3264315
3264315,3264534
3264534,3264592
3264592,3264651
3264651,3264694
3264694,3264727
3264727,3264868
3264868,3264971
3264971,3265064
3265064,3265088
3265088,3265314
3265314,3265361
3265361,3265520
3265520,3265570
3265570,3265628
3265628,3265633
3265633,3265651
3265651,3265689
3265689,3266026
3266026,3266050
3266050,3266110
3266110,3266138
3266138,3266172
3266172,3266379
3266379,3266428
3266428,3266534
3266534,3266545
3266545,3266586
3266586,3266668
3266668,3266735
3266735,3266848
3266848,3266884
3266884,3267024
3267024,3267473
3267473,3267504
3267504,3267628
3267628,3267887
3267887,3267933
3267933,3268025
3268025,3268041
3268041,3268414
3268414,3268513
3268513,3268766
3268766,3268776
3268776,3268895
3268895,3268898
3268898,3269064
3269064,3269068
3269068,3269143
3269143,3269352
3269352,3269378
3269378,3269407
3269407,3269590
3269590,3269635
3269635,3269800
3269800,3269858
3269858,3269874
3269874,3269981
3269981,3270054
3270054,3270056
3270056,3270106
3270106,3270200
3270200,3270525
3270525,3270535
3270535,3270564
3270564,3270594
3270594,3271013
3271013,3271203
3271203,3271346
3271346,3271496
3271496,3271549
3271549,3271551
3271551,3271571
3271571,3271823
3271823,3272003
3272003,3272027
3272027,3272251
3272251,3272269
3272269,3272279
3272279,3272347
3272347,3272395
3272395,3272661
3272661,3272674
3272674,3272682
3272682,3272692
3272692,3272802
3272802,3272814
3272814,3272879
3272879,3272890
3272890,3272935
3272935,3273005
3273005,3273157
3273157,3273165
3273165,3273187
3273187,3273280
3273280,3273395
3273395,3273412
3273412,3273519
3273519,3273866
3273866,3273882
3273882,3274105
3274105,3274351
3274351,3274464
3274464,3274493
3274493,3274617
3274617,3274650
3274650,3274661
3274661,3274869
3274869,3274893
3274893,3274919
3274919,3274940
3274940,3274941
3274941,3274968
3274968,3274971
3274971,3274985
3274985,3275035
3275035,3275036
3275036,3275076
3275076,3275096
3275096,3275163
3275163,3275195
3275195,3275242
3275242,3275344
3275344,3275480
3275480,3275489
3275489,3275530
3275530,3275544
3275544,3275582
3275582,3275704
3275704,3275993
3275993,3276002
3276002,3276048
3276048,3276054
3276054,3276062
3276062,3276247
3276247,3276316
3276316,3276319
3276319,3276340
3276340,3276379
3276379,3276441
3276441,3276591
3276591,3276632
3276632,3276651
3276651,3276666
3276666,3276784
3276784,3276999
3276999,3277131
3277131,3277311
3277311,3277352
3277352,3277594
3277594,3277600
3277600,3277985
3277985,3277990
3277990,3278016
3278016,3278338
3278338,3278455
3278455,3278500
3278500,3278504
3278504,3278622
3278622,3278640
3278640,3278845
3278845,3278897
3278897,3278960
3278960,3279006
3279006,3279042
3279042,3279224
3279224,3279235
3279235,3279325
3279325,3279327
3279327,3279338
3279338,3279428
3279428,3279579
3279579,3279869
3279869,3279959
3279959,3279971
3279971,3280037
3280037,3280069
3280069,3280129
3280129,3280136
3280136,3280278
3280278,3280286
3280286,3280384
3280384,3280968
3280968,3281032
3281032,3281225
3281225,3281256
3281256,3281379
3281379,3281531
3281531,3281584
3281584,3281775
3281775,3281826
3281826,3281835
3281835,3281855
3281855,3281975
3281975,3282304
3282304,3282333
3282333,3282342
3282342,3282351
3282351,3282364
3282364,3282682
3282682,3282766
3282766,3282832
3282832,3282835
3282835,3282968
3282968,3282974
3282974,3283157
3283157,3283158
3283158,3283218
3283218,3283224
3283224,3283466
3283466,3283469
3283469,3283532
3283532,3283539
3283539,3283774
3283774,3283795
3283795,3283845
3283845,3283865
3283865,3283994
3283994,3284144
3284144,3284227
3284227,3284252
3284252,3284343
3284343,3284374
3284374,3284394
3284394,3284481
3284481,3284630
3284630,3284650
3284650,3284716
3284716,3284793
3284793,3284822
3284822,3285011
3285011,3285050
3285050,3285064
3285064,3285134
3285134,3285200
3285200,3285278
3285278,3285309
3285309,3285358
3285358,3285544
3285544,3285827
3285827,3285912
3285912,3285997
3285997,3286393
3286393,3286411
3286411,3286436
3286436,3286437
3286437,3286439
3286439,3286766
3286766,3286811
3286811,3286840
3286840,3286847
3286847,3287126
3287126,3287162
3287162,3287278
3287278,3287292
3287292,3287313
3287313,3287316
3287316,3287419
3287419,3287506
3287506,3287628
3287628,3287663
3287663,3287823
3287823,3287842
3287842,3287920
3287920,3287946
3287946,3288047
3288047,3288337
3288337,3288539
3288539,3288617
3288617,3288799
3288799,3288804
3288804,3288902
3288902,3288991
3288991,3289033
3289033,3289266
3289266,3289353
3289353,3289394
3289394,3289399
3289399,3289402
3289402,3289410
3289410,3289513
3289513,3289539
3289539,3289679
3289679,3289732
3289732,3289785
3289785,3289811
3289811,3289876
3289876,3289901
3289901,3289949
3289949,3289953
3289953,3289987
3289987,3290136
3290136,3290168
3290168,3290257
3290257,3290291
3290291,3290381
3290381,3290667
3290667,3290686
3290686,3290993
3290993,3291130
3291130,3291147
3291147,3291285
3291285,3291363
3291363,3291426
3291426,3291480
3291480,3291483
3291483,3291735
3291735,3291828
3291828,3291952
3291952,3292020
3292020,3292026
3292026,3292131
3292131,3292134
3292134,3292141
3292141,3292189
3292189,3292387
3292387,3292395
3292395,3292408
3292408,3292459
3292459,3292509
3292509,3292550
3292550,3292587
3292587,3292597
3292597,3292723
3292723,3292739
3292739,3292807
3292807,3292913
3292913,3292938
3292938,3292981
3292981,3293003
3293003,3293044
3293044,3293187
3293187,3293331
3293331,3293419
3293419,3293431
3293431,3293556
3293556,3293561
3293561,3293641
3293641,3293699
3293699,3293797
3293797,3293807
3293807,3293847
3293847,3293891
3293891,3293975
3293975,3294035
3294035,3294069
3294069,3294165
3294165,3294278
3294278,3294310
3294310,3294346
3294346,3294356
3294356,3294522
3294522,3294691
3294691,3294773
3294773,3294805
3294805,3294890
3294890,3294923
3294923,3294932
3294932,3295008
3295008,3295118
3295118,3295171
3295171,3295183
3295183,3295184
3295184,3295262
3295262,3295414
3295414,3295615
3295615,3295622
3295622,3295699
3295699,3295778
3295778,3295895
3295895,3295952
3295952,3296030
3296030,3296068
3296068,3296228
3296228,3296263
3296263,3296313
3296313,3296365
3296365,3296379
3296379,3296430
3296430,3296467
3296467,3296595
3296595,3296601
3296601,3296621
3296621,3296651
3296651,3296745
3296745,3296839
3296839,3296905
3296905,3297073
3297073,3297115
3297115,3297119
3297119,3297124
3297124,3297133
3297133,3297144
3297144,3297183
3297183,3297189
3297189,3297306
3297306,3297354
3297354,3297403
3297403,3297476
3297476,3297734
3297734,3297848
3297848,3297869
3297869,3297944
3297944,3297971
3297971,3297977
3297977,3297980
3297980,3298152
3298152,3298259
3298259,3298370
3298370,3298464
3298464,3298558
3298558,3298569
3298569,3298649
3298649,3298689
3298689,3298810
3298810,3298842
3298842,3298909
3298909,3298930
3298930,3298934
3298934,3298945
3298945,3299148
3299148,3299179
3299179,3299183
3299183,3299220
3299220,3299376
3299376,3299403
3299403,3299516
3299516,3299575
3299575,3299649
3299649,3299662
3299662,3299977
3299977,3300166
3300166,3300336
3300336,3300343
3300343,3300404
3300404,3300456
3300456,3300872
3300872,3300919
3300919,3301351
3301351,3301381
3301381,3301536
3301536,3301771
3301771,3301868
3301868,3301923
3301923,3301938
3301938,3301976
3301976,3302225
3302225,3302347
3302347,3302863
3302863,3303047
3303047,3303408
3303408,3303434
3303434,3303518
3303518,3303525
3303525,3303576
3303576,3303623
3303623,3303936
3303936,3304174
3304174,3304284
3304284,3304364
3304364,3304418
3304418,3304460
3304460,3304539
3304539,3304714
3304714,3304983
3304983,3305171
3305171,3305299
3305299,3305459
3305459,3306005
3306005,3306190
3306190,3306201
3306201,3306432
3306432,3306447
3306447,3306480
3306480,3306527
3306527,3306601
3306601,3306736
3306736,3306938
3306938,3306940
3306940,3307054
3307054,3307153
3307153,3307182
3307182,3307232
3307232,3307305
3307305,3307456
3307456,3307848
3307848,3307974
3307974,3308024
3308024,3308067
3308067,3308174
3308174,3308316
3308316,3308652
3308652,3308869
3308869,3308991
3308991,3309127
3309127,3309162
3309162,3309279
3309279,3309586
3309586,3309593
3309593,3309669
3309669,3309706
3309706,3309755
3309755,3310067
3310067,3310145
3310145,3310221
3310221,3310371
3310371,3310509
3310509,3310521
3310521,3310568
3310568,3310622
3310622,3311383
3311383,3311815
3311815,3311819
3311819,3311866
3311866,3311967
3311967,3311987
3311987,3312101
3312101,3312186
3312186,3312368
3312368,3312421
3312421,3312605
3312605,3312643
3312643,3313227
3313227,3313253
3313253,3313263
3313263,3313313
3313313,3313409
3313409,3313694
3313694,3313982
3313982,3314053
3314053,3314082
3314082,3314350
3314350,3314378
3314378,3314381
3314381,3314458
3314458,3314491
3314491,3314513
3314513,3314676
3314676,3314808
3314808,3314827
3314827,3314942
3314942,3315118
3315118,3315232
3315232,3315262
3315262,3315349
3315349,3315385
3315385,3315474
3315474,3315519
3315519,3315527
3315527,3315654
3315654,3315718
3315718,3315731
3315731,3315937
3315937,3315973
3315973,3316060
3316060,3316258
3316258,3316467
3316467,3316830
3316830,3316978
3316978,3316988
3316988,3317034
3317034,3317082
3317082,3317158
3317158,3317307
3317307,3317329
3317329,3317503
3317503,3317524
3317524,3317549
3317549,3317586
3317586,3317755
3317755,3317893
3317893,3317978
3317978,3318005
3318005,3318081
3318081,3318234
3318234,3318283
3318283,3318323
3318323,3318368
3318368,3318447
3318447,3318448
3318448,3318494
3318494,3318567
3318567,3318599
3318599,3318621
3318621,3318635
3318635,3318669
3318669,3318686
3318686,3318727
3318727,3318871
3318871,3318899
3318899,3318926
3318926,3318981
3318981,3318983
3318983,3319041
3319041,3319056
3319056,3319064
3319064,3319103
3319103,3319123
3319123,3319153
3319153,3319177
3319177,3319181
3319181,3319189
3319189,3319192
3319192,3319198
3319198,3319228
3319228,3319234
3319234,3319295
3319295,3319335
3319335,3319337
3319337,3319469
3319469,3319498
3319498,3319506
3319506,3319554
3319554,3319560
3319560,3319643
3319643,3319655
3319655,3319672
3319672,3319675
3319675,3319694
3319694,3319726
3319726,3319737
3319737,3319759
3319759,3319779
3319779,3319878
3319878,3319906
3319906,3319928
3319928,3319933
3319933,3319999
3319999,3320017
3320017,3320038
3320038,3320086
3320086,3320099
3320099,3320135
3320135,3320147
3320147,3320153
3320153,3320182
3320182,3320196
3320196,3320228
3320228,3320235
3320235,3320262
3320262,3320283
3320283,3320304
3320304,3320312
3320312,3320358
3320358,3320359
3320359,3320392
3320392,3320421
3320421,3320483
3320483,3320555
3320555,3320571
3320571,3320572
3320572,3320612
3320612,3320653
3320653,3320720
3320720,3320880
3320880,3320883
3320883,3321006
3321006,3321017
3321017,3321084
3321084,3321100
3321100,3321231
3321231,3321267
3321267,3321297
3321297,3321359
3321359,3321409
3321409,3321442
3321442,3321454
3321454,3321632
3321632,3321691
3321691,3321703
3321703,3321737
3321737,3321752
3321752,3321760
3321760,3321824
3321824,3321875
3321875,3322397
3322397,3322441
3322441,3322445
3322445,3322735
3322735,3322790
3322790,3322847
3322847,3322864
3322864,3322872
3322872,3322877
3322877,3322988
3322988,3322998
3322998,3323014
3323014,3323032
3323032,3323071
3323071,3323104
3323104,3323108
3323108,3323232
3323232,3323287
3323287,3323357
3323357,3323416
3323416,3323473
3323473,3323475
3323475,3323521
3323521,3323550
3323550,3323613
3323613,3323748
3323748,3323766
3323766,3323781
3323781,3323989
3323989,3324134
3324134,3324398
3324398,3324816
3324816,3324923
3324923,3324931
3324931,3324990
3324990,3325115
3325115,3325229
3325229,3325359
3325359,3325405
3325405,3325528
3325528,3325546
3325546,3325725
3325725,3326026
3326026,3326070
3326070,3326282
3326282,3326294
3326294,3326388
3326388,3326397
3326397,3326795
3326795,3326870
3326870,3326921
3326921,3327005
3327005,3327042
3327042,3327204
3327204,3327212
3327212,3327244
3327244,3327361
3327361,3327559
3327559,3327694
3327694,3327758
3327758,3328096
3328096,3328231
3328231,3328311
3328311,3328501
3328501,3328667
3328667,3328669
3328669,3328835
3328835,3329012
3329012,3329055
3329055,3329498
3329498,3329596
3329596,3329612
3329612,3329704
3329704,3330157
3330157,3330193
3330193,3330465
3330465,3330615
3330615,3330867
3330867,3331012
3331012,3331209
3331209,3331247
3331247,3331248
3331248,3331379
3331379,3331696
3331696,3331761
3331761,3331862
3331862,3332166
3332166,3332432
3332432,3332849
3332849,3332934
3332934,3333052
3333052,3333069
3333069,3333098
3333098,3333175
3333175,3333412
3333412,3333448
3333448,3333542
3333542,3333716
3333716,3333882
3333882,3334145
3334145,3334260
3334260,3334303
3334303,3334313
3334313,3334322
3334322,3334466
3334466,3334506
3334506,3334597
3334597,3334633
3334633,3334686
3334686,3334747
3334747,3334786
3334786,3335026
3335026,3335069
3335069,3335295
3335295,3335409
3335409,3335560
3335560,3335651
3335651,3335743
3335743,3336431
3336431,3336510
3336510,3336696
3336696,3336705
3336705,3336721
3336721,3336814
3336814,3336921
3336921,3337178
3337178,3337188
3337188,3337422
3337422,3337423
3337423,3337797
3337797,3337799
3337799,3337957
3337957,3338050
3338050,3338160
3338160,3338204
3338204,3338371
3338371,3338488
3338488,3338568
3338568,3338577
3338577,3338787
3338787,3338933
3338933,3338996
3338996,3339025
3339025,3339037
3339037,3339051
3339051,3339075
3339075,3339091
3339091,3339149
3339149,3339174
3339174,3339176
3339176,3339274
3339274,3339314
3339314,3339340
3339340,3339419
3339419,3339494
3339494,3339500
3339500,3339531
3339531,3339565
3339565,3339638
3339638,3339675
3339675,3339676
3339676,3339687
3339687,3339746
3339746,3339819
3339819,3339972
3339972,3339973
3339973,3340084
3340084,3340121
3340121,3340138
3340138,3340148
3340148,3340303
3340303,3340426
3340426,3340640
3340640,3340959
3340959,3341029
3341029,3341047
3341047,3341180
3341180,3341232
3341232,3341247
3341247,3341365
3341365,3341425
3341425,3341430
3341430,3341438
3341438,3341488
3341488,3341520
3341520,3341531
3341531,3341698
3341698,3341842
3341842,3341940
3341940,3342183
3342183,3342204
3342204,3342214
3342214,3342252
3342252,3342258
3342258,3342300
3342300,3342411
3342411,3342595
3342595,3342599
3342599,3342636
3342636,3342644
3342644,3342670
3342670,3342858
3342858,3343159
3343159,3343172
3343172,3343174
3343174,3343199
3343199,3343253
3343253,3343259
3343259,3343295
3343295,3343340
3343340,3343408
3343408,3343488
3343488,3343588
3343588,3343591
3343591,3343656
3343656,3343689
3343689,3343722
3343722,3343739
3343739,3343819
3343819,3343829
3343829,3343893
3343893,3343935
3343935,3343991
3343991,3344497
3344497,3344739
3344739,3344759
3344759,3344778
3344778,3344810
3344810,3344825
3344825,3344881
3344881,3344946
3344946,3344978
3344978,3345032
3345032,3345233
3345233,3345316
3345316,3345446
3345446,3345662
3345662,3345735
3345735,3345816
3345816,3345986
3345986,3346033
3346033,3346105
3346105,3346111
3346111,3346126
3346126,3346200
3346200,3346240
3346240,3346295
3346295,3346324
3346324,3346412
3346412,3346471
3346471,3346490
3346490,3346622
3346622,3346690
3346690,3346765
3346765,3346830
3346830,3346947
3346947,3346975
3346975,3347133
3347133,3347251
3347251,3347289
3347289,3347343
3347343,3347354
3347354,3347383
3347383,3347393
3347393,3347593
3347593,3347678
3347678,3347940
3347940,3347954
3347954,3348011
3348011,3348114
3348114,3348241
3348241,3348350
3348350,3348365
3348365,3348425
3348425,3348467
3348467,3348595
3348595,3348648
3348648,3348825
3348825,3348833
3348833,3348843
3348843,3349005
3349005,3349037
3349037,3349039
3349039,3349053
3349053,3349319
3349319,3349492
3349492,3349671
3349671,3349859
3349859,3349952
3349952,3349993
3349993,3350067
3350067,3350092
3350092,3350119
3350119,3350178
3350178,3350347
3350347,3350745
3350745,3351042
3351042,3351069
3351069,3351071
3351071,3351100
3351100,3351176
3351176,3351318
3351318,3351333
3351333,3351438
3351438,3351480
3351480,3351552
3351552,3351597
3351597,3351986
3351986,3352171
3352171,3352282
3352282,3352424
3352424,3352449
3352449,3352497
3352497,3352585
3352585,3352672
3352672,3352679
3352679,3352790
3352790,3352908
3352908,3353060
3353060,3353325
3353325,3353332
3353332,3353517
3353517,3353627
3353627,3353630
3353630,3353654
3353654,3353687
3353687,3354207
3354207,3354257
3354257,3354274
3354274,3354307
3354307,3354427
3354427,3354445
3354445,3354461
3354461,3354538
3354538,3354546
3354546,3354547
3354547,3354581
3354581,3354643
3354643,3354804
3354804,3354821
3354821,3354933
3354933,3354967
3354967,3355242
3355242,3355277
3355277,3355312
3355312,3355439
3355439,3355463
3355463,3355530
3355530,3355592
3355592,3355653
3355653,3355672
3355672,3355700
3355700,3355864
3355864,3356014
3356014,3356066
3356066,3356138
3356138,3356371
3356371,3356436
3356436,3356668
3356668,3356674
3356674,3356675
3356675,3356680
3356680,3356684
3356684,3356689
3356689,3356772
3356772,3356788
3356788,3356991
3356991,3357226
3357226,3357393
3357393,3357413
3357413,3357419
3357419,3357477
3357477,3357678
3357678,3357739
3357739,3357748
3357748,3357760
3357760,3357765
3357765,3357768
3357768,3357830
3357830,3357889
3357889,3357967
3357967,3357989
3357989,3358027
3358027,3358184
3358184,3358208
3358208,3358249
3358249,3358292
3358292,3358348
3358348,3358360
3358360,3358396
3358396,3358416
3358416,3358446
3358446,3358462
3358462,3358478
3358478,3358505
3358505,3358512
3358512,3358584
3358584,3358608
3358608,3358624
3358624,3358733
3358733,3358748
3358748,3358860
3358860,3358978
3358978,3359053
3359053,3359059
3359059,3359207
3359207,3359405
3359405,3359450
3359450,3359650
3359650,3359652
3359652,3359685
3359685,3359699
3359699,3359707
3359707,3359723
3359723,3359828
3359828,3359927
3359927,3359932
3359932,3360423
3360423,3360449
3360449,3360459
3360459,3360500
3360500,3360502
3360502,3360552
3360552,3360561
3360561,3360580
3360580,3360586
3360586,3360598
3360598,3360601
3360601,3360642
3360642,3360646
3360646,3360647
3360647,3360658
3360658,3360679
3360679,3360761
3360761,3360770
3360770,3360774
3360774,3360817
3360817,3360821
3360821,3360822
3360822,3360842
3360842,3360862
3360862,3360884
3360884,3360894
3360894,3360917
3360917,3361074
3361074,3361393
3361393,3361588
3361588,3361673
3361673,3361689
3361689,3361707
3361707,3361794
3361794,3361861
3361861,3361893
3361893,3361974
3361974,3362014
3362014,3362081
3362081,3362177
3362177,3362739
3362739,3362805
3362805,3362840
3362840,3362859
3362859,3363244
3363244,3363313
3363313,3363405
3363405,3363452
3363452,3363509
3363509,3363605
3363605,3363619
3363619,3363830
3363830,3363862
3363862,3363886
3363886,3363925
3363925,3364196
3364196,3364214
3364214,3364261
3364261,3364267
3364267,3364320
3364320,3364448
3364448,3364451
3364451,3364520
3364520,3364570
3364570,3364654
3364654,3364688
3364688,3364769
3364769,3364891
3364891,3364912
3364912,3365068
3365068,3365306
3365306,3365395
3365395,3365402
3365402,3365414
3365414,3365451
3365451,3365560
3365560,3365782
3365782,3365881
3365881,3365995
3365995,3366109
3366109,3366118
3366118,3366137
3366137,3366143
3366143,3366148
3366148,3366319
3366319,3366324
3366324,3366337
3366337,3366453
3366453,3366531
3366531,3366619
3366619,3366738
3366738,3366854
3366854,3366901
3366901,3366920
3366920,3366986
3366986,3367026
3367026,3367103
3367103,3367147
3367147,3367148
3367148,3367187
3367187,3367282
3367282,3367325
3367325,3367380
3367380,3367525
3367525,3367532
3367532,3367722
3367722,3367795
3367795,3367812
3367812,3368009
3368009,3368053
3368053,3368099
3368099,3368202
3368202,3368287
3368287,3368493
3368493,3368547
3368547,3368563
3368563,3368576
3368576,3368582
3368582,3368611
3368611,3368632
3368632,3368670
3368670,3368827
3368827,3368877
3368877,3368896
3368896,3368961
3368961,3368968
3368968,3368978
3368978,3369182
3369182,3369264
3369264,3369297
3369297,3369302
3369302,3369336
3369336,3369365
3369365,3369454
3369454,3369468
3369468,3369538
3369538,3369550
3369550,3369565
3369565,3369585
3369585,3369676
3369676,3369700
3369700,3369721
3369721,3369814
3369814,3369847
3369847,3369874
3369874,3369900
3369900,3369928
3369928,3369975
3369975,3370000
3370000,3370019
3370019,3370037
3370037,3370038
3370038,3370094
3370094,3370281
3370281,3370350
3370350,3370410
3370410,3370449
3370449,3370631
3370631,3370727
3370727,3370729
3370729,3370743
3370743,3370745
3370745,3370815
3370815,3370853
3370853,3370880
3370880,3371084
3371084,3371085
3371085,3371124
3371124,3371248
3371248,3371265
3371265,3371307
3371307,3371516
3371516,3371560
3371560,3371579
3371579,3371961
3371961,3372192
3372192,3372255
3372255,3372357
3372357,3372558
3372558,3372679
3372679,3372864
3372864,3373113
3373113,3373198
3373198,3373214
3373214,3373245
3373245,3373265
3373265,3373373
3373373,3373653
3373653,3373667
3373667,3373968
3373968,3374062
3374062,3374093
3374093,3374136
3374136,3374146
3374146,3374209
3374209,3374516
3374516,3374711
3374711,3375195
3375195,3375228
3375228,3375277
3375277,3375487
3375487,3375507
3375507,3375525
3375525,3375533
3375533,3375536
3375536,3375587
3375587,3375851
3375851,3375916
3375916,3375989
3375989,3376055
3376055,3376144
3376144,3376161
3376161,3376279
3376279,3376658
3376658,3376695
3376695,3376697
3376697,3376711
3376711,3376770
3376770,3376842
3376842,3376881
3376881,3377063
3377063,3377140
3377140,3377261
3377261,3377280
3377280,3377286
3377286,3377384
3377384,3377429
3377429,3377469
3377469,3377610
3377610,3377732
3377732,3377804
3377804,3378038
3378038,3378212
3378212,3378247
3378247,3378298
3378298,3378457
3378457,3378611
3378611,3378626
3378626,3378640
3378640,3378769
3378769,3378803
3378803,3378825
3378825,3378897
3378897,3378911
3378911,3378944
3378944,3378970
3378970,3379117
3379117,3379157
3379157,3379249
3379249,3379274
3379274,3379327
3379327,3379349
3379349,3379430
3379430,3379470
3379470,3379487
3379487,3379497
3379497,3379519
3379519,3379583
3379583,3379666
3379666,3379692
3379692,3379888
3379888,3380023
3380023,3380027
3380027,3380073
3380073,3380096
3380096,3380233
3380233,3380251
3380251,3380396
3380396,3380457
3380457,3380461
3380461,3380472
3380472,3380512
3380512,3380916
3380916,3380939
3380939,3381006
3381006,3381019
3381019,3381231
3381231,3381237
3381237,3381263
3381263,3381392
3381392,3381429
3381429,3381491
3381491,3381619
3381619,3381628
3381628,3381659
3381659,3381683
3381683,3381751
3381751,3381799
3381799,3381821
3381821,3381843
3381843,3381957
3381957,3381974
3381974,3381980
3381980,3382072
3382072,3382094
3382094,3382236
3382236,3382296
3382296,3382317
3382317,3382318
3382318,3382572
3382572,3382666
3382666,3382723
3382723,3382741
3382741,3382749
3382749,3382766
3382766,3382816
3382816,3382859
3382859,3382910
3382910,3383104
3383104,3383149
3383149,3383320
3383320,3383374
3383374,3383602
3383602,3383625
3383625,3383984
3383984,3384000
3384000,3384131
3384131,3384220
3384220,3384221
3384221,3384302
3384302,3384316
3384316,3384497
3384497,3384785
3384785,3384953
3384953,3384965
3384965,3384970
3384970,3384997
3384997,3385152
3385152,3385159
3385159,3385271
3385271,3385286
3385286,3385372
3385372,3385375
3385375,3385493
3385493,3385581
3385581,3385617
3385617,3385629
3385629,3385775
3385775,3386042
3386042,3386055
3386055,3386129
3386129,3386264
3386264,3386278
3386278,3386414
3386414,3386491
3386491,3386577
3386577,3386718
3386718,3386837
3386837,3386979
3386979,3386981
3386981,3386983
3386983,3386989
3386989,3387780
3387780,3387808
3387808,3387823
3387823,3387976
3387976,3388082
3388082,3388208
3388208,3388243
3388243,3388263
3388263,3388279
3388279,3388310
3388310,3388332
3388332,3388410
3388410,3388458
3388458,3388538
3388538,3388574
3388574,3388713
3388713,3388737
3388737,3388812
3388812,3388862
3388862,3388877
3388877,3389127
3389127,3389161
3389161,3389206
3389206,3389261
3389261,3389299
3389299,3389836
3389836,3390069
3390069,3390205
3390205,3390441
3390441,3390547
3390547,3390572
3390572,3390629
3390629,3390669
3390669,3390713
3390713,3390742
3390742,3390769
3390769,3390957
3390957,3390989
3390989,3391390
3391390,3392062
3392062,3392079
3392079,3392099
3392099,3392104
3392104,3392148
3392148,3392172
3392172,3392234
3392234,3392271
3392271,3392346
3392346,3392392
3392392,3392440
3392440,3392575
3392575,3392609
3392609,3393397
3393397,3393537
3393537,3393878
3393878,3393918
3393918,3394019
3394019,3394088
3394088,3394089
3394089,3394113
3394113,3394222
3394222,3394223
3394223,3394226
3394226,3394238
3394238,3394295
3394295,3394430
3394430,3394634
3394634,3394676
3394676,3394772
3394772,3394836
3394836,3395022
3395022,3395047
3395047,3395081
3395081,3395178
3395178,3395191
3395191,3395254
3395254,3395266
3395266,3395337
3395337,3395369
3395369,3395417
3395417,3395479
3395479,3395732
3395732,3395849
3395849,3396053
3396053,3396076
3396076,3396080
3396080,3396107
3396107,3396123
3396123,3396129
3396129,3396163
3396163,3396195
3396195,3396354
3396354,3396387
3396387,3396638
3396638,3396660
3396660,3396717
3396717,3396787
3396787,3397022
3397022,3397194
3397194,3397203
3397203,3397305
3397305,3397312
3397312,3397399
3397399,3397669
3397669,3397821
3397821,3397844
3397844,3397883
3397883,3398107
3398107,3398154
3398154,3398160
3398160,3398218
3398218,3398372
3398372,3398397
3398397,3398448
3398448,3398488
3398488,3398569
3398569,3398620
3398620,3398663
3398663,3398810
3398810,3398823
3398823,3398958
3398958,3399067
3399067,3399218
3399218,3399263
3399263,3399539
3399539,3399567
3399567,3399592
3399592,3399593
3399593,3399810
3399810,3399897
3399897,3400200
3400200,3400222
3400222,3400231
3400231,3400239
3400239,3400803
3400803,3401025
3401025,3401047
3401047,3401271
3401271,3401319
3401319,3401337
3401337,3401436
3401436,3401454
3401454,3401458
3401458,3401470
3401470,3401592
3401592,3401639
3401639,3401656
3401656,3401702
3401702,3401747
3401747,3401769
3401769,3401772
3401772,3401880
3401880,3402178
3402178,3402199
3402199,3402349
3402349,3402359
3402359,3402421
3402421,3402422
3402422,3402429
3402429,3402464
3402464,3402562
3402562,3402581
3402581,3402584
3402584,3402758
3402758,3402895
3402895,3403091
3403091,3403203
3403203,3403225
3403225,3403390
3403390,3403418
3403418,3403433
3403433,3403622
3403622,3403693
3403693,3403957
3403957,3404014
3404014,3404069
3404069,3404248
3404248,3404260
3404260,3404326
3404326,3404362
3404362,3404484
3404484,3404540
3404540,3404863
3404863,3404869
3404869,3404979
3404979,3405124
3405124,3405332
3405332,3405425
3405425,3405454
3405454,3405469
3405469,3405614
3405614,3405628
3405628,3405631
3405631,3405778
3405778,3405801
3405801,3405833
3405833,3405887
3405887,3405926
3405926,3406032
3406032,3406041
3406041,3406108
3406108,3406116
3406116,3406175
3406175,3406208
3406208,3406390
3406390,3406416
3406416,3406419
3406419,3406464
3406464,3406471
3406471,3406477
3406477,3406501
3406501,3406677
3406677,3406737
3406737,3406887
3406887,3406896
3406896,3406935
3406935,3406980
3406980,3406993
3406993,3407025
3407025,3407086
3407086,3407240
3407240,3407259
3407259,3407535
3407535,3407545
3407545,3407602
3407602,3407646
3407646,3407666
3407666,3408298
3408298,3408311
3408311,3408397
3408397,3408418
3408418,3408420
3408420,3408444
3408444,3408458
3408458,3408468
3408468,3408509
3408509,3408537
3408537,3408640
3408640,3408684
3408684,3408752
3408752,3408753
3408753,3408763
3408763,3408945
3408945,3408955
3408955,3408968
3408968,3408992
3408992,3409014
3409014,3409348
3409348,3409370
3409370,3409422
3409422,3409433
3409433,3409639
3409639,3409680
3409680,3409775
3409775,3409807
3409807,3409838
3409838,3409843
3409843,3409868
3409868,3409915
3409915,3409959
3409959,3409977
3409977,3410029
3410029,3410041
3410041,3410053
3410053,3410096
3410096,3410159
3410159,3410278
3410278,3410297
3410297,3410397
3410397,3410485
3410485,3410568
3410568,3410601
3410601,3410604
3410604,3410610
3410610,3410639
3410639,3410694
3410694,3410755
3410755,3410809
3410809,3410846
3410846,3410858
3410858,3411087
3411087,3411150
3411150,3411715
3411715,3412032
3412032,3412070
3412070,3412161
3412161,3412177
3412177,3412215
3412215,3412243
3412243,3412427
3412427,3412430
3412430,3412538
3412538,3412661
3412661,3412665
3412665,3412675
3412675,3412701
3412701,3412729
3412729,3412752
3412752,3412930
3412930,3413177
3413177,3413327
3413327,3413441
3413441,3413450
3413450,3413471
3413471,3413594
3413594,3413628
3413628,3413631
3413631,3413659
3413659,3413665
3413665,3413891
3413891,3413901
3413901,3413928
3413928,3413941
3413941,3413974
3413974,3414014
3414014,3414038
3414038,3414053
3414053,3414062
3414062,3414090
3414090,3414115
3414115,3414170
3414170,3414234
3414234,3414268
3414268,3414302
3414302,3414307
3414307,3414328
3414328,3414364
3414364,3414453
3414453,3414479
3414479,3414537
3414537,3414542
3414542,3414693
3414693,3414728
3414728,3414753
3414753,3414790
3414790,3414825
3414825,3415074
3415074,3415270
3415270,3415299
3415299,3415373
3415373,3415894
3415894,3416187
3416187,3416283
3416283,3416345
3416345,3416468
3416468,3416472
3416472,3416607
3416607,3416635
3416635,3416724
3416724,3416888
3416888,3416921
3416921,3417039
3417039,3417221
3417221,3417250
3417250,3417407
3417407,3418012
3418012,3418029
3418029,3418092
3418092,3418214
3418214,3418232
3418232,3418243
3418243,3418490
3418490,3418496
3418496,3418630
3418630,3418667
3418667,3418875
3418875,3419174
3419174,3419231
3419231,3419463
3419463,3419468
3419468,3419555
3419555,3419584
3419584,3419595
3419595,3419620
3419620,3419625
3419625,3419747
3419747,3419853
3419853,3419945
3419945,3419959
3419959,3420165
3420165,3420316
3420316,3420327
3420327,3420352
3420352,3420381
3420381,3420396
3420396,3420416
3420416,3420456
3420456,3420830
3420830,3420844
3420844,3420848
3420848,3420893
3420893,3421066
3421066,3421075
3421075,3421193
3421193,3421295
3421295,3421323
3421323,3421401
3421401,3421412
3421412,3421449
3421449,3421454
3421454,3421490
3421490,3421579
3421579,3421600
3421600,3421639
3421639,3421644
3421644,3421711
3421711,3421740
3421740,3421836
3421836,3421853
3421853,3421953
3421953,3422099
3422099,3422216
3422216,3422336
3422336,3422356
3422356,3422446
3422446,3422458
3422458,3422543
3422543,3422554
3422554,3422593
3422593,3422811
3422811,3422852
3422852,3422896
3422896,3422909
3422909,3423033
3423033,3423141
3423141,3423312
3423312,3423514
3423514,3423549
3423549,3423642
3423642,3423645
3423645,3423765
3423765,3423856
3423856,3423857
3423857,3424013
3424013,3424140
3424140,3424161
3424161,3424254
3424254,3424264
3424264,3424313
3424313,3424341
3424341,3424376
3424376,3424513
3424513,3424872
3424872,3425211
3425211,3425247
3425247,3425293
3425293,3425321
3425321,3425398
3425398,3425436
3425436,3425475
3425475,3425539
3425539,3425621
3425621,3425986
3425986,3426020
3426020,3426096
3426096,3426304
3426304,3426431
3426431,3426541
3426541,3426620
3426620,3426627
3426627,3426727
3426727,3426738
3426738,3426857
3426857,3426879
3426879,3427084
3427084,3427108
3427108,3427237
3427237,3427348
3427348,3427605
3427605,3427710
3427710,3427734
3427734,3428085
3428085,3428108
3428108,3428141
3428141,3428269
3428269,3428366
3428366,3428437
3428437,3428485
3428485,3428582
3428582,3428609
3428609,3428614
3428614,3428618
3428618,3428628
3428628,3428712
3428712,3428843
3428843,3428887
3428887,3428931
3428931,3429023
3429023,3429088
3429088,3429349
3429349,3429413
3429413,3429514
3429514,3429640
3429640,3429653
3429653,3429695
3429695,3429696
3429696,3429849
3429849,3429902
3429902,3429935
3429935,3429959
3429959,3429970
3429970,3430099
3430099,3430189
3430189,3430238
3430238,3430305
3430305,3430358
3430358,3430420
3430420,3430469
3430469,3430519
3430519,3430630
3430630,3430665
3430665,3430856
3430856,3430923
3430923,3430998
3430998,3431143
3431143,3431244
3431244,3431290
3431290,3431375
3431375,3431381
3431381,3431627
3431627,3431730
3431730,3431784
3431784,3432060
3432060,3432096
3432096,3432170
3432170,3432181
3432181,3432206
3432206,3432226
3432226,3432255
3432255,3432257
3432257,3432441
3432441,3432500
3432500,3432540
3432540,3432701
3432701,3432789
3432789,3432877
3432877,3432906
3432906,3432990
3432990,3433046
3433046,3433054
3433054,3433130
3433130,3433186
3433186,3433203
3433203,3433225
3433225,3433232
3433232,3433245
3433245,3433268
3433268,3433297
3433297,3433316
3433316,3433334
3433334,3433525
3433525,3433541
3433541,3433588
3433588,3433589
3433589,3433862
3433862,3433883
3433883,3433997
3433997,3434114
3434114,3434212
3434212,3434245
3434245,3434378
3434378,3434453
3434453,3434530
3434530,3434542
3434542,3434572
3434572,3434695
3434695,3434784
3434784,3434793
3434793,3434802
3434802,3434810
3434810,3434827
3434827,3434876
3434876,3435037
3435037,3435093
3435093,3435268
3435268,3435305
3435305,3435421
3435421,3435453
3435453,3435474
3435474,3435517
3435517,3435539
3435539,3435681
3435681,3435807
3435807,3435832
3435832,3435882
3435882,3436017
3436017,3436225
3436225,3436277
3436277,3436371
3436371,3436536
3436536,3436579
3436579,3436614
3436614,3436707
3436707,3436762
3436762,3437489
3437489,3437512
3437512,3437633
3437633,3437676
3437676,3437699
3437699,3437728
3437728,3438141
3438141,3438165
3438165,3438318
3438318,3438442
3438442,3438503
3438503,3438525
3438525,3438735
3438735,3438784
3438784,3438809
3438809,3438840
3438840,3438856
3438856,3438992
3438992,3439067
3439067,3439073
3439073,3439084
3439084,3439198
3439198,3439237
3439237,3439311
3439311,3439423
3439423,3439475
3439475,3439685
3439685,3439758
3439758,3439820
3439820,3439910
3439910,3439934
3439934,3439993
3439993,3440191
3440191,3440197
3440197,3440324
3440324,3440535
3440535,3440547
3440547,3440566
3440566,3440590
3440590,3440628
3440628,3440644
3440644,3440703
3440703,3440808
3440808,3440856
3440856,3440994
3440994,3441000
3441000,3441176
3441176,3441197
3441197,3441240
3441240,3441392
3441392,3441751
3441751,3441800
3441800,3441813
3441813,3441854
3441854,3441866
3441866,3441880
3441880,3441962
3441962,3442107
3442107,3442180
3442180,3442375
3442375,3442385
3442385,3442400
3442400,3442445
3442445,3442730
3442730,3442757
3442757,3442798
3442798,3442831
3442831,3442883
3442883,3443191
3443191,3443246
3443246,3443312
3443312,3443326
3443326,3443331
3443331,3443475
3443475,3443777
3443777,3443781
3443781,3443968
3443968,3444045
3444045,3444050
3444050,3444083
3444083,3444344
3444344,3444439
3444439,3444530
3444530,3444533
3444533,3444565
3444565,3444573
3444573,3444631
3444631,3444694
3444694,3444783
3444783,3444828
3444828,3444841
3444841,3444920
3444920,3445237
3445237,3445255
3445255,3445287
3445287,3445325
3445325,3445329
3445329,3445358
3445358,3445484
3445484,3445489
3445489,3445714
3445714,3445745
3445745,3445866
3445866,3445929
3445929,3445996
3445996,3446039
3446039,3446045
3446045,3446059
3446059,3446184
3446184,3446188
3446188,3446190
3446190,3446385
3446385,3446395
3446395,3446396
3446396,3446488
3446488,3446508
3446508,3446533
3446533,3446544
3446544,3446596
3446596,3446624
3446624,3446639
3446639,3446689
3446689,3446787
3446787,3446800
3446800,3446818
3446818,3446825
3446825,3446844
3446844,3446881
3446881,3446912
3446912,3447008
3447008,3447015
3447015,3447144
3447144,3447220
3447220,3447293
3447293,3447295
3447295,3447347
3447347,3447388
3447388,3447398
3447398,3447597
3447597,3447793
3447793,3447846
3447846,3447925
3447925,3447927
3447927,3448065
3448065,3448107
3448107,3448283
3448283,3448397
3448397,3448426
3448426,3448595
3448595,3448626
3448626,3448638
3448638,3448687
3448687,3448704
3448704,3448745
3448745,3448861
3448861,3448984
3448984,3449065
3449065,3449274
3449274,3449284
3449284,3449343
3449343,3449357
3449357,3449514
3449514,3449577
3449577,3449751
3449751,3449786
3449786,3449794
3449794,3449859
3449859,3449871
3449871,3449872
3449872,3449882
3449882,3449888
3449888,3450027
3450027,3450195
3450195,3450393
3450393,3450414
3450414,3450448
3450448,3450493
3450493,3450494
3450494,3450671
3450671,3450777
3450777,3450919
3450919,3450943
3450943,3450951
3450951,3451000
3451000,3451074
3451074,3451210
3451210,3451243
3451243,3451268
3451268,3451289
3451289,3451499
3451499,3451507
3451507,3451598
3451598,3451613
3451613,3451622
3451622,3451670
3451670,3451715
3451715,3451916
3451916,3451918
3451918,3451988
3451988,3452003
3452003,3452049
3452049,3452064
3452064,3452257
3452257,3452259
3452259,3452281
3452281,3452319
3452319,3452321
3452321,3452344
3452344,3452355
3452355,3452391
3452391,3452392
3452392,3452402
3452402,3452426
3452426,3452501
3452501,3452533
3452533,3452542
3452542,3452547
3452547,3452568
3452568,3452596
3452596,3452613
3452613,3452671
3452671,3452789
3452789,3452978
3452978,3453122
3453122,3453167
3453167,3453169
3453169,3453183
3453183,3453373
3453373,3453550
3453550,3453642
3453642,3453726
3453726,3453784
3453784,3453785
3453785,3453795
3453795,3453909
3453909,3453971
3453971,3454007
3454007,3454030
3454030,3454118
3454118,3454249
3454249,3454367
3454367,3454435
3454435,3454471
3454471,3454489
3454489,3454573
3454573,3454728
3454728,3454742
3454742,3454744
3454744,3454747
3454747,3454812
3454812,3454833
3454833,3454915
3454915,3454945
3454945,3454987
3454987,3455410
3455410,3455465
3455465,3455487
3455487,3455577
3455577,3455578
3455578,3455610
3455610,3455704
3455704,3455834
3455834,3455844
3455844,3456047
3456047,3456049
3456049,3456050
3456050,3456119
3456119,3456179
3456179,3456463
3456463,3456705
3456705,3457114
3457114,3457150
3457150,3457258
3457258,3457523
3457523,3457628
3457628,3457696
3457696,3457706
3457706,3457741
3457741,3457754
3457754,3457789
3457789,3458033
3458033,3458288
3458288,3458294
3458294,3458400
3458400,3458404
3458404,3458419
3458419,3458446
3458446,3458455
3458455,3458468
3458468,3458532
3458532,3458641
3458641,3458699
3458699,3458957
3458957,3459067
3459067,3459132
3459132,3459135
3459135,3459174
3459174,3459262
3459262,3459292
3459292,3459373
3459373,3459462
3459462,3459469
3459469,3459504
3459504,3459522
3459522,3459652
3459652,3459692
3459692,3459718
3459718,3459863
3459863,3460093
3460093,3460108
3460108,3460294
3460294,3460320
3460320,3460416
3460416,3460465
3460465,3460485
3460485,3460486
3460486,3460503
3460503,3460565
3460565,3460627
3460627,3460671
3460671,3460720
3460720,3460742
3460742,3460767
3460767,3460773
3460773,3460803
3460803,3460826
3460826,3460878
3460878,3460895
3460895,3460901
3460901,3460906
3460906,3460998
3460998,3461241
3461241,3461362
3461362,3461366
3461366,3461515
3461515,3461522
3461522,3461734
3461734,3461761
3461761,3461794
3461794,3461847
3461847,3461864
3461864,3461972
3461972,3462060
3462060,3462067
3462067,3462077
3462077,3462149
3462149,3462188
3462188,3462234
3462234,3462332
3462332,3462363
3462363,3462433
3462433,3462441
3462441,3462450
3462450,3462453
3462453,3462481
3462481,3462565
3462565,3462661
3462661,3462708
3462708,3462763
3462763,3462799
3462799,3462835
3462835,3462856
3462856,3462857
3462857,3462922
3462922,3462946
3462946,3462962
3462962,3463014
3463014,3463038
3463038,3463047
3463047,3463052
3463052,3463130
3463130,3463161
3463161,3463173
3463173,3463233
3463233,3463287
3463287,3463419
3463419,3463525
3463525,3463874
3463874,3463886
3463886,3463967
3463967,3464519
3464519,3464629
3464629,3464689
3464689,3464750
3464750,3464759
3464759,3464769
3464769,3464889
3464889,3465027
3465027,3465103
3465103,3465114
3465114,3465120
3465120,3465194
3465194,3465233
3465233,3465801
3465801,3465808
3465808,3465810
3465810,3465813
3465813,3465845
3465845,3465989
3465989,3466109
3466109,3466166
3466166,3466259
3466259,3466263
3466263,3466313
3466313,3466320
3466320,3466396
3466396,3466409
3466409,3466478
3466478,3466556
3466556,3466741
3466741,3466818
3466818,3466870
3466870,3467035
3467035,3467064
3467064,3467074
3467074,3467166
3467166,3467341
3467341,3467352
3467352,3467359
3467359,3467427
3467427,3467494
3467494,3467507
3467507,3467513
3467513,3467610
3467610,3467611
3467611,3467621
3467621,3467691
3467691,3467711
3467711,3467725
3467725,3467751
3467751,3467870
3467870,3468070
3468070,3468133
3468133,3468154
3468154,3468249
3468249,3468415
3468415,3468483
3468483,3468581
3468581,3468768
3468768,3468782
3468782,3468789
3468789,3468808
3468808,3468905
3468905,3468939
3468939,3468957
3468957,3468977
3468977,3469049
3469049,3469144
3469144,3469176
3469176,3469404
3469404,3469572
3469572,3469730
3469730,3469970
3469970,3469979
3469979,3470005
3470005,3470080
3470080,3470087
3470087,3470133
3470133,3470154
3470154,3470245
3470245,3470269
3470269,3470595
3470595,3470610
3470610,3470621
3470621,3470707
3470707,3470823
3470823,3470930
3470930,3470932
3470932,3470963
3470963,3471008
3471008,3471338
3471338,3471562
3471562,3471636
3471636,3471740
3471740,3472030
3472030,3472040
3472040,3472065
3472065,3472173
3472173,3472302
3472302,3472419
3472419,3472578
3472578,3472667
3472667,3472668
3472668,3472671
3472671,3472672
3472672,3472809
3472809,3472893
3472893,3473099
3473099,3473129
3473129,3473135
3473135,3473145
3473145,3473187
3473187,3473292
3473292,3473320
3473320,3473368
3473368,3473455
3473455,3473489
3473489,3473516
3473516,3473539
3473539,3473749
3473749,3473758
3473758,3473788
3473788,3473840
3473840,3473911
3473911,3473962
3473962,3473977
3473977,3473980
3473980,3474036
3474036,3474190
3474190,3474192
3474192,3474213
3474213,3474229
3474229,3474318
3474318,3474342
3474342,3474399
3474399,3474405
3474405,3474564
3474564,3474860
3474860,3475056
3475056,3475136
3475136,3475615
3475615,3475875
3475875,3476038
3476038,3476532
3476532,3476533
3476533,3476569
3476569,3476586
3476586,3476669
3476669,3476812
3476812,3476938
3476938,3476976
3476976,3477180
3477180,3477263
3477263,3477364
3477364,3477560
3477560,3477585
3477585,3477606
3477606,3477607
3477607,3477609
3477609,3477622
3477622,3477752
3477752,3477971
3477971,3478049
3478049,3478060
3478060,3478061
3478061,3478178
3478178,3478189
3478189,3478195
3478195,3478249
3478249,3478416
3478416,3478481
3478481,3478486
3478486,3478743
3478743,3478767
3478767,3478808
3478808,3478866
3478866,3478901
3478901,3478933
3478933,3479206
3479206,3479216
3479216,3479219
3479219,3479397
3479397,3479521
3479521,3479544
3479544,3479690
3479690,3479771
3479771,3480063
3480063,3480077
3480077,3480105
3480105,3480109
3480109,3480131
3480131,3480204
3480204,3480256
3480256,3480332
3480332,3480495
3480495,3480496
3480496,3480525
3480525,3480537
3480537,3480560
3480560,3480652
3480652,3480669
3480669,3480675
3480675,3480687
3480687,3480744
3480744,3480753
3480753,3481000
3481000,3481041
3481041,3481063
3481063,3481130
3481130,3481169
3481169,3481202
3481202,3481264
3481264,3481343
3481343,3481363
3481363,3481538
3481538,3481596
3481596,3481673
3481673,3481768
3481768,3481799
3481799,3481913
3481913,3482171
3482171,3482188
3482188,3482454
3482454,3482491
3482491,3482812
3482812,3482839
3482839,3482860
3482860,3482928
3482928,3483059
3483059,3483152
3483152,3483233
3483233,3483355
3483355,3483390
3483390,3483447
3483447,3483592
3483592,3483742
3483742,3483772
3483772,3483774
3483774,3483869
3483869,3483877
3483877,3483892
3483892,3483903
3483903,3483921
3483921,3483969
3483969,3484013
3484013,3484023
3484023,3484024
3484024,3484045
3484045,3484065
3484065,3484128
3484128,3484197
3484197,3484203
3484203,3484249
3484249,3484251
3484251,3484403
3484403,3484469
3484469,3484506
3484506,3484572
3484572,3484634
3484634,3484649
3484649,3484689
3484689,3484830
3484830,3484834
3484834,3484949
3484949,3485025
3485025,3485108
3485108,3485143
3485143,3485560
3485560,3485603
3485603,3485803
3485803,3485810
3485810,3485848
3485848,3485877
3485877,3485933
3485933,3485990
3485990,3485997
3485997,3485998
3485998,3486046
3486046,3486080
3486080,3486178
3486178,3486190
3486190,3486192
3486192,3486266
3486266,3486341
3486341,3486462
3486462,3486507
3486507,3486559
3486559,3486744
3486744,3486755
3486755,3486949
3486949,3486963
3486963,3486966
3486966,3487032
3487032,3487364
3487364,3487401
3487401,3487425
3487425,3487444
3487444,3487493
3487493,3487509
3487509,3487549
3487549,3487557
3487557,3487573
3487573,3487604
3487604,3487632
3487632,3487659
3487659,3487685
3487685,3487694
3487694,3487810
3487810,3487905
3487905,3487973
3487973,3487985
3487985,3487994
3487994,3488000
3488000,3488006
3488006,3488015
3488015,3488023
3488023,3488044
3488044,3488056
3488056,3488061
3488061,3488103
3488103,3488116
3488116,3488325
3488325,3488371
3488371,3488433
3488433,3488476
3488476,3488490
3488490,3488502
3488502,3488570
3488570,3488601
3488601,3488661
3488661,3488749
3488749,3488755
3488755,3488852
3488852,3488866
3488866,3488893
3488893,3488922
3488922,3488954
3488954,3488967
3488967,3488986
3488986,3489157
3489157,3489290
3489290,3489383
3489383,3489428
3489428,3489497
3489497,3489509
3489509,3489515
3489515,3489676
3489676,3489691
3489691,3489703
3489703,3489721
3489721,3489767
3489767,3489772
3489772,3489813
3489813,3489904
3489904,3490019
3490019,3490069
3490069,3490114
3490114,3490180
3490180,3490239
3490239,3490305
3490305,3490411
3490411,3490444
3490444,3490511
3490511,3490585
3490585,3490630
3490630,3490655
3490655,3490727
3490727,3490961
3490961,3490982
3490982,3491104
3491104,3491265
3491265,3491361
3491361,3491379
3491379,3491469
3491469,3491537
3491537,3491586
3491586,3491624
3491624,3491753
3491753,3491759
3491759,3491774
3491774,3491794
3491794,3491856
3491856,3491872
3491872,3492018
3492018,3492105
3492105,3492168
3492168,3492221
3492221,3492278
3492278,3492300
3492300,3492405
3492405,3492558
3492558,3492783
3492783,3492968
3492968,3492992
3492992,3493114
3493114,3493118
3493118,3493254
3493254,3493258
3493258,3493295
3493295,3493301
3493301,3493420
3493420,3493673
3493673,3493830
3493830,3493835
3493835,3493982
3493982,3494040
3494040,3494297
3494297,3494313
3494313,3494500
3494500,3494569
3494569,3494681
3494681,3495111
3495111,3495116
3495116,3495181
3495181,3495232
3495232,3495325
3495325,3495379
3495379,3495392
3495392,3495400
3495400,3495684
3495684,3495731
3495731,3495754
3495754,3495821
3495821,3495904
3495904,3495908
3495908,3495952
3495952,3495996
3495996,3495998
3495998,3496129
3496129,3496239
3496239,3496257
3496257,3496291
3496291,3496335
3496335,3496796
3496796,3496867
3496867,3497092
3497092,3497135
3497135,3497188
3497188,3497338
3497338,3497417
3497417,3497751
3497751,3497754
3497754,3497813
3497813,3497820
3497820,3497911
3497911,3498111
3498111,3498255
3498255,3498293
3498293,3498413
3498413,3498531
3498531,3498605
3498605,3498659
3498659,3498702
3498702,3498728
3498728,3498958
3498958,3498988
3498988,3499031
3499031,3499170
3499170,3499241
3499241,3499288
3499288,3499296
3499296,3499370
3499370,3499405
3499405,3499610
3499610,3499615
3499615,3499633
3499633,3499662
3499662,3499751
3499751,3499842
3499842,3499867
3499867,3499895
3499895,3499976
3499976,3499982
3499982,3500027
3500027,3500094
3500094,3500173
3500173,3500299
3500299,3500304
3500304,3500332
3500332,3500370
3500370,3500429
3500429,3500577
3500577,3500707
3500707,3500759
3500759,3500906
3500906,3500910
3500910,3500959
3500959,3500962
3500962,3500980
3500980,3500983
3500983,3500984
3500984,3501028
3501028,3501202
3501202,3501217
3501217,3501233
3501233,3501264
3501264,3501300
3501300,3501304
3501304,3501422
3501422,3501428
3501428,3501510
3501510,3501512
3501512,3501569
3501569,3501650
3501650,3501684
3501684,3501751
3501751,3501815
3501815,3501827
3501827,3501832
3501832,3501878
3501878,3501964
3501964,3502100
3502100,3502279
3502279,3502280
3502280,3502458
3502458,3502568
3502568,3502604
3502604,3502657
3502657,3502724
3502724,3502932
3502932,3503117
3503117,3503254
3503254,3503260
3503260,3503345
3503345,3503373
3503373,3503463
3503463,3503523
3503523,3503727
3503727,3503751
3503751,3503879
3503879,3503909
3503909,3504053
3504053,3504246
3504246,3504514
3504514,3504540
3504540,3504597
3504597,3504600
3504600,3504609
3504609,3504615
3504615,3504620
3504620,3504646
3504646,3504708
3504708,3504768
3504768,3505025
3505025,3505202
3505202,3505316
3505316,3505352
3505352,3505454
3505454,3505543
3505543,3505652
3505652,3505759
3505759,3505814
3505814,3505982
3505982,3506045
3506045,3506048
3506048,3506055
3506055,3506060
3506060,3506093
3506093,3506177
3506177,3506211
3506211,3506229
3506229,3506231
3506231,3506232
3506232,3506235
3506235,3506261
3506261,3506270
3506270,3506329
3506329,3506374
3506374,3506490
3506490,3506530
3506530,3506532
3506532,3506550
3506550,3506582
3506582,3506588
3506588,3506690
3506690,3506770
3506770,3506938
3506938,3506949
3506949,3506971
3506971,3507052
3507052,3507069
3507069,3507120
3507120,3507156
3507156,3507179
3507179,3507207
3507207,3507330
3507330,3507435
3507435,3507472
3507472,3507497
3507497,3507656
3507656,3507753
3507753,3507841
3507841,3507863
3507863,3507888
3507888,3507979
3507979,3508232
3508232,3508411
3508411,3508459
3508459,3508513
3508513,3508594
3508594,3508617
3508617,3508647
3508647,3508753
3508753,3508877
3508877,3508918
3508918,3508931
3508931,3509181
3509181,3509447
3509447,3509486
3509486,3509510
3509510,3509515
3509515,3509562
3509562,3509571
3509571,3509606
3509606,3509641
3509641,3509734
3509734,3509740
3509740,3509755
3509755,3509940
3509940,3509941
3509941,3509946
3509946,3509949
3509949,3509976
3509976,3510037
3510037,3510071
3510071,3510215
3510215,3510234
3510234,3510259
3510259,3510275
3510275,3510367
3510367,3510386
3510386,3510398
3510398,3510418
3510418,3510538
3510538,3510587
3510587,3510783
3510783,3510806
3510806,3510823
3510823,3510897
3510897,3510933
3510933,3511001
3511001,3511128
3511128,3511209
3511209,3511212
3511212,3511234
3511234,3511285
3511285,3511325
3511325,3511371
3511371,3511445
3511445,3511502
3511502,3511515
3511515,3511555
3511555,3511573
3511573,3511884
3511884,3511885
3511885,3511961
3511961,3512350
3512350,3512671
3512671,3512741
3512741,3512751
3512751,3512889
3512889,3512942
3512942,3512947
3512947,3513017
3513017,3513093
3513093,3513124
3513124,3513225
3513225,3513235
3513235,3513392
3513392,3513448
3513448,3513512
3513512,3513670
3513670,3513676
3513676,3513690
3513690,3513759
3513759,3513968
3513968,3513998
3513998,3514058
3514058,3514656
3514656,3514796
3514796,3514845
3514845,3514993
3514993,3515088
3515088,3515111
3515111,3515128
3515128,3515158
3515158,3515439
3515439,3515597
3515597,3515684
3515684,3515751
3515751,3515886
3515886,3515892
3515892,3515903
3515903,3515911
3515911,3516008
3516008,3516036
3516036,3516149
3516149,3516387
3516387,3516852
3516852,3516866
3516866,3516868
3516868,3516904
3516904,3517195
3517195,3517259
3517259,3517353
3517353,3517419
3517419,3517567
3517567,3517630
3517630,3517674
3517674,3517784
3517784,3517791
3517791,3517810
3517810,3517875
3517875,3518125
3518125,3518150
3518150,3518152
3518152,3518393
3518393,3518455
3518455,3518520
3518520,3518536
3518536,3518588
3518588,3518610
3518610,3518661
3518661,3518786
3518786,3518800
3518800,3518819
3518819,3518836
3518836,3518879
3518879,3518939
3518939,3518994
3518994,3519145
3519145,3519381
3519381,3519414
3519414,3519507
3519507,3519704
3519704,3519812
3519812,3519884
3519884,3519977
3519977,3520133
3520133,3520285
3520285,3520397
3520397,3520461
3520461,3520555
3520555,3520698
3520698,3520856
3520856,3520878
3520878,3520886
3520886,3520968
3520968,3520978
3520978,3521063
3521063,3521131
3521131,3521188
3521188,3521248
3521248,3521397
3521397,3521425
3521425,3521432
3521432,3521512
3521512,3521569
3521569,3521710
3521710,3521865
3521865,3521883
3521883,3521962
3521962,3521997
3521997,3522006
3522006,3522007
3522007,3522013
3522013,3522061
3522061,3522090
3522090,3522149
3522149,3522172
3522172,3522212
3522212,3522232
3522232,3522377
3522377,3522536
3522536,3522577
3522577,3522646
3522646,3522781
3522781,3522833
3522833,3522836
3522836,3522941
3522941,3522947
3522947,3522955
3522955,3522983
3522983,3523009
3523009,3523078
3523078,3523105
3523105,3523315
3523315,3524279
3524279,3524394
3524394,3524445
3524445,3524487
3524487,3524590
3524590,3524592
3524592,3524640
3524640,3524702
3524702,3524749
3524749,3524794
3524794,3524807
3524807,3524819
3524819,3524833
3524833,3524844
3524844,3524906
3524906,3524931
3524931,3524988
3524988,3525066
3525066,3525135
3525135,3525380
3525380,3525562
3525562,3525623
3525623,3525770
3525770,3525821
3525821,3525869
3525869,3525896
3525896,3525917
3525917,3525940
3525940,3526068
3526068,3526194
3526194,3526297
3526297,3526584
3526584,3526590
3526590,3526624
3526624,3526635
3526635,3526655
3526655,3526656
3526656,3526710
3526710,3527034
3527034,3527240
3527240,3527284
3527284,3527432
3527432,3527558
3527558,3527570
3527570,3527593
3527593,3527594
3527594,3527617
3527617,3527646
3527646,3527647
3527647,3527650
3527650,3527688
3527688,3527832
3527832,3527910
3527910,3527962
3527962,3528057
3528057,3528073
3528073,3528229
3528229,3528241
3528241,3528255
3528255,3528315
3528315,3528945
3528945,3529043
3529043,3529271
3529271,3529285
3529285,3529434
3529434,3529552
3529552,3529554
3529554,3529620
3529620,3529673
3529673,3529989
3529989,3530067
3530067,3530080
3530080,3530084
3530084,3530129
3530129,3530179
3530179,3530198
3530198,3530251
3530251,3530255
3530255,3530403
3530403,3530465
3530465,3530499
3530499,3530531
3530531,3530566
3530566,3530635
3530635,3530722
3530722,3530733
3530733,3530745
3530745,3530764
3530764,3530793
3530793,3530815
3530815,3530838
3530838,3530866
3530866,3531058
3531058,3531072
3531072,3531135
3531135,3531149
3531149,3531213
3531213,3531218
3531218,3531224
3531224,3531292
3531292,3531309
3531309,3531316
3531316,3531358
3531358,3531403
3531403,3531424
3531424,3531481
3531481,3531618
3531618,3531673
3531673,3531684
3531684,3531749
3531749,3531781
3531781,3531844
3531844,3531990
3531990,3532068
3532068,3532348
3532348,3532402
3532402,3532436
3532436,3532441
3532441,3532536
3532536,3532801
3532801,3532858
3532858,3532941
3532941,3533024
3533024,3533069
3533069,3533080
3533080,3533106
3533106,3533142
3533142,3533175
3533175,3533262
3533262,3533383
3533383,3533404
3533404,3533416
3533416,3533448
3533448,3533453
3533453,3533926
3533926,3533936
3533936,3534109
3534109,3534110
3534110,3534111
3534111,3534124
3534124,3534148
3534148,3534168
3534168,3534203
3534203,3534364
3534364,3534385
3534385,3534641
3534641,3534652
3534652,3534658
3534658,3534691
3534691,3534729
3534729,3534922
3534922,3534982
3534982,3534999
3534999,3535162
3535162,3535298
3535298,3535487
3535487,3535656
3535656,3535739
3535739,3535813
3535813,3535864
3535864,3535921
3535921,3535967
3535967,3536117
3536117,3536118
3536118,3536183
3536183,3536217
3536217,3536218
3536218,3536506
3536506,3536609
3536609,3536643
3536643,3536681
3536681,3536750
3536750,3536787
3536787,3536828
3536828,3536944
3536944,3536965
3536965,3536973
3536973,3537025
3537025,3537029
3537029,3537115
3537115,3537127
3537127,3537170
3537170,3537173
3537173,3537283
3537283,3537300
3537300,3537393
3537393,3537409
3537409,3537683
3537683,3538073
3538073,3538269
3538269,3538416
3538416,3538545
3538545,3538660
3538660,3538676
3538676,3538719
3538719,3538783
3538783,3538936
3538936,3539049
3539049,3539073
3539073,3539123
3539123,3539128
3539128,3539317
3539317,3539479
3539479,3539489
3539489,3539531
3539531,3539553
3539553,3539569
3539569,3539643
3539643,3539737
3539737,3539760
3539760,3539815
3539815,3539823
3539823,3539834
3539834,3539837
3539837,3539844
3539844,3539906
3539906,3539966
3539966,3539999
3539999,3540032
3540032,3540040
3540040,3540176
3540176,3540237
3540237,3540344
3540344,3540576
3540576,3540604
3540604,3540837
3540837,3540852
3540852,3540878
3540878,3541037
3541037,3541138
3541138,3541206
3541206,3541229
3541229,3541478
3541478,3541495
3541495,3541499
3541499,3541577
3541577,3541632
3541632,3541718
3541718,3541855
3541855,3541910
3541910,3541930
3541930,3542013
3542013,3542021
3542021,3542369
3542369,3542464
3542464,3542528
3542528,3542625
3542625,3542660
3542660,3542814
3542814,3542842
3542842,3542966
3542966,3543012
3543012,3543082
3543082,3543168
3543168,3543245
3543245,3543254
3543254,3543342
3543342,3543407
3543407,3543458
3543458,3543637
3543637,3543650
3543650,3543969
3543969,3543999
3543999,3544027
3544027,3544072
3544072,3544362
3544362,3544592
3544592,3544706
3544706,3544796
3544796,3544828
3544828,3544905
3544905,3545048
3545048,3545217
3545217,3545251
3545251,3545417
3545417,3545491
3545491,3545774
3545774,3545847
3545847,3545859
3545859,3546009
3546009,3546062
3546062,3546243
3546243,3546297
3546297,3546449
3546449,3546516
3546516,3546574
3546574,3546658
3546658,3546771
3546771,3546988
3546988,3547062
3547062,3547634
3547634,3547667
3547667,3547668
3547668,3547671
3547671,3547675
3547675,3547707
3547707,3547744
3547744,3547775
3547775,3547904
3547904,3547905
3547905,3548041
3548041,3548180
3548180,3548218
3548218,3548235
3548235,3548268
3548268,3548368
3548368,3548396
3548396,3548501
3548501,3548617
3548617,3548691
3548691,3548752
3548752,3548753
3548753,3548768
3548768,3548781
3548781,3548790
3548790,3548846
3548846,3548882
3548882,3548888
3548888,3549045
3549045,3549316
3549316,3549586
3549586,3549649
3549649,3549741
3549741,3550007
3550007,3550068
3550068,3550681
3550681,3550725
3550725,3550751
3550751,3550764
3550764,3550800
3550800,3550866
3550866,3550874
3550874,3550951
3550951,3550956
3550956,3551118
3551118,3551158
3551158,3551176
3551176,3551314
3551314,3551346
3551346,3551411
3551411,3551463
3551463,3551526
3551526,3551656
3551656,3551694
3551694,3551699
3551699,3551740
3551740,3551809
3551809,3551893
3551893,3551911
3551911,3551961
3551961,3551971
3551971,3551993
3551993,3552004
3552004,3552070
3552070,3552095
3552095,3552124
3552124,3552272
3552272,3552369
3552369,3552453
3552453,3552506
3552506,3552762
3552762,3552765
3552765,3552824
3552824,3552836
3552836,3553030
3553030,3553033
3553033,3553293
3553293,3553501
3553501,3553509
3553509,3553520
3553520,3553568
3553568,3553586
3553586,3553653
3553653,3553793
3553793,3553794
3553794,3553823
3553823,3553830
3553830,3553901
3553901,3553930
3553930,3553935
3553935,3553958
3553958,3553994
3553994,3554004
3554004,3554019
3554019,3554468
3554468,3554476
3554476,3554504
3554504,3554535
3554535,3554665
3554665,3554836
3554836,3554893
3554893,3555219
3555219,3555431
3555431,3555432
3555432,3555461
3555461,3555481
3555481,3555530
3555530,3555577
3555577,3555617
3555617,3555749
3555749,3555794
3555794,3555964
3555964,3556066
3556066,3556145
3556145,3556163
3556163,3556196
3556196,3556205
3556205,3556215
3556215,3556489
3556489,3556508
3556508,3556738
3556738,3556771
3556771,3556784
3556784,3556813
3556813,3556968
3556968,3557182
3557182,3557383
3557383,3557413
3557413,3557470
3557470,3557603
3557603,3557753
3557753,3557906
3557906,3558004
3558004,3558256
3558256,3558452
3558452,3558562
3558562,3558587
3558587,3558609
3558609,3558696
3558696,3558704
3558704,3558727
3558727,3558730
3558730,3558765
3558765,3558916
3558916,3558920
3558920,3559040
3559040,3559050
3559050,3559112
3559112,3559136
3559136,3559152
3559152,3559159
3559159,3559185
3559185,3559193
3559193,3559198
3559198,3559219
3559219,3559241
3559241,3559485
3559485,3559499
3559499,3559558
3559558,3559616
3559616,3559657
3559657,3559698
3559698,3559710
3559710,3559725
3559725,3559746
3559746,3559753
3559753,3559783
3559783,3559825
3559825,3559838
3559838,3559873
3559873,3560014
3560014,3560209
3560209,3560584
3560584,3560785
3560785,3560970
3560970,3561345
3561345,3561404
3561404,3561538
3561538,3561547
3561547,3561555
3561555,3561702
3561702,3562231
3562231,3562325
3562325,3562569
3562569,3562672
3562672,3562727
3562727,3562774
3562774,3562814
3562814,3562992
3562992,3563229
3563229,3563386
3563386,3563395
3563395,3563405
3563405,3563509
3563509,3563608
3563608,3563712
3563712,3563763
3563763,3563816
3563816,3563827
3563827,3563851
3563851,3563894
3563894,3564111
3564111,3564151
3564151,3564219
3564219,3564233
3564233,3564255
3564255,3564264
3564264,3564392
3564392,3564405
3564405,3564484
3564484,3564799
3564799,3565240
3565240,3565320
3565320,3565397
3565397,3565469
3565469,3565512
3565512,3565657
3565657,3565827
3565827,3565858
3565858,3565881
3565881,3565908
3565908,3566012
3566012,3566075
3566075,3566092
3566092,3566093
3566093,3566117
3566117,3566136
3566136,3566151
3566151,3566161
3566161,3566170
3566170,3566173
3566173,3566202
3566202,3566221
3566221,3566223
3566223,3566241
3566241,3566411
3566411,3566424
3566424,3566457
3566457,3566500
3566500,3566681
3566681,3566696
3566696,3566786
3566786,3566850
3566850,3566900
3566900,3566957
3566957,3566994
3566994,3567006
3567006,3567119
3567119,3567127
3567127,3567283
3567283,3567349
3567349,3567421
3567421,3567448
3567448,3567477
3567477,3567514
3567514,3567692
3567692,3567772
3567772,3567987
3567987,3568043
3568043,3568156
3568156,3568225
3568225,3568261
3568261,3568296
3568296,3568417
3568417,3568461
3568461,3568465
3568465,3568474
3568474,3568478
3568478,3568519
3568519,3568565
3568565,3568634
3568634,3568733
3568733,3568759
3568759,3568762
3568762,3568800
3568800,3568837
3568837,3568879
3568879,3568952
3568952,3569000
3569000,3569134
3569134,3569148
3569148,3569301
3569301,3569489
3569489,3569557
3569557,3569596
3569596,3569703
3569703,3569846
3569846,3569970
3569970,3569987
3569987,3570110
3570110,3570111
3570111,3570131
3570131,3570137
3570137,3570225
3570225,3570355
3570355,3570406
3570406,3570737
3570737,3570778
3570778,3570968
3570968,3570996
3570996,3571200
3571200,3571203
3571203,3571215
3571215,3571309
3571309,3571328
3571328,3571341
3571341,3571365
3571365,3571383
3571383,3571470
3571470,3571494
3571494,3571551
3571551,3571567
3571567,3571638
3571638,3571730
3571730,3571769
3571769,3571862
3571862,3571882
3571882,3571910
3571910,3571937
3571937,3571945
3571945,3571964
3571964,3571981
3571981,3572077
3572077,3572127
3572127,3572192
3572192,3572331
3572331,3572373
3572373,3572500
3572500,3572533
3572533,3572545
3572545,3572561
3572561,3572603
3572603,3572700
3572700,3572795
3572795,3572840
3572840,3572880
3572880,3572969
3572969,3573108
3573108,3573191
3573191,3573193
3573193,3573229
3573229,3573343
3573343,3573429
3573429,3573576
3573576,3573620
3573620,3573667
3573667,3573674
3573674,3573756
3573756,3573856
3573856,3574024
3574024,3574033
3574033,3574047
3574047,3574136
3574136,3574210
3574210,3574276
3574276,3574397
3574397,3574474
3574474,3574558
3574558,3574746
3574746,3574907
3574907,3575065
3575065,3575108
3575108,3575291
3575291,3575364
3575364,3575369
3575369,3575805
3575805,3576008
3576008,3576121
3576121,3576208
3576208,3576234
3576234,3576332
3576332,3576821
3576821,3576896
3576896,3576903
3576903,3576950
3576950,3576953
3576953,3577025
3577025,3577170
3577170,3577271
3577271,3577298
3577298,3577342
3577342,3577388
3577388,3577389
3577389,3577556
3577556,3577561
3577561,3577576
3577576,3577605
3577605,3577739
3577739,3577771
3577771,3577809
3577809,3578250
3578250,3578281
3578281,3578672
3578672,3578851
3578851,3579082
3579082,3579115
3579115,3579164
3579164,3579287
3579287,3579769
3579769,3579794
3579794,3579804
3579804,3579881
3579881,3579887
3579887,3579902
3579902,3579977
3579977,3580105
3580105,3580112
3580112,3580142
3580142,3580353
3580353,3580689
3580689,3580691
3580691,3580781
3580781,3580894
3580894,3581068
3581068,3581178
3581178,3581295
3581295,3581405
3581405,3581412
3581412,3581445
3581445,3581469
3581469,3581484
3581484,3581524
3581524,3581527
3581527,3581586
3581586,3581694
3581694,3581857
3581857,3581888
3581888,3582219
3582219,3582244
3582244,3582336
3582336,3582596
3582596,3582648
3582648,3582685
3582685,3582843
3582843,3582931
3582931,3582978
3582978,3583041
3583041,3583264
3583264,3583334
3583334,3583568
3583568,3583600
3583600,3583601
3583601,3583641
3583641,3583666
3583666,3583674
3583674,3583677
3583677,3583687
3583687,3583700
3583700,3583737
3583737,3583815
3583815,3583862
3583862,3584027
3584027,3584057
3584057,3584397
3584397,3584429
3584429,3584499
3584499,3584673
3584673,3584872
3584872,3584913
3584913,3584935
3584935,3584959
3584959,3585050
3585050,3585056
3585056,3585057
3585057,3585088
3585088,3585134
3585134,3585140
3585140,3585195
3585195,3585268
3585268,3585289
3585289,3585407
3585407,3585787
3585787,3585801
3585801,3585824
3585824,3585832
3585832,3585928
3585928,3585965
3585965,3585988
3585988,3585995
3585995,3586050
3586050,3586055
3586055,3586080
3586080,3586119
3586119,3586265
3586265,3586288
3586288,3586328
3586328,3586372
3586372,3586384
3586384,3586482
3586482,3586487
3586487,3586508
3586508,3586520
3586520,3586556
3586556,3586603
3586603,3586782
3586782,3586783
3586783,3586862
3586862,3586986
3586986,3587032
3587032,3587052
3587052,3587233
3587233,3587261
3587261,3587567
3587567,3587585
3587585,3587604
3587604,3587627
3587627,3587696
3587696,3587753
3587753,3587774
3587774,3587776
3587776,3587797
3587797,3587836
3587836,3587840
3000061,3001790
3001790,3003521
3003521,3003881
3003881,3004655
3004655,3004954
3004954,3005005
3005005,3005024
3005024,3005101
3005101,3005123
3005123,3005145
3005145,3005721
3005721,3006222
3006222,3006257
3006257,3006277
3006277,3007447
3007447,3007484
3007484,3007541
3007541,3007627
3007627,3007690
3007690,3007865
3007865,3008727
3008727,3009040
3009040,3009060
3009060,3009364
3009364,3009508
3009508,3009511
3009511,3011856
3011856,3012151
3012151,3012791
3012791,3012922
3012922,3012958
3012958,3014568
3014568,3018737
3018737,3022152
3022152,3022270
3022270,3022783
3022783,3022865
3022865,3023219
3023219,3023541
3023541,3023895
3023895,3024936
3024936,3024961
3024961,3025566
3025566,3025610
3025610,3026870
3026870,3027135
3027135,3031760
3031760,3031872
3031872,3035571
3035571,3035573
3035573,3036093
3036093,3036274
3036274,3036334
3036334,3036339
3036339,3036385
3036385,3037062
3037062,3037483
3037483,3037902
3037902,3038862
3038862,3040017
3040017,3041445
3041445,3041474
3041474,3041597
3041597,3047674
3047674,3047878
3047878,3048671
3048671,3048678
3048678,3048687
3048687,3049398
3049398,3049879
3049879,3050677
3050677,3051937
3051937,3052581
3052581,3052596
3052596,3052801
3052801,3054177
3054177,3054277
3054277,3055344
3055344,3059117
3059117,3059544
3059544,3060576
3060576,3061322
3061322,3061440
3061440,3063174
3063174,3063343
3063343,3063528
3063528,3064120
3064120,3064663
3064663,3064692
3064692,3064761
3064761,3064859
3064859,3064894
3064894,3066495
3066495,3066588
3066588,3066685
3066685,3067027
3067027,3067654
3067654,3067668
3067668,3070232
3070232,3070414
3070414,3070603
3070603,3070766
3070766,3071309
3071309,3071684
3071684,3071891
3071891,3072565
3072565,3072571
3072571,3074837
3074837,3074942
3074942,3076507
3076507,3077441
3077441,3077506
3077506,3077651
3077651,3078908
3078908,3078953
3078953,3079168
3079168,3079292
3079292,3079418
3079418,3080089
3080089,3080235
3080235,3080650
3080650,3081065
3081065,3081145
3081145,3081164
3081164,3081191
3081191,3081252
3081252,3081258
3081258,3081302
3081302,3081517
3081517,3082817
3082817,3084473
3084473,3084923
3084923,3084935
3084935,3084952
3084952,3084977
3084977,3085264
3085264,3085733
3085733,3085759
3085759,3087851
3087851,3089506
3089506,3089588
3089588,3089689
3089689,3089794
3089794,3089871
3089871,3090198
3090198,3090589
3090589,3090715
3090715,3091084
3091084,3092024
3092024,3092667
3092667,3093607
3093607,3095037
3095037,3096296
3096296,3098221
3098221,3102398
3102398,3102411
3102411,3102413
3102413,3102601
3102601,3102733
3102733,3104290
3104290,3105036
3105036,3105060
3105060,3105184
3105184,3105185
3105185,3105221
3105221,3105239
3105239,3105915
3105915,3107251
3107251,3107821
3107821,3108730
3108730,3109157
3109157,3109804
3109804,3110106
3110106,3110763
3110763,3111372
3111372,3111442
3111442,3111538
3111538,3113262
3113262,3114334
3114334,3114392
3114392,3115374
3115374,3116872
3116872,3117607
3117607,3118108
3118108,3119541
3119541,3119710
3119710,3119886
3119886,3121702
3121702,3122774
3122774,3125324
3125324,3127170
3127170,3127874
3127874,3130008
3130008,3132460
3132460,3132723
3132723,3133435
3133435,3133449
3133449,3134122
3134122,3136051
3136051,3136701
3136701,3138395
3138395,3138433
3138433,3138465
3138465,3139067
3139067,3139447
3139447,3141681
3141681,3142854
3142854,3144737
3144737,3149672
3149672,3150502
3150502,3154582
3154582,3155678
3155678,3156117
3156117,3156207
3156207,3156855
3156855,3157631
3157631,3159716
3159716,3159858
3159858,3160796
3160796,3161161
3161161,3161396
3161396,3165986
3165986,3166254
3166254,3167673
3167673,3168426
3168426,3168641
3168641,3169004
3169004,3169541
3169541,3169544
3169544,3169583
3169583,3169954
3169954,3173709
3173709,3173922
3173922,3176952
3176952,3178114
3178114,3179717
3179717,3180292
3180292,3182100
3182100,3182114
3182114,3187431
3187431,3187888
3187888,3187896
3187896,3187958
3187958,3189209
3189209,3189237
3189237,3189628
3189628,3190127
3190127,3190191
3190191,3190392
3190392,3190408
3190408,3190431
3190431,3192703
3192703,3193220
3193220,3193310
3193310,3194351
3194351,3194608
3194608,3194634
3194634,3194953
3194953,3196879
3196879,3197781
3197781,3197906
3197906,3198766
3198766,3199898
3199898,3202032
3202032,3203970
3203970,3205271
3205271,3205834
3205834,3205946
3205946,3206119
3206119,3206171
3206171,3206378
3206378,3207065
3207065,3207176
3207176,3207930
3207930,3208000
3208000,3208167
3208167,3208177
3208177,3209774
3209774,3209967
3209967,3210314
3210314,3210949
3210949,3211765
3211765,3212028
3212028,3212082
3212082,3212243
3212243,3213038
3213038,3214182
3214182,3215392
3215392,3215420
3215420,3216041
3216041,3216051
3216051,3216077
3216077,3217216
3217216,3219866
3219866,3219960
3219960,3220950
3220950,3221038
3221038,3221728
3221728,3221752
3221752,3224259
3224259,3224407
3224407,3224421
3224421,3224644
3224644,3224665
3224665,3224673
3224673,3224679
3224679,3224733
3224733,3224822
3224822,3225102
3225102,3225409
3225409,3226047
3226047,3227344
3227344,3227389
3227389,3227395
3227395,3227468
3227468,3228738
3228738,3228873
3228873,3228910
3228910,3228965
3228965,3229151
3229151,3229170
3229170,3229184
3229184,3229226
3229226,3229229
3229229,3229246
3229246,3229528
3229528,3230484
3230484,3231017
3231017,3231408
3231408,3231424
3231424,3233879
3233879,3234059
3234059,3234250
3234250,3234576
3234576,3234934
3234934,3236165
3236165,3236595
3236595,3238914
3238914,3240329
3240329,3241657
3241657,3241748
3241748,3242786
3242786,3244325
3244325,3246156
3246156,3246532
3246532,3246947
3246947,3248030
3248030,3248043
3248043,3248044
3248044,3248081
3248081,3248086
3248086,3248169
3248169,3249783
3249783,3250785
3250785,3250868
3250868,3251749
3251749,3251816
3251816,3252145
3252145,3252468
3252468,3252809
3252809,3255008
3255008,3255815
3255815,3256480
3256480,3257454
3257454,3258143
3258143,3259412
3259412,3260308
3260308,3261169
3261169,3262531
3262531,3262544
3262544,3262639
3262639,3262649
3262649,3264561
3264561,3265073
3265073,3266538
3266538,3267776
3267776,3268669
3268669,3270122
3270122,3270963
3270963,3271098
3271098,3271888
3271888,3271929
3271929,3272861
3272861,3272907
3272907,3272912
3272912,3273621
3273621,3273862
3273862,3277634
3277634,3279340
3279340,3280741
3280741,3281211
3281211,3281676
3281676,3283227
3283227,3283916
3283916,3284725
3284725,3285904
3285904,3286032
3286032,3286469
3286469,3287949
3287949,3288848
3288848,3288852
3288852,3290715
3290715,3291077
3291077,3292096
3292096,3292373
3292373,3293553
3293553,3293885
3293885,3294390
3294390,3294588
3294588,3295001
3295001,3296105
3296105,3296114
3296114,3297736
3297736,3299418
3299418,3300328
3300328,3300535
3300535,3300838
3300838,3300846
3300846,3300874
3300874,3300877
3300877,3300905
3300905,3301162
3301162,3301489
3301489,3302372
3302372,3303449
3303449,3304595
3304595,3305667
3305667,3305687
3305687,3306437
3306437,3306473
3306473,3306608
3306608,3306629
3306629,3308640
3308640,3308682
3308682,3308898
3308898,3309941
3309941,3309965
3309965,3311784
3311784,3312546
3312546,3315293
3315293,3317162
3317162,3317191
3317191,3318320
3318320,3319143
3319143,3324464
3324464,3325225
3325225,3326262
3326262,3328345
3328345,3330275
3330275,3331564
3331564,3331791
3331791,3332721
3332721,3333701
3333701,3333808
3333808,3333871
3333871,3334144
3334144,3334243
3334243,3334245
3334245,3337712
3337712,3337774
3337774,3338450
3338450,3340411
3340411,3340552
3340552,3341014
3341014,3341357
3341357,3341704
3341704,3342233
3342233,3344324
3344324,3345898
3345898,3346421
3346421,3347689
3347689,3348206
3348206,3348357
3348357,3351981
3351981,3353731
3353731,3354034
3354034,3354795
3354795,3355231
3355231,3355324
3355324,3355343
3355343,3355417
3355417,3355424
3355424,3355525
3355525,3356092
3356092,3356431
3356431,3356637
3356637,3356767
3356767,3358142
3358142,3358320
3358320,3358400
3358400,3358411
3358411,3358785
3358785,3358809
3358809,3359129
3359129,3360061
3360061,3360094
3360094,3360114
3360114,3360170
3360170,3360195
3360195,3361836
3361836,3361971
3361971,3362540
3362540,3362648
3362648,3362752
3362752,3363087
3363087,3363181
3363181,3363297
3363297,3364354
3364354,3365461
3365461,3365800
3365800,3365863
3365863,3365967
3365967,3366004
3366004,3366010
3366010,3366112
3366112,3366217
3366217,3366267
3366267,3366268
3366268,3366481
3366481,3366853
3366853,3366874
3366874,3367372
3367372,3367405
3367405,3367528
3367528,3367740
3367740,3368201
3368201,3368229
3368229,3368301
3368301,3368966
3368966,3369200
3369200,3369821
3369821,3370642
3370642,3371847
3371847,3371888
3371888,3371926
3371926,3372123
3372123,3372124
3372124,3372328
3372328,3373657
3373657,3374329
3374329,3374363
3374363,3375081
3375081,3375082
3375082,3376776
3376776,3377053
3377053,3377695
3377695,3377740
3377740,3377741
3377741,3377742
3377742,3377857
3377857,3379428
3379428,3379482
3379482,3379831
3379831,3380112
3380112,3380529
3380529,3380814
3380814,3380835
3380835,3381192
3381192,3381542
3381542,3381601
3381601,3381827
3381827,3382054
3382054,3382663
3382663,3382843
3382843,3383119
3383119,3383538
3383538,3383619
3383619,3383694
3383694,3383974
3383974,3385162
3385162,3385349
3385349,3386531
3386531,3386862
3386862,3386865
3386865,3386876
3386876,3386877
3386877,3386879
3386879,3387498
3387498,3388289
3388289,3388350
3388350,3388708
3388708,3389167
3389167,3391670
3391670,3392048
3392048,3392140
3392140,3392352
3392352,3392601
3392601,3392637
3392637,3392913
3392913,3393654
3393654,3394504
3394504,3394514
3394514,3394667
3394667,3394744
3394744,3395435
3395435,3395577
3395577,3395731
3395731,3395762
3395762,3395892
3395892,3395897
3395897,3395901
3395901,3395994
3395994,3396013
3396013,3396164
3396164,3396254
3396254,3396618
3396618,3396634
3396634,3396654
3396654,3396910
3396910,3396985
3396985,3397176
3397176,3397184
3397184,3397619
3397619,3397680
3397680,3397709
3397709,3397723
3397723,3397765
3397765,3398020
3398020,3398023
3398023,3398044
3398044,3398646
3398646,3398674
3398674,3398766
3398766,3398925
3398925,3399554
3399554,3399585
3399585,3399961
3399961,3400243
3400243,3401492
3401492,3401981
3401981,3402007
3402007,3402008
3402008,3402217
3402217,3402241
3402241,3402416
3402416,3403723
3403723,3403917
3403917,3404009
3404009,3404121
3404121,3404811
3404811,3406411
3406411,3406524
3406524,3406937
3406937,3406940
3406940,3406957
3406957,3407275
3407275,3407387
3407387,3407536
3407536,3407812
3407812,3409067
3409067,3409207
3409207,3409804
3409804,3411399
3411399,3411402
3411402,3411416
3411416,3413894
3413894,3414326
3414326,3414617
3414617,3415419
3415419,3415529
3415529,3417111
3417111,3418119
3418119,3418135
3418135,3418547
3418547,3419182
3419182,3421195
3421195,3421471
3421471,3423955
3423955,3424866
3424866,3425112
3425112,3425891
3425891,3425949
3425949,3426932
3426932,3427459
3427459,3428033
3428033,3428162
3428162,3429039
3429039,3429658
3429658,3429679
3429679,3430375
3430375,3430448
3430448,3430457
3430457,3430528
3430528,3430962
3430962,3431350
3431350,3432317
3432317,3432732
3432732,3434908
3434908,3434940
3434940,3435577
3435577,3436419
3436419,3436891
3436891,3437418
3437418,3437567
3437567,3440417
3440417,3440432
3440432,3440453
3440453,3441783
3441783,3442871
3442871,3443910
3443910,3446368
3446368,3446406
3446406,3446900
3446900,3447728
3447728,3447742
3447742,3447765
3447765,3447894
3447894,3447982
3447982,3448103
3448103,3448355
3448355,3448593
3448593,3449624
3449624,3449630
3449630,3449699
3449699,3449706
3449706,3449711
3449711,3450206
3450206,3450211
3450211,3450264
3450264,3451069
3451069,3451896
3451896,3452180
3452180,3453092
3453092,3453433
3453433,3453607
3453607,3453860
3453860,3454086
3454086,3455171
3455171,3455618
3455618,3455809
3455809,3455854
3455854,3456520
3456520,3457431
3457431,3458124
3458124,3458945
3458945,3460122
3460122,3461511
3461511,3461532
3461532,3463743
3463743,3464401
3464401,3464409
3464409,3465815
3465815,3465927
3465927,3466315
3466315,3466600
3466600,3466641
3466641,3467019
3467019,3467894
3467894,3468137
3468137,3469771
3469771,3469792
3469792,3469844
3469844,3469864
3469864,3469951
3469951,3470892
3470892,3470920
3470920,3470937
3470937,3470950
3470950,3470966
3470966,3472086
3472086,3474053
3474053,3474560
3474560,3476382
3476382,3476932
3476932,3479379
3479379,3480060
3480060,3480066
3480066,3481354
3481354,3482159
3482159,3484074
3484074,3485446
3485446,3487257
3487257,3487843
3487843,3488106
3488106,3488287
3488287,3489981
3489981,3490919
3490919,3494283
3494283,3495770
3495770,3495859
3495859,3496190
3496190,3496446
3496446,3496473
3496473,3497740
3497740,3498196
3498196,3498204
3498204,3498266
3498266,3499218
3499218,3500631
3500631,3500670
3500670,3500788
3500788,3500934
3500934,3501981
3501981,3502073
3502073,3502213
3502213,3502698
3502698,3502702
3502702,3502824
3502824,3503623
3503623,3504295
3504295,3505044
3505044,3505303
3505303,3505361
3505361,3505872
3505872,3505894
3505894,3506603
3506603,3507486
3507486,3507487
3507487,3508039
3508039,3508141
3508141,3508802
3508802,3511122
3511122,3511669
3511669,3511749
3511749,3513650
3513650,3515140
3515140,3515509
3515509,3516324
3516324,3518015
3518015,3518238
3518238,3518407
3518407,3519654
3519654,3519763
3519763,3520177
3520177,3520460
3520460,3522566
3522566,3523471
3523471,3523491
3523491,3523501
3523501,3523589
3523589,3523729
3523729,3524077
3524077,3525696
3525696,3526177
3526177,3527049
3527049,3527965
3527965,3528066
3528066,3528107
3528107,3528163
3528163,3528280
3528280,3528405
3528405,3528478
3528478,3528489
3528489,3528782
3528782,3530782
3530782,3531570
3531570,3533520
3533520,3534446
3534446,3535310
3535310,3535841
3535841,3536767
3536767,3538101
3538101,3538495
3538495,3538503
3538503,3538572
3538572,3539878
3539878,3541046
3541046,3542955
3542955,3542976
3542976,3543433
3543433,3543684
3543684,3543971
3543971,3544107
3544107,3544198
3544198,3544360
3544360,3544498
3544498,3544558
3544558,3545224
3545224,3545294
3545294,3546182
3546182,3546489
3546489,3546510
3546510,3546557
3546557,3546564
3546564,3547131
3547131,3547141
3547141,3547951
3547951,3547954
3547954,3548923
3548923,3549071
3549071,3549639
3549639,3550022
3550022,3550100
3550100,3551233
3551233,3551412
3551412,3553223
3553223,3553269
3553269,3553275
3553275,3553281
3553281,3554288
3554288,3554589
3554589,3554683
3554683,3555638
3555638,3555768
3555768,3556719
3556719,3557118
3557118,3557979
3557979,3557987
3557987,3558054
3558054,3558907
3558907,3561532
3561532,3561904
3561904,3566341
3566341,3567931
3567931,3569412
3569412,3569527
3569527,3569548
3569548,3569626
3569626,3570634
3570634,3570646
3570646,3572618
3572618,3574068
3574068,3574416
3574416,3574665
3574665,3574877
3574877,3574884
3574884,3576194
3576194,3577591
3577591,3577776
3577776,3578303
3578303,3579480
3579480,3579646
3579646,3579666
3579666,3579691
3579691,3580083
3580083,3584321
3000607,3000760
3000760,3001211
3001211,3001567
3001567,3002455
3002455,3002561
3002561,3002601
3002601,3002670
3002670,3002741
3002741,3004184
3004184,3004563
3004563,3005038
3005038,3005208
3005208,3005260
3005260,3008710
3008710,3008961
3008961,3009427
3009427,3009623
3009623,3009697
3009697,3009898
3009898,3009981
3009981,3011445
3011445,3011673
3011673,3012674
3012674,3013006
3013006,3014164
3014164,3014174
3014174,3015762
3015762,3015971
3015971,3017897
3017897,3018463
3018463,3019880
3019880,3021294
3021294,3022491
3022491,3022704
3022704,3022777
3022777,3024361
3024361,3024495
3024495,3024541
3024541,3024569
3024569,3024812
3024812,3025508
3025508,3025536
3025536,3025786
3025786,3026003
3026003,3027468
3027468,3030983
3030983,3031981
3031981,3032120
3032120,3032149
3032149,3035345
3035345,3035603
3035603,3036777
3036777,3037967
3037967,3038147
3038147,3038218
3038218,3040252
3040252,3042180
3042180,3042972
3042972,3044276
3044276,3044715
3044715,3045113
3045113,3045800
3045800,3045966
3045966,3046220
3046220,3047779
3047779,3047836
3047836,3047861
3047861,3050015
3050015,3050032
3050032,3051641
3051641,3051719
3051719,3053116
3053116,3053866
3053866,3054602
3054602,3054687
3054687,3054761
3054761,3054892
3054892,3056190
3056190,3056220
3056220,3060669
3060669,3060999
3060999,3061794
3061794,3062092
3062092,3064183
3064183,3064235
3064235,3066390
3066390,3067184
3067184,3067764
3067764,3069681
3069681,3070284
3070284,3070307
3070307,3081282
3081282,3082432
3082432,3082562
3082562,3082675
3082675,3082697
3082697,3082827
3082827,3083594
3083594,3084187
3084187,3084871
3084871,3088025
3088025,3088035
3088035,3088092
3088092,3088141
3088141,3088901
3088901,3090558
3090558,3091220
3091220,3091703
3091703,3092234
3092234,3092299
3092299,3092720
3092720,3094088
3094088,3094793
3094793,3098536
3098536,3098648
3098648,3099617
3099617,3099727
3099727,3100404
3100404,3100802
3100802,3101318
3101318,3105353
3105353,3106586
3106586,3106804
3106804,3109064
3109064,3109086
3109086,3109294
3109294,3109333
3109333,3109427
3109427,3109905
3109905,3110293
3110293,3110537
3110537,3111117
3111117,3113345
3113345,3113386
3113386,3113971
3113971,3115215
3115215,3118822
3118822,3119827
3119827,3119839
3119839,3120270
3120270,3122950
3122950,3126226
3126226,3126233
3126233,3126255
3126255,3126497
3126497,3128056
3128056,3129095
3129095,3130005
3130005,3130371
3130371,3131824
3131824,3132341
3132341,3132824
3132824,3133367
3133367,3133399
3133399,3133431
3133431,3133878
3133878,3134762
3134762,3135959
3135959,3135993
3135993,3137127
3137127,3137454
3137454,3138545
3138545,3139120
3139120,3140079
3140079,3140734
3140734,3143102
3143102,3144193
3144193,3144466
3144466,3144649
3144649,3144916
3144916,3144924
3144924,3145207
3145207,3145212
3145212,3145868
3145868,3146582
3146582,3147292
3147292,3149069
3149069,3150476
3150476,3150568
3150568,3153936
3153936,3155960
3155960,3156366
3156366,3156718
3156718,3157226
3157226,3157644
3157644,3157708
3157708,3158277
3158277,3158704
3158704,3159066
3159066,3160700
3160700,3161325
3161325,3161327
3161327,3162788
3162788,3163227
3163227,3164107
3164107,3164686
3164686,3165869
3165869,3165875
3165875,3165903
3165903,3166553
3166553,3166798
3166798,3166912
3166912,3167363
3167363,3167473
3167473,3167671
3167671,3168228
3168228,3168302
3168302,3171499
3171499,3172416
3172416,3172474
3172474,3175804
3175804,3176327
3176327,3176585
3176585,3176872
3176872,3178053
3178053,3178059
3178059,3179620
3179620,3179698
3179698,3180915
3180915,3180916
3180916,3181622
3181622,3182909
3182909,3183488
3183488,3187027
3187027,3187073
3187073,3187295
3187295,3188968
3188968,3188990
3188990,3189081
3189081,3189358
3189358,3189806
3189806,3189851
3189851,3190453
3190453,3190669
3190669,3191532
3191532,3191620
3191620,3191795
3191795,3191796
3191796,3191847
3191847,3192656
3192656,3193000
3193000,3193473
3193473,3193479
3193479,3193490
3193490,3193654
3193654,3193703
3193703,3194072
3194072,3194641
3194641,3194785
3194785,3194798
3194798,3195467
3195467,3196019
3196019,3196585
3196585,3197326
3197326,3198415
3198415,3199112
3199112,3200929
3200929,3201203
3201203,3201260
3201260,3201589
3201589,3201773
3201773,3202205
3202205,3202394
3202394,3203155
3203155,3203493
3203493,3204837
3204837,3204961
3204961,3206141
3206141,3207098
3207098,3207130
3207130,3208060
3208060,3208117
3208117,3208150
3208150,3209721
3209721,3212344
3212344,3214412
3214412,3214589
3214589,3214695
3214695,3214997
3214997,3215069
3215069,3215300
3215300,3215461
3215461,3215726
3215726,3216299
3216299,3217759
3217759,3217980
3217980,3218030
3218030,3218703
3218703,3219469
3219469,3219945
3219945,3220079
3220079,3220284
3220284,3221022
3221022,3221840
3221840,3221862
3221862,3221898
3221898,3221938
3221938,3221947
3221947,3222928
3222928,3223283
3223283,3223342
3223342,3223444
3223444,3224275
3224275,3224816
3224816,3225476
3225476,3226372
3226372,3226836
3226836,3227485
3227485,3228281
3228281,3230861
3230861,3232110
3232110,3232853
3232853,3233609
3233609,3234061
3234061,3235193
3235193,3235196
3235196,3239455
3239455,3241342
3241342,3243632
3243632,3244523
3244523,3245229
3245229,3247155
3247155,3247180
3247180,3248621
3248621,3248683
3248683,3249154
3249154,3250918
3250918,3251452
3251452,3251544
3251544,3252020
3252020,3252166
3252166,3252293
3252293,3253087
3253087,3254037
3254037,3254191
3254191,3254621
3254621,3254988
3254988,3255025
3255025,3255032
3255032,3255037
3255037,3255399
3255399,3255576
3255576,3256374
3256374,3256386
3256386,3257749
3257749,3260025
3260025,3261933
3261933,3261995
3261995,3262049
3262049,3262695
3262695,3263096
3263096,3263938
3263938,3264004
3264004,3264610
3264610,3265299
3265299,3265719
3265719,3266422
3266422,3266519
3266519,3266547
3266547,3266602
3266602,3266609
3266609,3266611
3266611,3266617
3266617,3266624
3266624,3266634
3266634,3268508
3268508,3269758
3269758,3270796
3270796,3273324
3273324,3273923
3273923,3274140
3274140,3275524
3275524,3276082
3276082,3278106
3278106,3279252
3279252,3279308
3279308,3279596
3279596,3280909
3280909,3280962
3280962,3281068
3281068,3282353
3282353,3282384
3282384,3282704
3282704,3283037
3283037,3283517
3283517,3285313
3285313,3285388
3285388,3285648
3285648,3285884
3285884,3285893
3285893,3286252
3286252,3286718
3286718,3286729
3286729,3286773
3286773,3288064
3288064,3288386
3288386,3288534
3288534,3290234
3290234,3290264
3290264,3290312
3290312,3291037
3291037,3291672
3291672,3291823
3291823,3292186
3292186,3293076
3293076,3293113
3293113,3293141
3293141,3293210
3293210,3295975
3295975,3296028
3296028,3296378
3296378,3297142
3297142,3297188
3297188,3297206
3297206,3297216
3297216,3297252
3297252,3297321
3297321,3297342
3297342,3297348
3297348,3297415
3297415,3297545
3297545,3298835
3298835,3298998
3298998,3300118
3300118,3300499
3300499,3300774
3300774,3300815
3300815,3301851
3301851,3303497
3303497,3303836
3303836,3303864
3303864,3303959
3303959,3303998
3303998,3304270
3304270,3304455
3304455,3305974
3305974,3306972
3306972,3308956
3308956,3309421
3309421,3309648
3309648,3311271
3311271,3311333
3311333,3314987
3314987,3316524
3316524,3317497
3317497,3317513
3317513,3317594
3317594,3317749
3317749,3317889
3317889,3319183
3319183,3319304
3319304,3319391
3319391,3320298
3320298,3320644
3320644,3321573
3321573,3322994
3322994,3324666
3324666,3326434
3326434,3326864
3326864,3328513
3328513,3328834
3328834,3328971
3328971,3329150
3329150,3331067
3331067,3331082
3331082,3331212
3331212,3333501
3333501,3333745
3333745,3335858
3335858,3337036
3337036,3337635
3337635,3338037
3338037,3338539
3338539,3339704
3339704,3340191
3340191,3340418
3340418,3340496
3340496,3341051
3341051,3341259
3341259,3341936
3341936,3342118
3342118,3342996
3342996,3343949
3343949,3344531
3344531,3344904
3344904,3345551
3345551,3345979
3345979,3346596
3346596,3347709
3347709,3348712
3348712,3348858
3348858,3348994
3348994,3349202
3349202,3349235
3349235,3350865
3350865,3351642
3351642,3351711
3351711,3351712
3351712,3352853
3352853,3354298
3354298,3354386
3354386,3354573
3354573,3354618
3354618,3354622
3354622,3354636
3354636,3355011
3355011,3356406
3356406,3357726
3357726,3357995
3357995,3359800
3359800,3360008
3360008,3360389
3360389,3360667
3360667,3360926
3360926,3363367
3363367,3363774
3363774,3364337
3364337,3365561
3365561,3365865
3365865,3365945
3365945,3366734
3366734,3367179
3367179,3367236
3367236,3367765
3367765,3368083
3368083,3368627
3368627,3369851
3369851,3371012
3371012,3371298
3371298,3371481
3371481,3372408
3372408,3375316
3375316,3375451
3375451,3375458
3375458,3375665
3375665,3376003
3376003,3376970
3376970,3379951
3379951,3380318
3380318,3380532
3380532,3381323
3381323,3381364
3381364,3381383
3381383,3381675
3381675,3381958
3381958,3382063
3382063,3384341
3384341,3385589
3385589,3385756
3385756,3386158
3386158,3386329
3386329,3386476
3386476,3386480
3386480,3386591
3386591,3386601
3386601,3387970
3387970,3389007
3389007,3389523
3389523,3389963
3389963,3390360
3390360,3392122
3392122,3392181
3392181,3392318
3392318,3393377
3393377,3394193
3394193,3394663
3394663,3395063
3395063,3395284
3395284,3396277
3396277,3397211
3397211,3397708
3397708,3398151
3398151,3398247
3398247,3398492
3398492,3398606
3398606,3398963
3398963,3400331
3400331,3401141
3401141,3402163
3402163,3404607
3404607,3404955
3404955,3405213
3405213,3405399
3405399,3405544
3405544,3405873
3405873,3406054
3406054,3406898
3406898,3407064
3407064,3407309
3407309,3407877
3407877,3408452
3408452,3408610
3408610,3408943
3408943,3410591
3410591,3410944
3410944,3411234
3411234,3411450
3411450,3412206
3412206,3413113
3413113,3414107
3414107,3414299
3414299,3414815
3414815,3415476
3415476,3415593
3415593,3415663
3415663,3415759
3415759,3416081
3416081,3416248
3416248,3416797
3416797,3417005
3417005,3417260
3417260,3417444
3417444,3417872
3417872,3418802
3418802,3420051
3420051,3420524
3420524,3420814
3420814,3421399
3421399,3421918
3421918,3422435
3422435,3424215
3424215,3424862
3424862,3425324
3425324,3425893
3425893,3426330
3426330,3427061
3427061,3427852
3427852,3428285
3428285,3428757
3428757,3429743
3429743,3429878
3429878,3430429
3430429,3430433
3430433,3430480
3430480,3430698
3430698,3430925
3430925,3433143
3433143,3434120
3434120,3434518
3434518,3435084
3435084,3435388
3435388,3436042
3436042,3437559
3437559,3437797
3437797,3438213
3438213,3438594
3438594,3439052
3439052,3439270
3439270,3440951
3440951,3441332
3441332,3441996
3441996,3442065
3442065,3442222
3442222,3442424
3442424,3442469
3442469,3442790
3442790,3442931
3442931,3443275
3443275,3443699
3443699,3444067
3444067,3444327
3444327,3444666
3444666,3445004
3445004,3445897
3445897,3446272
3446272,3446990
3446990,3447632
3447632,3449482
3449482,3449571
3449571,3449764
3449764,3450232
3450232,3451015
3451015,3454781
3454781,3454926
3454926,3455150
3455150,3455632
3455632,3455933
3455933,3456124
3456124,3456319
3456319,3456484
3456484,3456836
3456836,3457208
3457208,3457274
3457274,3457559
3457559,3457739
3457739,3458199
3458199,3458405
3458405,3458571
3458571,3458859
3458859,3459854
3459854,3460056
3460056,3460442
3460442,3460645
3460645,3461534
3461534,3461892
3461892,3462839
3462839,3463777
3463777,3464047
3464047,3464387
3464387,3464545
3464545,3465644
3465644,3465918
3465918,3466569
3466569,3468151
3468151,3469512
3469512,3469585
3469585,3469959
3469959,3469960
3469960,3470108
3470108,3470420
3470420,3470748
3470748,3471705
3471705,3472178
3472178,3472271
3472271,3472559
3472559,3473765
3473765,3474477
3474477,3474794
3474794,3476277
3476277,3476453
3476453,3476843
3476843,3477015
3477015,3477493
3477493,3477559
3477559,3477702
3477702,3477942
3477942,3478409
3478409,3478493
3478493,3478625
3478625,3478665
3478665,3478687
3478687,3478693
3478693,3479815
3479815,3479875
3479875,3479908
3479908,3480418
3480418,3480752
3480752,3481298
3481298,3482536
3482536,3482695
3482695,3482774
3482774,3483072
3483072,3483535
3483535,3484226
3484226,3485864
3485864,3486001
3486001,3486224
3486224,3486725
3486725,3486750
3486750,3486951
3486951,3487738
3487738,3488001
3488001,3489121
3489121,3490190
3490190,3492083
3492083,3492889
3492889,3493598
3493598,3495595
3495595,3495617
3495617,3496054
3496054,3496216
3496216,3496252
3496252,3496642
3496642,3497187
3497187,3497451
3497451,3497514
3497514,3497617
3497617,3498193
3498193,3499091
3499091,3499141
3499141,3499346
3499346,3499408
3499408,3499411
3499411,3499424
3499424,3500293
3500293,3500360
3500360,3501245
3501245,3501873
3501873,3503096
3503096,3503594
3503594,3503998
3503998,3504749
3504749,3505758
3505758,3506222
3506222,3506425
3506425,3506704
3506704,3506789
3506789,3507807
3507807,3507900
3507900,3508804
3508804,3509253
3509253,3509831
3509831,3511561
3511561,3511664
3511664,3511732
3511732,3511741
3511741,3511781
3511781,3511788
3511788,3511845
3511845,3513872
3513872,3513892
3513892,3515034
3515034,3516470
3516470,3516499
3516499,3516554
3516554,3516576
3516576,3517403
3517403,3517677
3517677,3518030
3518030,3518299
3518299,3518420
3518420,3518769
3518769,3518796
3518796,3518834
3518834,3519600
3519600,3520219
3520219,3520289
3520289,3520333
3520333,3521786
3521786,3521946
3521946,3522905
3522905,3522981
3522981,3523413
3523413,3523715
3523715,3524405
3524405,3524511
3524511,3524647
3524647,3525005
3525005,3526597
3526597,3526981
3526981,3527203
3527203,3527245
3527245,3527367
3527367,3528112
3528112,3528287
3528287,3528493
3528493,3528794
3528794,3528844
3528844,3529082
3529082,3529093
3529093,3529314
3529314,3529843
3529843,3529911
3529911,3530109
3530109,3530133
3530133,3530482
3530482,3530570
3530570,3531000
3531000,3531006
3531006,3532110
3532110,3532129
3532129,3534824
3534824,3535150
3535150,3535369
3535369,3535809
3535809,3536174
3536174,3536906
3536906,3536952
3536952,3537376
3537376,3538776
3538776,3538894
3538894,3540126
3540126,3540214
3540214,3540959
3540959,3541022
3541022,3541066
3541066,3541082
3541082,3541089
3541089,3541098
3541098,3541111
3541111,3541119
3541119,3541155
3541155,3541180
3541180,3541202
3541202,3541231
3541231,3541371
3541371,3542130
3542130,3542204
3542204,3542730
3542730,3542768
3542768,3543188
3543188,3543247
3543247,3543350
3543350,3543950
3543950,3544392
3544392,3544438
3544438,3544504
3544504,3544512
3544512,3544871
3544871,3544886
3544886,3545086
3545086,3545223
3545223,3545599
3545599,3545827
3545827,3546187
3546187,3546339
3546339,3547364
3547364,3547831
3547831,3548770
3548770,3549201
3549201,3549583
3549583,3550012
3550012,3550013
3550013,3550293
3550293,3550470
3550470,3551245
3551245,3552000
3552000,3552020
3552020,3553253
3553253,3553342
3553342,3554541
3554541,3556479
3556479,3557084
3557084,3557091
3557091,3557158
3557158,3557340
3557340,3557368
3557368,3557731
3557731,3557749
3557749,3558647
3558647,3558915
3558915,3559335
3559335,3559560
3559560,3560073
3560073,3560242
3560242,3561044
3561044,3561100
3561100,3561411
3561411,3561481
3561481,3561517
3561517,3561763
3561763,3561934
3561934,3562421
3562421,3562997
3562997,3563175
3563175,3563772
3563772,3563985
3563985,3564575
3564575,3564856
3564856,3564942
3564942,3565138
3565138,3565755
3565755,3566988
3566988,3567481
3567481,3567652
3567652,3568429
3568429,3568711
3568711,3568753
3568753,3568775
3568775,3569475
3569475,3569592
3569592,3569633
3569633,3571577
3571577,3571879
3571879,3572034
3572034,3572356
3572356,3572720
3572720,3573610
3573610,3576023
3576023,3576209
3576209,3576688
3576688,3576887
3576887,3577180
3577180,3577954
3577954,3578264
3578264,3578596
3578596,3578624
3578624,3578648
3578648,3578945
3578945,3579193
3579193,3579316
3579316,3579410
3579410,3579735
3579735,3579968
3579968,3580346
3580346,3580474
3580474,3580477
3580477,3580739
3580739,3581145
3581145,3581160
3581160,3581242
3581242,3582065
3582065,3582465
3582465,3582561
3582561,3583152
3583152,3584912
3584912,3584952
3000751,3000770
3000770,3000798
3000798,3000948
3000948,3001294
3001294,3001693
3001693,3001793
3001793,3001935
3001935,3002124
3002124,3002337
3002337,3002669
3002669,3002866
3002866,3002969
3002969,3003128
3003128,3003290
3003290,3003602
3003602,3003919
3003919,3003979
3003979,3004190
3004190,3004347
3004347,3004421
3004421,3004479
3004479,3004653
3004653,3005073
3005073,3005142
3005142,3005331
3005331,3005593
3005593,3005776
3005776,3005777
3005777,3005783
3005783,3005964
3005964,3005986
3005986,3006154
3006154,3006179
3006179,3006284
3006284,3006372
3006372,3006411
3006411,3006444
3006444,3006583
3006583,3006634
3006634,3006804
3006804,3006812
3006812,3007762
3007762,3007767
3007767,3007780
3007780,3007930
3007930,3008304
3008304,3008530
3008530,3008652
3008652,3008807
3008807,3008838
3008838,3008877
3008877,3008879
3008879,3008959
3008959,3009169
3009169,3009967
3009967,3010059
3010059,3010250
3010250,3010259
3010259,3010307
3010307,3010334
3010334,3010426
3010426,3012769
3012769,3012789
3012789,3012829
3012829,3012915
3012915,3013040
3013040,3013529
3013529,3013556
3013556,3014484
3014484,3015577
3015577,3016335
3016335,3016582
3016582,3016782
3016782,3016845
3016845,3017394
3017394,3017443
3017443,3017829
3017829,3018598
3018598,3018667
3018667,3019085
3019085,3019497
3019497,3020094
3020094,3022594
3022594,3022930
3022930,3023140
3023140,3023468
3023468,3024195
3024195,3024284
3024284,3024390
3024390,3026900
3026900,3026939
3026939,3026955
3026955,3027094
3027094,3027316
3027316,3027317
3027317,3028314
3028314,3028857
3028857,3030532
3030532,3031710
3031710,3031772
3031772,3031777
3031777,3031927
3031927,3032758
3032758,3036179
3036179,3036367
3036367,3036893
3036893,3037726
3037726,3038950
3038950,3039078
3039078,3040037
3040037,3040711
3040711,3040896
3040896,3040901
3040901,3041233
3041233,3042317
3042317,3042344
3042344,3042719
3042719,3042815
3042815,3043080
3043080,3043727
3043727,3045081
3045081,3045089
3045089,3045158
3045158,3045161
3045161,3046260
3046260,3046567
3046567,3050313
3050313,3051213
3051213,3053898
3053898,3054085
3054085,3056280
3056280,3056641
3056641,3056863
3056863,3057682
3057682,3059257
3059257,3060323
3060323,3061032
3061032,3061650
3061650,3063040
3063040,3063192
3063192,3063267
3063267,3064624
3064624,3065006
3065006,3065072
3065072,3065608
3065608,3065708
3065708,3065746
3065746,3065835
3065835,3066830
3066830,3067345
3067345,3068051
3068051,3068349
3068349,3068803
3068803,3069071
3069071,3070610
3070610,3070614
3070614,3070628
3070628,3071072
3071072,3071102
3071102,3071289
3071289,3072268
3072268,3072365
3072365,3072939
3072939,3073014
3073014,3073111
3073111,3073151
3073151,3075098
3075098,3075741
3075741,3076369
3076369,3076524
3076524,3077358
3077358,3077438
3077438,3077462
3077462,3077484
3077484,3077805
3077805,3077848
3077848,3078089
3078089,3079179
3079179,3079253
3079253,3079899
3079899,3079975
3079975,3083484
3083484,3085212
3085212,3085218
3085218,3085711
3085711,3085735
3085735,3086379
3086379,3087449
3087449,3090128
3090128,3092066
3092066,3092607
3092607,3092632
3092632,3097142
3097142,3099545
3099545,3101656
3101656,3101936
3101936,3103947
3103947,3104373
3104373,3106996
3106996,3107087
3107087,3107433
3107433,3107600
3107600,3107670
3107670,3109187
3109187,3109251
3109251,3109776
3109776,3110153
3110153,3112239
3112239,3112324
3112324,3112552
3112552,3112561
3112561,3113140
3113140,3114658
3114658,3114739
3114739,3116132
3116132,3116400
3116400,3117085
3117085,3117123
3117123,3118323
3118323,3119010
3119010,3119302
3119302,3120420
3120420,3120423
3120423,3120737
3120737,3121557
3121557,3122136
3122136,3122851
3122851,3122883
3122883,3123448
3123448,3123587
3123587,3125116
3125116,3125251
3125251,3125453
3125453,3126224
3126224,3128911
3128911,3129140
3129140,3130256
3130256,3130372
3130372,3130565
3130565,3132052
3132052,3132795
3132795,3132980
3132980,3133251
3133251,3133552
3133552,3133630
3133630,3134372
3134372,3134783
3134783,3134853
3134853,3135843
3135843,3135857
3135857,3136601
3136601,3136907
3136907,3137484
3137484,3137553
3137553,3137565
3137565,3138012
3138012,3138263
3138263,3139197
3139197,3139355
3139355,3139383
3139383,3140644
3140644,3141129
3141129,3141434
3141434,3141640
3141640,3141771
3141771,3143016
3143016,3143642
3143642,3146133
3146133,3146342
3146342,3146518
3146518,3146864
3146864,3146987
3146987,3147352
3147352,3149537
3149537,3149589
3149589,3150720
3150720,3151381
3151381,3152016
3152016,3152050
3152050,3152185
3152185,3152237
3152237,3152258
3152258,3152825
3152825,3152907
3152907,3152946
3152946,3153034
3153034,3153205
3153205,3153464
3153464,3154134
3154134,3154264
3154264,3155259
3155259,3156193
3156193,3156215
3156215,3156236
3156236,3156408
3156408,3157154
3157154,3157752
3157752,3157826
3157826,3158292
3158292,3158304
3158304,3158418
3158418,3158703
3158703,3158709
3158709,3158726
3158726,3159208
3159208,3159649
3159649,3159705
3159705,3160042
3160042,3160515
3160515,3160977
3160977,3161048
3161048,3161259
3161259,3161287
3161287,3162118
3162118,3162484
3162484,3162897
3162897,3162901
3162901,3163199
3163199,3163330
3163330,3164590
3164590,3164656
3164656,3165311
3165311,3168845
3168845,3169095
3169095,3169318
3169318,3169606
3169606,3170687
3170687,3172083
3172083,3172528
3172528,3173307
3173307,3173451
3173451,3173711
3173711,3174371
3174371,3174386
3174386,3174987
3174987,3175308
3175308,3176514
3176514,3176553
3176553,3176618
3176618,3176965
3176965,3177000
3177000,3177183
3177183,3177436
3177436,3177967
3177967,3178063
3178063,3178228
3178228,3178677
3178677,3180221
3180221,3180391
3180391,3181167
3181167,3181311
3181311,3181638
3181638,3182135
3182135,3182873
3182873,3183289
3183289,3183522
3183522,3184040
3184040,3184275
3184275,3184330
3184330,3185328
3185328,3185453
3185453,3185547
3185547,3186292
3186292,3186594
3186594,3186923
3186923,3187661
3187661,3188879
3188879,3189948
3189948,3191382
3191382,3191465
3191465,3191627
3191627,3191684
3191684,3192171
3192171,3193411
3193411,3193420
3193420,3194280
3194280,3195082
3195082,3195534
3195534,3195560
3195560,3195805
3195805,3195825
3195825,3195839
3195839,3196843
3196843,3197867
3197867,3197959
3197959,3198184
3198184,3198460
3198460,3198584
3198584,3199050
3199050,3199581
3199581,3199611
3199611,3200386
3200386,3200426
3200426,3200437
3200437,3200721
3200721,3201111
3201111,3201894
3201894,3202174
3202174,3202332
3202332,3202605
3202605,3202689
3202689,3202786
3202786,3203233
3203233,3203236
3203236,3203427
3203427,3203581
3203581,3203713
3203713,3204675
3204675,3204732
3204732,3205458
3205458,3205798
3205798,3207196
3207196,3207322
3207322,3208231
3208231,3208467
3208467,3209070
3209070,3209877
3209877,3209905
3209905,3212334
3212334,3212388
3212388,3212535
3212535,3212783
3212783,3212795
3212795,3212819
3212819,3216072
3216072,3216227
3216227,3216589
3216589,3216650
3216650,3216732
3216732,3217411
3217411,3217581
3217581,3217825
3217825,3218904
3218904,3219687
3219687,3220101
3220101,3220766
3220766,3220842
3220842,3221015
3221015,3221216
3221216,3221262
3221262,3221514
3221514,3222065
3222065,3222072
3222072,3222242
3222242,3222339
3222339,3222387
3222387,3222393
3222393,3222639
3222639,3223217
3223217,3223332
3223332,3223543
3223543,3224104
3224104,3224284
3224284,3224569
3224569,3224939
3224939,3225123
3225123,3225539
3225539,3225587
3225587,3225740
3225740,3225746
3225746,3225937
3225937,3226175
3226175,3226301
3226301,3226335
3226335,3226421
3226421,3226634
3226634,3226653
3226653,3227018
3227018,3227110
3227110,3227258
3227258,3227754
3227754,3227793
3227793,3227844
3227844,3228477
3228477,3229114
3229114,3229430
3229430,3229480
3229480,3229495
3229495,3229846
3229846,3229853
3229853,3230652
3230652,3230911
3230911,3231156
3231156,3231435
3231435,3232026
3232026,3232087
3232087,3232125
3232125,3232616
3232616,3234291
3234291,3234732
3234732,3234733
3234733,3235186
3235186,3235384
3235384,3235826
3235826,3236479
3236479,3237133
3237133,3237197
3237197,3237209
3237209,3237242
3237242,3237294
3237294,3237519
3237519,3237717
3237717,3238027
3238027,3238263
3238263,3238592
3238592,3239506
3239506,3239519
3239519,3240113
3240113,3240277
3240277,3241025
3241025,3241026
3241026,3241171
3241171,3241326
3241326,3241350
3241350,3241534
3241534,3241837
3241837,3242346
3242346,3243901
3243901,3244324
3244324,3244511
3244511,3244539
3244539,3244722
3244722,3245008
3245008,3245393
3245393,3246655
3246655,3246673
3246673,3246834
3246834,3246885
3246885,3247493
3247493,3247623
3247623,3247646
3247646,3247679
3247679,3247726
3247726,3249246
3249246,3249318
3249318,3249624
3249624,3250812
3250812,3251201
3251201,3251203
3251203,3251789
3251789,3251897
3251897,3252053
3252053,3252791
3252791,3253139
3253139,3253231
3253231,3253366
3253366,3253439
3253439,3253876
3253876,3253892
3253892,3254027
3254027,3254635
3254635,3255144
3255144,3255477
3255477,3256275
3256275,3256539
3256539,3256566
3256566,3256914
3256914,3257135
3257135,3257213
3257213,3257359
3257359,3258278
3258278,3258428
3258428,3258457
3258457,3258476
3258476,3258638
3258638,3258744
3258744,3258959
3258959,3259099
3259099,3259389
3259389,3259434
3259434,3259453
3259453,3259831
3259831,3259836
3259836,3260303
3260303,3260354
3260354,3260363
3260363,3260660
3260660,3260772
3260772,3261986
3261986,3262016
3262016,3262623
3262623,3263177
3263177,3263399
3263399,3263429
3263429,3263902
3263902,3264379
3264379,3264585
3264585,3265188
3265188,3265360
3265360,3266203
3266203,3266219
3266219,3267178
3267178,3267182
3267182,3267311
3267311,3267526
3267526,3267790
3267790,3268539
3268539,3268688
3268688,3269274
3269274,3269509
3269509,3270094
3270094,3270109
3270109,3270360
3270360,3270755
3270755,3270777
3270777,3271705
3271705,3271770
3271770,3272487
3272487,3272950
3272950,3273335
3273335,3273653
3273653,3274036
3274036,3274453
3274453,3274768
3274768,3275363
3275363,3275994
3275994,3276231
3276231,3276674
3276674,3277065
3277065,3277205
3277205,3278442
3278442,3278643
3278643,3278711
3278711,3279624
3279624,3279769
3279769,3281206
3281206,3281282
3281282,3281427
3281427,3281594
3281594,3283241
3283241,3283821
3283821,3284023
3284023,3284060
3284060,3284111
3284111,3284486
3284486,3284487
3284487,3284848
3284848,3284869
3284869,3285303
3285303,3285792
3285792,3285920
3285920,3286034
3286034,3286388
3286388,3286684
3286684,3286794
3286794,3287048
3287048,3287438
3287438,3287538
3287538,3287838
3287838,3288938
3288938,3289004
3289004,3289143
3289143,3289788
3289788,3290059
3290059,3290252
3290252,3290533
3290533,3291158
3291158,3291291
3291291,3291319
3291319,3291405
3291405,3291406
3291406,3291732
3291732,3292011
3292011,3292227
3292227,3292540
3292540,3292627
3292627,3293246
3293246,3294610
3294610,3294640
3294640,3295985
3295985,3295994
3295994,3296453
3296453,3296762
3296762,3296787
3296787,3296815
3296815,3297304
3297304,3297369
3297369,3297547
3297547,3297635
3297635,3298176
3298176,3298643
3298643,3298916
3298916,3300242
3300242,3300364
3300364,3300387
3300387,3300586
3300586,3300590
3300590,3301419
3301419,3301713
3301713,3301768
3301768,3301821
3301821,3302966
3302966,3303012
3303012,3303331
3303331,3303369
3303369,3303541
3303541,3303869
3303869,3303926
3303926,3304065
3304065,3305292
3305292,3305671
3305671,3305880
3305880,3306173
3306173,3306488
3306488,3307099
3307099,3307107
3307107,3307109
3307109,3307570
3307570,3307583
3307583,3307960
3307960,3308678
3308678,3308704
3308704,3308719
3308719,3308986
3308986,3309129
3309129,3309380
3309380,3309936
3309936,3310124
3310124,3310164
3310164,3310263
3310263,3310791
3310791,3311021
3311021,3311032
3311032,3311316
3311316,3311425
3311425,3311653
3311653,3311734
3311734,3311839
3311839,3311870
3311870,3311960
3311960,3312070
3312070,3312198
3312198,3312651
3312651,3312720
3312720,3312786
3312786,3312953
3312953,3312965
3312965,3313173
3313173,3313244
3313244,3313317
3313317,3313524
3313524,3313569
3313569,3315081
3315081,3315234
3315234,3316771
3316771,3316787
3316787,3316933
3316933,3317176
3317176,3317378
3317378,3317617
3317617,3317648
3317648,3317876
3317876,3318034
3318034,3318889
3318889,3318931
3318931,3318945
3318945,3318972
3318972,3319026
3319026,3319028
3319028,3319085
3319085,3319250
3319250,3320387
3320387,3321891
3321891,3322141
3322141,3322217
3322217,3323029
3323029,3323092
3323092,3323190
3323190,3323993
3323993,3324007
3324007,3324098
3324098,3324115
3324115,3324713
3324713,3324796
3324796,3325248
3325248,3325255
3325255,3325935
3325935,3326146
3326146,3326261
3326261,3326704
3326704,3326711
3326711,3326767
3326767,3326803
3326803,3326993
3326993,3327035
3327035,3327234
3327234,3327260
3327260,3328550
3328550,3328873
3328873,3329035
3329035,3329841
3329841,3329937
3329937,3331016
3331016,3331506
3331506,3332016
3332016,3332024
3332024,3332194
3332194,3332648
3332648,3332674
3332674,3332799
3332799,3332971
3332971,3333657
3333657,3334017
3334017,3334018
3334018,3334236
3334236,3334386
3334386,3334445
3334445,3334745
3334745,3335141
3335141,3335242
3335242,3335377
3335377,3335435
3335435,3336092
3336092,3336428
3336428,3336470
3336470,3336923
3336923,3336958
3336958,3337274
3337274,3337350
3337350,3338597
3338597,3338967
3338967,3339161
3339161,3339282
3339282,3339874
3339874,3340259
3340259,3341296
3341296,3341956
3341956,3342129
3342129,3342142
3342142,3342395
3342395,3342496
3342496,3342932
3342932,3343056
3343056,3343350
3343350,3343836
3343836,3344002
3344002,3344508
3344508,3345355
3345355,3345517
3345517,3345626
3345626,3345643
3345643,3345667
3345667,3346128
3346128,3346137
3346137,3346218
3346218,3346266
3346266,3346486
3346486,3346989
3346989,3347612
3347612,3347945
3347945,3348030
3348030,3348189
3348189,3348238
3348238,3348247
3348247,3348770
3348770,3348936
3348936,3349415
3349415,3350211
3350211,3350516
3350516,3350525
3350525,3350891
3350891,3351372
3351372,3351441
3351441,3351632
3351632,3351721
3351721,3352250
3352250,3352342
3352342,3352538
3352538,3353075
3353075,3353702
3353702,3353750
3353750,3353813
3353813,3354245
3354245,3354250
3354250,3355699
3355699,3356589
3356589,3356653
3356653,3356840
3356840,3356860
3356860,3357205
3357205,3357257
3357257,3357358
3357358,3357372
3357372,3357463
3357463,3357715
3357715,3358063
3358063,3358412
3358412,3358616
3358616,3358633
3358633,3358669
3358669,3358771
3358771,3359051
3359051,3359109
3359109,3359265
3359265,3359313
3359313,3359516
3359516,3360197
3360197,3360695
3360695,3361421
3361421,3361881
3361881,3361933
3361933,3362182
3362182,3362227
3362227,3362819
3362819,3362903
3362903,3363972
3363972,3365099
3365099,3365346
3365346,3365386
3365386,3365516
3365516,3365572
3365572,3365625
3365625,3367097
3367097,3367503
3367503,3367530
3367530,3367654
3367654,3367979
3367979,3368626
3368626,3368696
3368696,3368778
3368778,3369031
3369031,3369402
3369402,3369535
3369535,3369811
3369811,3370353
3370353,3370500
3370500,3370802
3370802,3370877
3370877,3371022
3371022,3371023
3371023,3372490
3372490,3373274
3373274,3373957
3373957,3374424
3374424,3374728
3374728,3374780
3374780,3374785
3374785,3374797
3374797,3374912
3374912,3375243
3375243,3375341
3375341,3375373
3375373,3375428
3375428,3376835
3376835,3377230
3377230,3378009
3378009,3378301
3378301,3378328
3378328,3378544
3378544,3378710
3378710,3379820
3379820,3379861
3379861,3380215
3380215,3380463
3380463,3380540
3380540,3380802
3380802,3380817
3380817,3381244
3381244,3381277
3381277,3381419
3381419,3381470
3381470,3383091
3383091,3383278
3383278,3383284
3383284,3383404
3383404,3383441
3383441,3383510
3383510,3384595
3384595,3384649
3384649,3385438
3385438,3386802
3386802,3387001
3387001,3387007
3387007,3387013
3387013,3387286
3387286,3388070
3388070,3388226
3388226,3389567
3389567,3390022
3390022,3390335
3390335,3391130
3391130,3391179
3391179,3392168
3392168,3392507
3392507,3392602
3392602,3392678
3392678,3393341
3393341,3394463
3394463,3394549
3394549,3394627
3394627,3395014
3395014,3395152
3395152,3395241
3395241,3395878
3395878,3396317
3396317,3396709
3396709,3397357
3397357,3397397
3397397,3397439
3397439,3397657
3397657,3397934
3397934,3398007
3398007,3398210
3398210,3398656
3398656,3398681
3398681,3398690
3398690,3399167
3399167,3399595
3399595,3399971
3399971,3400535
3400535,3400699
3400699,3400855
3400855,3400881
3400881,3400948
3400948,3401070
3401070,3401097
3401097,3401291
3401291,3401336
3401336,3401559
3401559,3401604
3401604,3401872
3401872,3401975
3401975,3402367
3402367,3402611
3402611,3403189
3403189,3403346
3403346,3404015
3404015,3404038
3404038,3404125
3404125,3404622
3404622,3404849
3404849,3405515
3405515,3405791
3405791,3405815
3405815,3406155
3406155,3406369
3406369,3407135
3407135,3407698
3407698,3408371
3408371,3409773
3409773,3410199
3410199,3410414
3410414,3410573
3410573,3410856
3410856,3411193
3411193,3411198
3411198,3411628
3411628,3411631
3411631,3411846
3411846,3411876
3411876,3411891
3411891,3412270
3412270,3412408
3412408,3412994
3412994,3413051
3413051,3413146
3413146,3413395
3413395,3413416
3413416,3413437
3413437,3413679
3413679,3414249
3414249,3414621
3414621,3414929
3414929,3415175
3415175,3415179
3415179,3415303
3415303,3415330
3415330,3415370
3415370,3415547
3415547,3415728
3415728,3415740
3415740,3415878
3415878,3416552
3416552,3416606
3416606,3417092
3417092,3417132
3417132,3417152
3417152,3417170
3417170,3417176
3417176,3417275
3417275,3417343
3417343,3417441
3417441,3417702
3417702,3417762
3417762,3417960
3417960,3418230
3418230,3418357
3418357,3418761
3418761,3419033
3419033,3419057
3419057,3419066
3419066,3419080
3419080,3419628
3419628,3419925
3419925,3420321
3420321,3420550
3420550,3420913
3420913,3420943
3420943,3422527
3422527,3423035
3423035,3423357
3423357,3423423
3423423,3423665
3423665,3424725
3424725,3425014
3425014,3425847
3425847,3426728
3426728,3427409
3427409,3427574
3427574,3427602
3427602,3427703
3427703,3428138
3428138,3429610
3429610,3430220
3430220,3430739
3430739,3430822
3430822,3430863
3430863,3430878
3430878,3431955
3431955,3433128
3433128,3433189
3433189,3433976
3433976,3434097
3434097,3434390
3434390,3434395
3434395,3434467
3434467,3434502
3434502,3434640
3434640,3435028
3435028,3435246
3435246,3435848
3435848,3435873
3435873,3435912
3435912,3435923
3435923,3435947
3435947,3436002
3436002,3436118
3436118,3436180
3436180,3436349
3436349,3436356
3436356,3436361
3436361,3437128
3437128,3437162
3437162,3437353
3437353,3438118
3438118,3438533
3438533,3438666
3438666,3438755
3438755,3438783
3438783,3438847
3438847,3439020
3439020,3439054
3439054,3440504
3440504,3441337
3441337,3441670
3441670,3441775
3441775,3442275
3442275,3442339
3442339,3442882
3442882,3442942
3442942,3442963
3442963,3443324
3443324,3443587
3443587,3443617
3443617,3444100
3444100,3444714
3444714,3445716
3445716,3446078
3446078,3446255
3446255,3446397
3446397,3446594
3446594,3447043
3447043,3447092
3447092,3447104
3447104,3447323
3447323,3448508
3448508,3449214
3449214,3449512
3449512,3450078
3450078,3450190
3450190,3450786
3450786,3451236
3451236,3451459
3451459,3452057
3452057,3452722
3452722,3453106
3453106,3453124
3453124,3453159
3453159,3453168
3453168,3453537
3453537,3453725
3453725,3453966
3453966,3454035
3454035,3454239
3454239,3454252
3454252,3454258
3454258,3455050
3455050,3455231
3455231,3455312
3455312,3455393
3455393,3455447
3455447,3455484
3455484,3455889
3455889,3455955
3455955,3456086
3456086,3457149
3457149,3457188
3457188,3457332
3457332,3457540
3457540,3457825
3457825,3458896
3458896,3458947
3458947,3459376
3459376,3459452
3459452,3459486
3459486,3459563
3459563,3459602
3459602,3460346
3460346,3460367
3460367,3460495
3460495,3461018
3461018,3461639
3461639,3462202
3462202,3462586
3462586,3462770
3462770,3462791
3462791,3463586
3463586,3463806
3463806,3465179
3465179,3465701
3465701,3465917
3465917,3466110
3466110,3466602
3466602,3466768
3466768,3466804
3466804,3467481
3467481,3467982
3467982,3468211
3468211,3468248
3468248,3468261
3468261,3468643
3468643,3469096
3469096,3469197
3469197,3470601
3470601,3470663
3470663,3470700
3470700,3470873
3470873,3470938
3470938,3471839
3471839,3472493
3472493,3474549
3474549,3474607
3474607,3474929
3474929,3475326
3475326,3475826
3475826,3475999
3475999,3476190
3476190,3476730
3476730,3477600
3477600,3477605
3477605,3477671
3477671,3478037
3478037,3478706
3478706,3479283
3479283,3479325
3479325,3479644
3479644,3479716
3479716,3479810
3479810,3480115
3480115,3480736
3480736,3480984
3480984,3481232
3481232,3481566
3481566,3481669
3481669,3481807
3481807,3481873
3481873,3481953
3481953,3483005
3483005,3483365
3483365,3483489
3483489,3485064
3485064,3487614
3487614,3488153
3488153,3489635
3489635,3489863
3489863,3490121
3490121,3490173
3490173,3490307
3490307,3490554
3490554,3490890
3490890,3491271
3491271,3491515
3491515,3491520
3491520,3491556
3491556,3491653
3491653,3491797
3491797,3491977
3491977,3492243
3492243,3492357
3492357,3492418
3492418,3492458
3492458,3492551
3492551,3492901
3492901,3493229
3493229,3493380
3493380,3493440
3493440,3493649
3493649,3493669
3493669,3493707
3493707,3493922
3493922,3494472
3494472,3494576
3494576,3494863
3494863,3494951
3494951,3496170
3496170,3496222
3496222,3496278
3496278,3496648
3496648,3496807
3496807,3496880
3496880,3497060
3497060,3497265
3497265,3497329
3497329,3497705
3497705,3498366
3498366,3498969
3498969,3499049
3499049,3499333
3499333,3499352
3499352,3499793
3499793,3499916
3499916,3500126
3500126,3500155
3500155,3500584
3500584,3500907
3500907,3501050
3501050,3501067
3501067,3501181
3501181,3501458
3501458,3501550
3501550,3501567
3501567,3501613
3501613,3501728
3501728,3502332
3502332,3503802
3503802,3504280
3504280,3504364
3504364,3504365
3504365,3504602
3504602,3504714
3504714,3504757
3504757,3504806
3504806,3504947
3504947,3505105
3505105,3505155
3505155,3505440
3505440,3505702
3505702,3506407
3506407,3507399
3507399,3508101
3508101,3508122
3508122,3508357
3508357,3508498
3508498,3508801
3508801,3509376
3509376,3510463
3510463,3510505
3510505,3510562
3510562,3511093
3511093,3511564
3511564,3511625
3511625,3512082
3512082,3512252
3512252,3512408
3512408,3512849
3512849,3512952
3512952,3513342
3513342,3513533
3513533,3513781
3513781,3513881
3513881,3514204
3514204,3514846
3514846,3514868
3514868,3514881
3514881,3515072
3515072,3515148
3515148,3515202
3515202,3515207
3515207,3515326
3515326,3515360
3515360,3515560
3515560,3515607
3515607,3515912
3515912,3516205
3516205,3516293
3516293,3516842
3516842,3517376
3517376,3518402
3518402,3518429
3518429,3518566
3518566,3519227
3519227,3519239
3519239,3519837
3519837,3520198
3520198,3520979
3520979,3521003
3521003,3521713
3521713,3521799
3521799,3521839
3521839,3521874
3521874,3522133
3522133,3523372
3523372,3523953
3523953,3524194
3524194,3524237
3524237,3524600
3524600,3524626
3524626,3524788
3524788,3525205
3525205,3525559
3525559,3525584
3525584,3525753
3525753,3525762
3525762,3525902
3525902,3526234
3526234,3526249
3526249,3526265
3526265,3526538
3526538,3526677
3526677,3526747
3526747,3526826
3526826,3526999
3526999,3527288
3527288,3527851
3527851,3528696
3528696,3529131
3529131,3529473
3529473,3529623
3529623,3531359
3531359,3532154
3532154,3532603
3532603,3532712
3532712,3532838
3532838,3533538
3533538,3533583
3533583,3533817
3533817,3534469
3534469,3534520
3534520,3534577
3534577,3534603
3534603,3534644
3534644,3535204
3535204,3535455
3535455,3536006
3536006,3536282
3536282,3536356
3536356,3536692
3536692,3536735
3536735,3536915
3536915,3537047
3537047,3537736
3537736,3538017
3538017,3538698
3538698,3538896
3538896,3539601
3539601,3540662
3540662,3540994
3540994,3541421
3541421,3541704
3541704,3543720
3543720,3544071
3544071,3544221
3544221,3544284
3544284,3546247
3546247,3546999
3546999,3547142
3547142,3547474
3547474,3548150
3548150,3549242
3549242,3549346
3549346,3551455
3551455,3551643
3551643,3552150
3552150,3552418
3552418,3552558
3552558,3553183
3553183,3553337
3553337,3554127
3554127,3554140
3554140,3554620
3554620,3554780
3554780,3554806
3554806,3554822
3554822,3555122
3555122,3555568
3555568,3555864
3555864,3557139
3557139,3558041
3558041,3558123
3558123,3558490
3558490,3559052
3559052,3559847
3559847,3560572
3560572,3561764
3561764,3561796
3561796,3562977
3562977,3562984
3562984,3563728
3563728,3563781
3563781,3563928
3563928,3564474
3564474,3564763
3564763,3564807
3564807,3565213
3565213,3566298
3566298,3567074
3567074,3567120
3567120,3567626
3567626,3567671
3567671,3568025
3568025,3569098
3569098,3569403
3569403,3569979
3569979,3570251
3570251,3571326
3571326,3572450
3572450,3572651
3572651,3572953
3572953,3573528
3573528,3573542
3573542,3573930
3573930,3574612
3574612,3575016
3575016,3575186
3575186,3575398
3575398,3575795
3575795,3576146
3576146,3577890
3577890,3577953
3577953,3579161
3579161,3579224
3579224,3579304
3579304,3579326
3579326,3579355
3579355,3579565
3579565,3580098
3580098,3580132
3580132,3580206
3580206,3580459
3580459,3580528
3580528,3581343
3581343,3581541
3581541,3581696
3581696,3581724
3581724,3581834
3581834,3582290
3582290,3582658
3582658,3582667
3582667,3582927
3582927,3582939
3000902,3008138
3008138,3039032
3039032,3044065
3044065,3045126
3045126,3045247
3045247,3050502
3050502,3053121
3053121,3055624
3055624,3055687
3055687,3058791
3058791,3060486
3060486,3064136
3064136,3067057
3067057,3076835
3076835,3076866
3076866,3081583
3081583,3082349
3082349,3082400
3082400,3086825
3086825,3087117
3087117,3105761
3105761,3112142
3112142,3119579
3119579,3121093
3121093,3122215
3122215,3123633
3123633,3123943
3123943,3127669
3127669,3138319
3138319,3147914
3147914,3185646
3185646,3188244
3188244,3188252
3188252,3189351
3189351,3190461
3190461,3196316
3196316,3202509
3202509,3203069
3203069,3203085
3203085,3203794
3203794,3205296
3205296,3205317
3205317,3210098
3210098,3211111
3211111,3211443
3211443,3211509
3211509,3219056
3219056,3220814
3220814,3220870
3220870,3224188
3224188,3233557
3233557,3233566
3233566,3237870
3237870,3238676
3238676,3256751
3256751,3256991
3256991,3257158
3257158,3259833
3259833,3265909
3265909,3268704
3268704,3268790
3268790,3270256
3270256,3297699
3297699,3300987
3300987,3310120
3310120,3335940
3335940,3387618
3387618,3431574
3431574,3434704
3434704,3434736
3434736,3434738
3434738,3434767
3434767,3438806
3438806,3440505
3440505,3440526
3440526,3440543
3440543,3440556
3440556,3446608
3446608,3475471
3475471,3480457
3480457,3485762
3485762,3485765
3485765,3485766
3485766,3486581
3486581,3493799
3493799,3505579
3505579,3505582
3505582,3509441
3509441,3509459
3509459,3523199
3523199,3532043
3001718,3006031
3006031,3006117
3006117,3006493
3006493,3006928
3006928,3006942
3006942,3011702
3011702,3018410
3018410,3023497
3023497,3023553
3023553,3024194
3024194,3024254
3024254,3032418
3032418,3034574
3034574,3034642
3034642,3038759
3038759,3041946
3041946,3042227
3042227,3051990
3051990,3054453
3054453,3054463
3054463,3054510
3054510,3054511
3054511,3054532
3054532,3063365
3063365,3063943
3063943,3066356
3066356,3072040
3072040,3072772
3072772,3074143
3074143,3080252
3080252,3085777
3085777,3085799
3085799,3086802
3086802,3087822
3087822,3092793
3092793,3096343
3096343,3099575
3099575,3104922
3104922,3113340
3113340,3113745
3113745,3120994
3120994,3150138
3150138,3150821
3150821,3206575
3206575,3209467
3209467,3212410
3212410,3234327
3234327,3240881
3240881,3247861
3247861,3258860
3258860,3269599
3269599,3271785
3271785,3292070
3292070,3302409
3302409,3307015
3307015,3311263
3311263,3357002
3357002,3374300
3374300,3381585
3381585,3395339
3395339,3405413
3405413,3418766
3418766,3437403
3437403,3444271
3444271,3462385
3462385,3462387
3462387,3462404
3462404,3464869
3464869,3468946
3468946,3474270
3474270,3476174
3476174,3476179
3476179,3487482
3487482,3537082
3537082,3563052
3563052,3563095
3563095,3579474
3579474,3579649
3002221,3006150
3006150,3006178
3006178,3007932
3007932,3010126
3010126,3011354
3011354,3015182
3015182,3017681
3017681,3017822
3017822,3017846
3017846,3022978
3022978,3023906
3023906,3025207
3025207,3030290
3030290,3030697
3030697,3030837
3030837,3033723
3033723,3033866
3033866,3034040
3034040,3039820
3039820,3040787
3040787,3043766
3043766,3044307
3044307,3048987
3048987,3049290
3049290,3051382
3051382,3053354
3053354,3061749
3061749,3062625
3062625,3064986
3064986,3068200
3068200,3069494
3069494,3071209
3071209,3072382
3072382,3072653
3072653,3077016
3077016,3077121
3077121,3078433
3078433,3081735
3081735,3082949
3082949,3084267
3084267,3088949
3088949,3090826
3090826,3091532
3091532,3094118
3094118,3094387
3094387,3096215
3096215,3097116
3097116,3097486
3097486,3098586
3098586,3100333
3100333,3100832
3100832,3101847
3101847,3101852
3101852,3102359
3102359,3103012
3103012,3103105
3103105,3103346
3103346,3104707
3104707,3108054
3108054,3108170
3108170,3113409
3113409,3118998
3118998,3130117
3130117,3130153
3130153,3133432
3133432,3134873
3134873,3135688
3135688,3138483
3138483,3139068
3139068,3140438
3140438,3140490
3140490,3141553
3141553,3142459
3142459,3143731
3143731,3146275
3146275,3154533
3154533,3158869
3158869,3160680
3160680,3160797
3160797,3162138
3162138,3166054
3166054,3166257
3166257,3170180
3170180,3171000
3171000,3171310
3171310,3171496
3171496,3173444
3173444,3174581
3174581,3177444
3177444,3181172
3181172,3182224
3182224,3183853
3183853,3184154
3184154,3184679
3184679,3184968
3184968,3185417
3185417,3193927
3193927,3195393
3195393,3200010
3200010,3200956
3200956,3200984
3200984,3201084
3201084,3206829
3206829,3207217
3207217,3207238
3207238,3207466
3207466,3209115
3209115,3209160
3209160,3209424
3209424,3210884
3210884,3212508
3212508,3214886
3214886,3219904
3219904,3222220
3222220,3222744
3222744,3223040
3223040,3225011
3225011,3228957
3228957,3230073
3230073,3240693
3240693,3246248
3246248,3254724
3254724,3258981
3258981,3267740
3267740,3268802
3268802,3268834
3268834,3275275
3275275,3277077
3277077,3278970
3278970,3279839
3279839,3288333
3288333,3292271
3292271,3292758
3292758,3298626
3298626,3302750
3302750,3309389
3309389,3312045
3312045,3313008
3313008,3324885
3324885,3326884
3326884,3330129
3330129,3330361
3330361,3338320
3338320,3340295
3340295,3340979
3340979,3342493
3342493,3342518
3342518,3342589
3342589,3342904
3342904,3343102
3343102,3343661
3343661,3344081
3344081,3346219
3346219,3349135
3349135,3349244
3349244,3353042
3353042,3356009
3356009,3356885
3356885,3357880
3357880,3358737
3358737,3358740
3358740,3359611
3359611,3363533
3363533,3363728
3363728,3364812
3364812,3364837
3364837,3365626
3365626,3367444
3367444,3367811
3367811,3367866
3367866,3370737
3370737,3376101
3376101,3376146
3376146,3376171
3376171,3376381
3376381,3379921
3379921,3384713
3384713,3385818
3385818,3386076
3386076,3387871
3387871,3392517
3392517,3396218
3396218,3396222
3396222,3396276
3396276,3399582
3399582,3400309
3400309,3400612
3400612,3402585
3402585,3404298
3404298,3409800
3409800,3410072
3410072,3413871
3413871,3419333
3419333,3419383
3419383,3421729
3421729,3428952
3428952,3429062
3429062,3429104
3429104,3429135
3429135,3436006
3436006,3438093
3438093,3445074
3445074,3446685
3446685,3446832
3446832,3446970
3446970,3448076
3448076,3453539
3453539,3454839
3454839,3456149
3456149,3457587
3457587,3457703
3457703,3458424
3458424,3466072
3466072,3467489
3467489,3481019
3481019,3487671
3487671,3495125
3495125,3499109
3499109,3503878
3503878,3507926
3507926,3508124
3508124,3511673
3511673,3512695
3512695,3521616
3521616,3531329
3531329,3531361
3531361,3537523
3537523,3538202
3538202,3540424
3540424,3541662
3541662,3544225
3544225,3548289
3548289,3554120
3554120,3558965
3558965,3558995
3558995,3559884
3559884,3560595
3560595,3561879
3561879,3564124
3564124,3567472
3567472,3568651
3568651,3577443
3577443,3577511
3577511,3581784
3581784,3585336
3585336,3590562
3002300,3002431
3002431,3002742
3002742,3002926
3002926,3002940
3002940,3002976
3002976,3002983
3002983,3002998
3002998,3003003
3003003,3003004
3003004,3003079
3003079,3003147
3003147,3003169
3003169,3003637
3003637,3003666
3003666,3003696
3003696,3003718
3003718,3003924
3003924,3003998
3003998,3004094
3004094,3004115
3004115,3004122
3004122,3004127
3004127,3004271
3004271,3004573
3004573,3004785
3004785,3005491
3005491,3005720
3005720,3005796
3005796,3005835
3005835,3005863
3005863,3006255
3006255,3006423
3006423,3006447
3006447,3006468
3006468,3006526
3006526,3006980
3006980,3007244
3007244,3007416
3007416,3007759
3007759,3008257
3008257,3008768
3008768,3008785
3008785,3009109
3009109,3009172
3009172,3009239
3009239,3009389
3009389,3010071
3010071,3010601
3010601,3010652
3010652,3010653
3010653,3010729
3010729,3010757
3010757,3011085
3011085,3011812
3011812,3012051
3012051,3012430
3012430,3012540
3012540,3013010
3013010,3013237
3013237,3013266
3013266,3013308
3013308,3013453
3013453,3013636
3013636,3013696
3013696,3013744
3013744,3013990
3013990,3014038
3014038,3014105
3014105,3014415
3014415,3015377
3015377,3015586
3015586,3015607
3015607,3015695
3015695,3016364
3016364,3016517
3016517,3016562
3016562,3016626
3016626,3016946
3016946,3017004
3017004,3017041
3017041,3017067
3017067,3017081
3017081,3017145
3017145,3017150
3017150,3017245
3017245,3017356
3017356,3017366
3017366,3017375
3017375,3017442
3017442,3017511
3017511,3017590
3017590,3017748
3017748,3017957
3017957,3018075
3018075,3018165
3018165,3018304
3018304,3018455
3018455,3018570
3018570,3018581
3018581,3018676
3018676,3018705
3018705,3018762
3018762,3018804
3018804,3018810
3018810,3019179
3019179,3019208
3019208,3019337
3019337,3019559
3019559,3019770
3019770,3020418
3020418,3020489
3020489,3020501
3020501,3020535
3020535,3020761
3020761,3020847
3020847,3020872
3020872,3021063
3021063,3021067
3021067,3021906
3021906,3022014
3022014,3022602
3022602,3022936
3022936,3023044
3023044,3023607
3023607,3023933
3023933,3024376
3024376,3024998
3024998,3025167
3025167,3025328
3025328,3026609
3026609,3027118
3027118,3027282
3027282,3028542
3028542,3029020
3029020,3029137
3029137,3029355
3029355,3029551
3029551,3029732
3029732,3029800
3029800,3030246
3030246,3030542
3030542,3030948
3030948,3031390
3031390,3031617
3031617,3031666
3031666,3031718
3031718,3032755
3032755,3032898
3032898,3033207
3033207,3033415
3033415,3033489
3033489,3033576
3033576,3033705
3033705,3033818
3033818,3033970
3033970,3034344
3034344,3034826
3034826,3035008
3035008,3035123
3035123,3035404
3035404,3035514
3035514,3035926
3035926,3036187
3036187,3037123
3037123,3037275
3037275,3037308
3037308,3037763
3037763,3037820
3037820,3038361
3038361,3038461
3038461,3038513
3038513,3038525
3038525,3038891
3038891,3038930
3038930,3039202
3039202,3039722
3039722,3039770
3039770,3039816
3039816,3039822
3039822,3040047
3040047,3040075
3040075,3040093
3040093,3040110
3040110,3040368
3040368,3040485
3040485,3040500
3040500,3040904
3040904,3041260
3041260,3041327
3041327,3041471
3041471,3041757
3041757,3041981
3041981,3042087
3042087,3042233
3042233,3042471
3042471,3042620
3042620,3043069
3043069,3043136
3043136,3043535
3043535,3043819
3043819,3044089
3044089,3044205
3044205,3044242
3044242,3044360
3044360,3044570
3044570,3044700
3044700,3044701
3044701,3045250
3045250,3046042
3046042,3046450
3046450,3046789
3046789,3047357
3047357,3047667
3047667,3047688
3047688,3048446
3048446,3048455
3048455,3048473
3048473,3048631
3048631,3048655
3048655,3048657
3048657,3048658
3048658,3048666
3048666,3048700
3048700,3048750
3048750,3048793
3048793,3049105
3049105,3049133
3049133,3049197
3049197,3049271
3049271,3050023
3050023,3050974
3050974,3051023
3051023,3051040
3051040,3051222
3051222,3052161
3052161,3052426
3052426,3052439
3052439,3052623
3052623,3052750
3052750,3052822
3052822,3053579
3053579,3053883
3053883,3054468
3054468,3054974
3054974,3055063
3055063,3055125
3055125,3055143
3055143,3055339
3055339,3055363
3055363,3055384
3055384,3055413
3055413,3055926
3055926,3056073
3056073,3056200
3056200,3056929
3056929,3056936
3056936,3057432
3057432,3057696
3057696,3057705
3057705,3057813
3057813,3057830
3057830,3057913
3057913,3057931
3057931,3058090
3058090,3058097
3058097,3058329
3058329,3058451
3058451,3058719
3058719,3058830
3058830,3059739
3059739,3059799
3059799,3059825
3059825,3059864
3059864,3059938
3059938,3059943
3059943,3060358
3060358,3060368
3060368,3060745
3060745,3060754
3060754,3061113
3061113,3061156
3061156,3061157
3061157,3061222
3061222,3061353
3061353,3061425
3061425,3061813
3061813,3062039
3062039,3062175
3062175,3062522
3062522,3062531
3062531,3062935
3062935,3063032
3063032,3063507
3063507,3063932
3063932,3063989
3063989,3063997
3063997,3064077
3064077,3064677
3064677,3064928
3064928,3065571
3065571,3066275
3066275,3066323
3066323,3066870
3066870,3066871
3066871,3068032
3068032,3068040
3068040,3068252
3068252,3068332
3068332,3068608
3068608,3068640
3068640,3069110
3069110,3069423
3069423,3069476
3069476,3069821
3069821,3069974
3069974,3070462
3070462,3070569
3070569,3070597
3070597,3070779
3070779,3070883
3070883,3071109
3071109,3071113
3071113,3071340
3071340,3071397
3071397,3071436
3071436,3071488
3071488,3071537
3071537,3071562
3071562,3071789
3071789,3072274
3072274,3072422
3072422,3072607
3072607,3073400
3073400,3074366
3074366,3074509
3074509,3074524
3074524,3074621
3074621,3074905
3074905,3075111
3075111,3075150
3075150,3075440
3075440,3075486
3075486,3075757
3075757,3076251
3076251,3076463
3076463,3076569
3076569,3076695
3076695,3077093
3077093,3077473
3077473,3077761
3077761,3078023
3078023,3078578
3078578,3078700
3078700,3079215
3079215,3079226
3079226,3080274
3080274,3080305
3080305,3080486
3080486,3080543
3080543,3081053
3081053,3081149
3081149,3081192
3081192,3081318
3081318,3081487
3081487,3081522
3081522,3081957
3081957,3081999
3081999,3082131
3082131,3082268
3082268,3082287
3082287,3082907
3082907,3082921
3082921,3083011
3083011,3083149
3083149,3083922
3083922,3084572
3084572,3084810
3084810,3085215
3085215,3085528
3085528,3085789
3085789,3085924
3085924,3086269
3086269,3086389
3086389,3086726
3086726,3086913
3086913,3087179
3087179,3087389
3087389,3088046
3088046,3088334
3088334,3089047
3089047,3089495
3089495,3089887
3089887,3090093
3090093,3090130
3090130,3090553
3090553,3090659
3090659,3090799
3090799,3091082
3091082,3091172
3091172,3091426
3091426,3091530
3091530,3091531
3091531,3092675
3092675,3092681
3092681,3092913
3092913,3093333
3093333,3093458
3093458,3093513
3093513,3093654
3093654,3094479
3094479,3094492
3094492,3094583
3094583,3094900
3094900,3095349
3095349,3095449
3095449,3095785
3095785,3095841
3095841,3095913
3095913,3096556
3096556,3096635
3096635,3096883
3096883,3097003
3097003,3097244
3097244,3097357
3097357,3097405
3097405,3097755
3097755,3097870
3097870,3097999
3097999,3098197
3098197,3098267
3098267,3098323
3098323,3098491
3098491,3098788
3098788,3099197
3099197,3099214
3099214,3099423
3099423,3099850
3099850,3099852
3099852,3100127
3100127,3100192
3100192,3100307
3100307,3100379
3100379,3100986
3100986,3101034
3101034,3101379
3101379,3102639
3102639,3102725
3102725,3103066
3103066,3103524
3103524,3103631
3103631,3103759
3103759,3103771
3103771,3103853
3103853,3103887
3103887,3103954
3103954,3104463
3104463,3104862
3104862,3104906
3104906,3105137
3105137,3105854
3105854,3105857
3105857,3106340
3106340,3106504
3106504,3106578
3106578,3106620
3106620,3106627
3106627,3106718
3106718,3106732
3106732,3107111
3107111,3107117
3107117,3107296
3107296,3107314
3107314,3107561
3107561,3107699
3107699,3107712
3107712,3107869
3107869,3108035
3108035,3108041
3108041,3108224
3108224,3108741
3108741,3108749
3108749,3109010
3109010,3109023
3109023,3109491
3109491,3109545
3109545,3109773
3109773,3109848
3109848,3109973
3109973,3110015
3110015,3110108
3110108,3110128
3110128,3110135
3110135,3110156
3110156,3110220
3110220,3110470
3110470,3110642
3110642,3110770
3110770,3110882
3110882,3110968
3110968,3111053
3111053,3111262
3111262,3111298
3111298,3111394
3111394,3111542
3111542,3111620
3111620,3111659
3111659,3111692
3111692,3111782
3111782,3111796
3111796,3112010
3112010,3112073
3112073,3112255
3112255,3112382
3112382,3113250
3113250,3113337
3113337,3113522
3113522,3113859
3113859,3114018
3114018,3114927
3114927,3114965
3114965,3115154
3115154,3115414
3115414,3115823
3115823,3116044
3116044,3116067
3116067,3117077
3117077,3117988
3117988,3118262
3118262,3118788
3118788,3118996
3118996,3119477
3119477,3119808
3119808,3120145
3120145,3120311
3120311,3120480
3120480,3120581
3120581,3121469
3121469,3121485
3121485,3121761
3121761,3121891
3121891,3122186
3122186,3122639
3122639,3122893
3122893,3122926
3122926,3122930
3122930,3123330
3123330,3123365
3123365,3123376
3123376,3124080
3124080,3124125
3124125,3124684
3124684,3125057
3125057,3125077
3125077,3125366
3125366,3125754
3125754,3125940
3125940,3126007
3126007,3126309
3126309,3126369
3126369,3126433
3126433,3127320
3127320,3127437
3127437,3127553
3127553,3127640
3127640,3127890
3127890,3128157
3128157,3128185
3128185,3128335
3128335,3128403
3128403,3128409
3128409,3128457
3128457,3128491
3128491,3128563
3128563,3129064
3129064,3129100
3129100,3129109
3129109,3129117
3129117,3129453
3129453,3129566
3129566,3129604
3129604,3129746
3129746,3129898
3129898,3129914
3129914,3130044
3130044,3130195
3130195,3130270
3130270,3130355
3130355,3130383
3130383,3130476
3130476,3130550
3130550,3130553
3130553,3130567
3130567,3130593
3130593,3130896
3130896,3130930
3130930,3131038
3131038,3131432
3131432,3131496
3131496,3132247
3132247,3132248
3132248,3132479
3132479,3132819
3132819,3133061
3133061,3133543
3133543,3133814
3133814,3133829
3133829,3133861
3133861,3133874
3133874,3133898
3133898,3134031
3134031,3134487
3134487,3134585
3134585,3134759
3134759,3135089
3135089,3135090
3135090,3135373
3135373,3135827
3135827,3136409
3136409,3136775
3136775,3136968
3136968,3137201
3137201,3138346
3138346,3139178
3139178,3139667
3139667,3139786
3139786,3139989
3139989,3140027
3140027,3140124
3140124,3140167
3140167,3140702
3140702,3141120
3141120,3141552
3141552,3141874
3141874,3141994
3141994,3142101
3142101,3142125
3142125,3142134
3142134,3142177
3142177,3142594
3142594,3142900
3142900,3143118
3143118,3143295
3143295,3143350
3143350,3143626
3143626,3143665
3143665,3144012
3144012,3144198
3144198,3144487
3144487,3144523
3144523,3144570
3144570,3144708
3144708,3144712
3144712,3144728
3144728,3144753
3144753,3144761
3144761,3144812
3144812,3145052
3145052,3145200
3145200,3145266
3145266,3145295
3145295,3145377
3145377,3145598
3145598,3145601
3145601,3145675
3145675,3145735
3145735,3145808
3145808,3145869
3145869,3145939
3145939,3145955
3145955,3146330
3146330,3146757
3146757,3147386
3147386,3147947
3147947,3147965
3147965,3148373
3148373,3148537
3148537,3148609
3148609,3148653
3148653,3148713
3148713,3148741
3148741,3150835
3150835,3151347
3151347,3151781
3151781,3151868
3151868,3151889
3151889,3152114
3152114,3152157
3152157,3152183
3152183,3152205
3152205,3152484
3152484,3152733
3152733,3153014
3153014,3153213
3153213,3153251
3153251,3153301
3153301,3153754
3153754,3153840
3153840,3153855
3153855,3154377
3154377,3154444
3154444,3154902
3154902,3154915
3154915,3155163
3155163,3155534
3155534,3155847
3155847,3155924
3155924,3156014
3156014,3156075
3156075,3156411
3156411,3156418
3156418,3156450
3156450,3156681
3156681,3156827
3156827,3157061
3157061,3157386
3157386,3157502
3157502,3157670
3157670,3157890
3157890,3157917
3157917,3158887
3158887,3159021
3159021,3160124
3160124,3160285
3160285,3160465
3160465,3160533
3160533,3160611
3160611,3160644
3160644,3160662
3160662,3160698
3160698,3161022
3161022,3161063
3161063,3161207
3161207,3161467
3161467,3161660
3161660,3162383
3162383,3163023
3163023,3163332
3163332,3163347
3163347,3163356
3163356,3163429
3163429,3163440
3163440,3163814
3163814,3163891
3163891,3164065
3164065,3164227
3164227,3164275
3164275,3164382
3164382,3164739
3164739,3165426
3165426,3165477
3165477,3165512
3165512,3166231
3166231,3166542
3166542,3166879
3166879,3166972
3166972,3167288
3167288,3167448
3167448,3167496
3167496,3167600
3167600,3167814
3167814,3167878
3167878,3168007
3168007,3168055
3168055,3168231
3168231,3168502
3168502,3169000
3169000,3169008
3169008,3169322
3169322,3169388
3169388,3169720
3169720,3169778
3169778,3169905
3169905,3170496
3170496,3170516
3170516,3170630
3170630,3170658
3170658,3170733
3170733,3170896
3170896,3171381
3171381,3171428
3171428,3171445
3171445,3171455
3171455,3171835
3171835,3172132
3172132,3172183
3172183,3172408
3172408,3172527
3172527,3172861
3172861,3173112
3173112,3173155
3173155,3173269
3173269,3173288
3173288,3173360
3173360,3173581
3173581,3173603
3173603,3173632
3173632,3173893
3173893,3173942
3173942,3173954
3173954,3173964
3173964,3174009
3174009,3174010
3174010,3174042
3174042,3174112
3174112,3174240
3174240,3174743
3174743,3174875
3174875,3174941
3174941,3174962
3174962,3175240
3175240,3175290
3175290,3175521
3175521,3175885
3175885,3177278
3177278,3177356
3177356,3177415
3177415,3177700
3177700,3177920
3177920,3178262
3178262,3178812
3178812,3179044
3179044,3179059
3179059,3179136
3179136,3179249
3179249,3179587
3179587,3179621
3179621,3179740
3179740,3179888
3179888,3180282
3180282,3180587
3180587,3180868
3180868,3180970
3180970,3181176
3181176,3181381
3181381,3181609
3181609,3181633
3181633,3181701
3181701,3181706
3181706,3182016
3182016,3182587
3182587,3183048
3183048,3183049
3183049,3183204
3183204,3183322
3183322,3183460
3183460,3183464
3183464,3183895
3183895,3183988
3183988,3184067
3184067,3184159
3184159,3184177
3184177,3184202
3184202,3184354
3184354,3184364
3184364,3184408
3184408,3184531
3184531,3184553
3184553,3184597
3184597,3184821
3184821,3184998
3184998,3185140
3185140,3185337
3185337,3185752
3185752,3186127
3186127,3186360
3186360,3186578
3186578,3187029
3187029,3187047
3187047,3187123
3187123,3187568
3187568,3187600
3187600,3188165
3188165,3188368
3188368,3188390
3188390,3188991
3188991,3189072
3189072,3189086
3189086,3189257
3189257,3189310
3189310,3189535
3189535,3189814
3189814,3189882
3189882,3190249
3190249,3190272
3190272,3190316
3190316,3190635
3190635,3190920
3190920,3190959
3190959,3190964
3190964,3191050
3191050,3191431
3191431,3191916
3191916,3192868
3192868,3193539
3193539,3193736
3193736,3193904
3193904,3194825
3194825,3194836
3194836,3194846
3194846,3195135
3195135,3195375
3195375,3195731
3195731,3195942
3195942,3195949
3195949,3196432
3196432,3196449
3196449,3196460
3196460,3196730
3196730,3196915
3196915,3196973
3196973,3197197
3197197,3197209
3197209,3197260
3197260,3197455
3197455,3197783
3197783,3197830
3197830,3197863
3197863,3198091
3198091,3198573
3198573,3198598
3198598,3198788
3198788,3198844
3198844,3199078
3199078,3199250
3199250,3199263
3199263,3199300
3199300,3199657
3199657,3199935
3199935,3200227
3200227,3200273
3200273,3200315
3200315,3200327
3200327,3200337
3200337,3200414
3200414,3200432
3200432,3200490
3200490,3200529
3200529,3200562
3200562,3200797
3200797,3200851
3200851,3201254
3201254,3201258
3201258,3201347
3201347,3201506
3201506,3201598
3201598,3201927
3201927,3202331
3202331,3202341
3202341,3202556
3202556,3202636
3202636,3202679
3202679,3202774
3202774,3202834
3202834,3202926
3202926,3203067
3203067,3203181
3203181,3203195
3203195,3203296
3203296,3203438
3203438,3203707
3203707,3203784
3203784,3204575
3204575,3204606
3204606,3204753
3204753,3204809
3204809,3205295
3205295,3205403
3205403,3205436
3205436,3205489
3205489,3205496
3205496,3205526
3205526,3205557
3205557,3205867
3205867,3206187
3206187,3206350
3206350,3206916
3206916,3207069
3207069,3207107
3207107,3207191
3207191,3207206
3207206,3207305
3207305,3207326
3207326,3207387
3207387,3207469
3207469,3207723
3207723,3208513
3208513,3208790
3208790,3208845
3208845,3208929
3208929,3209012
3209012,3209059
3209059,3209108
3209108,3209240
3209240,3209965
3209965,3210481
3210481,3210518
3210518,3210594
3210594,3210682
3210682,3210687
3210687,3210697
3210697,3210945
3210945,3210977
3210977,3211002
3211002,3211003
3211003,3211457
3211457,3211491
3211491,3211649
3211649,3212851
3212851,3213055
3213055,3213106
3213106,3213131
3213131,3213260
3213260,3213435
3213435,3213469
3213469,3213594
3213594,3215124
3215124,3215295
3215295,3215431
3215431,3215504
3215504,3215616
3215616,3215675
3215675,3215680
3215680,3215778
3215778,3215880
3215880,3216333
3216333,3216578
3216578,3216977
3216977,3217059
3217059,3217200
3217200,3217514
3217514,3217717
3217717,3217993
3217993,3218281
3218281,3218388
3218388,3218663
3218663,3218944
3218944,3219051
3219051,3219090
3219090,3220110
3220110,3220136
3220136,3220172
3220172,3220174
3220174,3220253
3220253,3220265
3220265,3220456
3220456,3220541
3220541,3220832
3220832,3221067
3221067,3221075
3221075,3221145
3221145,3221339
3221339,3221489
3221489,3221559
3221559,3221753
3221753,3221880
3221880,3222126
3222126,3222138
3222138,3222179
3222179,3223005
3223005,3223023
3223023,3223035
3223035,3223124
3223124,3223138
3223138,3223625
3223625,3223681
3223681,3223710
3223710,3224239
3224239,3224290
3224290,3224452
3224452,3224564
3224564,3224570
3224570,3224574
3224574,3224676
3224676,3224796
3224796,3225010
3225010,3225693
3225693,3226155
3226155,3226819
3226819,3227175
3227175,3227323
3227323,3227703
3227703,3227774
3227774,3227810
3227810,3228043
3228043,3228324
3228324,3229746
3229746,3230450
3230450,3230458
3230458,3230678
3230678,3230964
3230964,3230999
3230999,3231035
3231035,3231074
3231074,3231250
3231250,3231445
3231445,3231460
3231460,3231547
3231547,3231890
3231890,3232262
3232262,3232264
3232264,3232504
3232504,3233017
3233017,3233196
3233196,3233416
3233416,3233538
3233538,3233655
3233655,3234314
3234314,3234354
3234354,3234406
3234406,3234558
3234558,3234590
3234590,3235532
3235532,3235562
3235562,3235590
3235590,3235893
3235893,3236418
3236418,3236465
3236465,3236576
3236576,3236624
3236624,3236671
3236671,3236797
3236797,3236811
3236811,3237249
3237249,3237544
3237544,3237854
3237854,3237897
3237897,3237923
3237923,3237937
3237937,3238020
3238020,3238422
3238422,3238573
3238573,3239220
3239220,3239476
3239476,3239498
3239498,3239787
3239787,3240140
3240140,3240195
3240195,3240215
3240215,3240245
3240245,3240583
3240583,3241093
3241093,3241528
3241528,3241674
3241674,3241730
3241730,3241753
3241753,3242016
3242016,3242165
3242165,3242182
3242182,3242931
3242931,3243259
3243259,3244155
3244155,3244390
3244390,3244642
3244642,3244679
3244679,3244891
3244891,3245167
3245167,3245174
3245174,3245397
3245397,3245520
3245520,3245875
3245875,3245947
3245947,3246081
3246081,3246179
3246179,3246266
3246266,3246526
3246526,3246599
3246599,3246630
3246630,3246857
3246857,3247203
3247203,3247410
3247410,3247709
3247709,3247746
3247746,3248022
3248022,3248027
3248027,3248234
3248234,3248379
3248379,3248446
3248446,3248453
3248453,3248612
3248612,3248884
3248884,3248918
3248918,3249121
3249121,3249605
3249605,3249670
3249670,3249732
3249732,3249797
3249797,3250223
3250223,3250424
3250424,3250451
3250451,3250514
3250514,3250664
3250664,3250707
3250707,3251522
3251522,3251591
3251591,3252446
3252446,3252497
3252497,3252759
3252759,3253038
3253038,3253059
3253059,3253320
3253320,3253410
3253410,3253412
3253412,3253484
3253484,3253679
3253679,3254188
3254188,3254979
3254979,3255174
3255174,3255212
3255212,3255289
3255289,3255381
3255381,3255549
3255549,3256168
3256168,3256205
3256205,3256630
3256630,3256631
3256631,3256675
3256675,3256733
3256733,3257183
3257183,3257187
3257187,3257571
3257571,3257630
3257630,3258394
3258394,3259343
3259343,3259585
3259585,3259610
3259610,3259623
3259623,3259625
3259625,3259735
3259735,3259819
3259819,3260022
3260022,3260538
3260538,3260571
3260571,3260591
3260591,3260601
3260601,3260604
3260604,3260751
3260751,3261016
3261016,3261184
3261184,3261300
3261300,3261373
3261373,3262032
3262032,3262275
3262275,3262300
3262300,3262369
3262369,3262432
3262432,3262625
3262625,3263263
3263263,3263571
3263571,3263904
3263904,3264054
3264054,3264513
3264513,3264726
3264726,3264773
3264773,3264819
3264819,3264942
3264942,3265183
3265183,3265550
3265550,3265587
3265587,3266539
3266539,3267336
3267336,3267659
3267659,3267782
3267782,3268016
3268016,3268169
3268169,3268439
3268439,3268678
3268678,3268962
3268962,3269079
3269079,3269208
3269208,3270291
3270291,3270355
3270355,3270748
3270748,3270771
3270771,3271303
3271303,3271344
3271344,3271367
3271367,3271405
3271405,3271424
3271424,3271481
3271481,3271652
3271652,3271698
3271698,3271713
3271713,3272424
3272424,3272451
3272451,3272460
3272460,3272466
3272466,3273128
3273128,3273611
3273611,3273697
3273697,3274366
3274366,3274507
3274507,3274781
3274781,3274799
3274799,3274830
3274830,3275397
3275397,3275416
3275416,3275533
3275533,3275814
3275814,3276584
3276584,3276590
3276590,3276892
3276892,3277413
3277413,3277423
3277423,3277847
3277847,3277850
3277850,3277963
3277963,3278461
3278461,3278676
3278676,3279313
3279313,3279552
3279552,3279561
3279561,3279591
3279591,3279962
3279962,3280095
3280095,3280308
3280308,3280551
3280551,3281217
3281217,3281367
3281367,3282280
3282280,3282327
3282327,3283068
3283068,3283555
3283555,3283964
3283964,3284606
3284606,3284741
3284741,3284768
3284768,3284783
3284783,3284846
3284846,3284945
3284945,3285407
3285407,3285857
3285857,3286035
3286035,3286189
3286189,3286346
3286346,3286463
3286463,3286531
3286531,3286565
3286565,3286857
3286857,3287136
3287136,3287147
3287147,3287580
3287580,3288159
3288159,3288463
3288463,3288682
3288682,3288905
3288905,3289022
3289022,3289137
3289137,3289302
3289302,3289305
3289305,3289508
3289508,3289808
3289808,3289877
3289877,3290115
3290115,3290457
3290457,3290473
3290473,3290536
3290536,3290565
3290565,3290620
3290620,3290744
3290744,3290859
3290859,3290937
3290937,3290967
3290967,3291457
3291457,3291481
3291481,3291590
3291590,3292368
3292368,3292649
3292649,3292731
3292731,3292937
3292937,3293928
3293928,3294426
3294426,3294766
3294766,3294801
3294801,3295199
3295199,3295373
3295373,3295481
3295481,3296215
3296215,3296389
3296389,3296440
3296440,3296705
3296705,3296727
3296727,3296752
3296752,3296805
3296805,3297076
3297076,3297221
3297221,3297370
3297370,3297628
3297628,3297657
3297657,3297674
3297674,3298608
3298608,3298831
3298831,3299138
3299138,3299146
3299146,3299379
3299379,3299579
3299579,3299775
3299775,3300667
3300667,3300729
3300729,3300749
3300749,3301922
3301922,3302499
3302499,3302692
3302692,3303968
3303968,3304612
3304612,3304615
3304615,3305041
3305041,3305173
3305173,3305198
3305198,3305219
3305219,3305238
3305238,3305270
3305270,3305698
3305698,3306013
3306013,3306234
3306234,3306461
3306461,3306593
3306593,3306701
3306701,3306844
3306844,3307068
3307068,3307207
3307207,3307243
3307243,3307382
3307382,3307431
3307431,3307844
3307844,3307852
3307852,3308275
3308275,3308710
3308710,3308768
3308768,3308958
3308958,3309174
3309174,3309356
3309356,3309362
3309362,3309415
3309415,3309664
3309664,3309752
3309752,3309804
3309804,3310060
3310060,3310144
3310144,3310166
3310166,3310202
3310202,3310391
3310391,3310474
3310474,3310561
3310561,3310610
3310610,3311132
3311132,3311302
3311302,3311561
3311561,3311806
3311806,3312264
3312264,3312697
3312697,3312903
3312903,3313577
3313577,3313688
3313688,3313805
3313805,3313874
3313874,3313884
3313884,3313978
3313978,3314037
3314037,3314647
3314647,3315714
3315714,3315957
3315957,3315960
3315960,3316006
3316006,3316148
3316148,3316159
3316159,3316172
3316172,3316182
3316182,3316198
3316198,3316251
3316251,3316253
3316253,3316385
3316385,3316849
3316849,3317336
3317336,3317398
3317398,3317412
3317412,3317455
3317455,3318110
3318110,3318357
3318357,3318524
3318524,3318565
3318565,3318628
3318628,3318695
3318695,3318707
3318707,3318714
3318714,3318718
3318718,3319070
3319070,3319438
3319438,3319914
3319914,3320200
3320200,3320795
3320795,3321367
3321367,3321928
3321928,3322129
3322129,3322200
3322200,3322278
3322278,3322544
3322544,3322690
3322690,3322706
3322706,3322750
3322750,3322828
3322828,3322905
3322905,3323380
3323380,3323388
3323388,3323489
3323489,3323581
3323581,3323590
3323590,3323749
3323749,3323805
3323805,3323819
3323819,3323859
3323859,3323864
3323864,3323998
3323998,3324075
3324075,3324135
3324135,3324180
3324180,3324247
3324247,3324461
3324461,3324542
3324542,3324722
3324722,3325495
3325495,3325599
3325599,3325612
3325612,3325643
3325643,3325652
3325652,3325881
3325881,3325951
3325951,3325992
3325992,3326083
3326083,3326180
3326180,3326580
3326580,3326638
3326638,3326698
3326698,3327487
3327487,3328205
3328205,3328397
3328397,3328554
3328554,3328736
3328736,3328784
3328784,3328968
3328968,3329310
3329310,3329544
3329544,3329892
3329892,3330082
3330082,3330848
3330848,3330871
3330871,3330892
3330892,3330918
3330918,3331584
3331584,3331700
3331700,3332066
3332066,3332739
3332739,3332773
3332773,3332883
3332883,3333236
3333236,3333251
3333251,3333288
3333288,3333337
3333337,3333410
3333410,3333807
3333807,3333848
3333848,3333932
3333932,3333939
3333939,3333944
3333944,3334007
3334007,3334077
3334077,3334130
3334130,3334143
3334143,3334268
3334268,3334325
3334325,3334338
3334338,3334431
3334431,3334885
3334885,3334892
3334892,3334916
3334916,3335017
3335017,3335093
3335093,3335222
3335222,3335227
3335227,3335240
3335240,3335423
3335423,3336073
3336073,3336243
3336243,3336724
3336724,3336831
3336831,3337470
3337470,3337734
3337734,3337901
3337901,3338486
3338486,3338814
3338814,3338878
3338878,3339106
3339106,3339475
3339475,3339765
3339765,3339988
3339988,3341015
3341015,3341267
3341267,3342424
3342424,3343587
3343587,3343872
3343872,3344068
3344068,3344340
3344340,3344415
3344415,3344480
3344480,3344514
3344514,3344960
3344960,3345013
3345013,3345322
3345322,3345580
3345580,3346263
3346263,3346371
3346371,3346407
3346407,3346892
3346892,3347174
3347174,3347639
3347639,3347905
3347905,3347930
3347930,3348227
3348227,3348594
3348594,3349019
3349019,3349106
3349106,3349851
3349851,3350101
3350101,3350128
3350128,3350139
3350139,3350352
3350352,3350485
3350485,3350508
3350508,3351330
3351330,3351427
3351427,3351517
3351517,3351840
3351840,3351889
3351889,3351934
3351934,3351979
3351979,3352215
3352215,3352882
3352882,3353135
3353135,3353370
3353370,3353632
3353632,3354008
3354008,3354431
3354431,3355075
3355075,3355197
3355197,3355214
3355214,3355296
3355296,3355954
3355954,3356275
3356275,3356335
3356335,3356561
3356561,3356670
3356670,3356908
3356908,3356926
3356926,3357004
3357004,3357058
3357058,3357181
3357181,3357183
3357183,3357184
3357184,3357271
3357271,3357535
3357535,3358261
3358261,3358343
3358343,3358442
3358442,3359939
3359939,3359981
3359981,3360025
3360025,3360131
3360131,3360193
3360193,3360213
3360213,3360280
3360280,3360501
3360501,3360882
3360882,3361076
3361076,3361208
3361208,3361762
3361762,3361780
3361780,3362016
3362016,3362265
3362265,3362387
3362387,3362400
3362400,3362776
3362776,3363204
3363204,3363326
3363326,3363783
3363783,3363847
3363847,3364222
3364222,3364832
3364832,3365380
3365380,3365396
3365396,3365764
3365764,3365765
3365765,3365781
3365781,3365789
3365789,3365922
3365922,3366111
3366111,3366218
3366218,3366280
3366280,3366708
3366708,3366952
3366952,3367008
3367008,3367161
3367161,3367924
3367924,3368360
3368360,3368387
3368387,3368503
3368503,3368964
3368964,3368976
3368976,3369022
3369022,3369434
3369434,3369545
3369545,3369646
3369646,3369671
3369671,3369764
3369764,3369996
3369996,3370071
3370071,3370595
3370595,3370624
3370624,3370672
3370672,3370750
3370750,3370807
3370807,3371672
3371672,3372171
3372171,3372266
3372266,3372381
3372381,3372516
3372516,3372719
3372719,3372734
3372734,3372745
3372745,3372992
3372992,3373205
3373205,3373423
3373423,3374003
3374003,3374055
3374055,3374401
3374401,3374420
3374420,3375273
3375273,3375376
3375376,3375430
3375430,3375448
3375448,3376001
3376001,3376187
3376187,3376203
3376203,3376863
3376863,3377002
3377002,3377070
3377070,3377350
3377350,3377495
3377495,3377747
3377747,3377834
3377834,3377858
3377858,3377864
3377864,3378106
3378106,3379101
3379101,3379240
3379240,3379835
3379835,3380223
3380223,3380229
3380229,3380309
3380309,3380484
3380484,3380767
3380767,3380843
3380843,3381483
3381483,3381811
3381811,3381969
3381969,3382160
3382160,3382479
3382479,3382539
3382539,3382934
3382934,3382936
3382936,3383391
3383391,3383537
3383537,3383575
3383575,3383614
3383614,3383674
3383674,3383746
3383746,3383757
3383757,3383763
3383763,3383776
3383776,3383848
3383848,3384179
3384179,3384332
3384332,3384382
3384382,3384456
3384456,3384656
3384656,3385613
3385613,3386172
3386172,3386430
3386430,3386495
3386495,3386501
3386501,3386604
3386604,3386952
3386952,3387009
3387009,3387566
3387566,3387875
3387875,3388785
3388785,3389350
3389350,3389636
3389636,3390115
3390115,3390620
3390620,3390856
3390856,3391025
3391025,3391079
3391079,3391137
3391137,3391401
3391401,3391874
3391874,3392163
3392163,3392210
3392210,3392402
3392402,3392484
3392484,3392515
3392515,3392668
3392668,3392810
3392810,3393147
3393147,3393270
3393270,3393298
3393298,3393482
3393482,3393513
3393513,3393555
3393555,3393585
3393585,3393591
3393591,3393607
3393607,3394398
3394398,3394708
3394708,3395133
3395133,3395273
3395273,3395347
3395347,3395513
3395513,3395663
3395663,3395846
3395846,3395936
3395936,3396311
3396311,3396774
3396774,3397117
3397117,3397242
3397242,3397540
3397540,3397949
3397949,3398116
3398116,3398450
3398450,3398523
3398523,3398545
3398545,3398639
3398639,3399519
3399519,3399776
3399776,3400252
3400252,3400865
3400865,3401200
3401200,3401406
3401406,3401724
3401724,3401750
3401750,3402214
3402214,3402399
3402399,3403681
3403681,3403904
3403904,3404035
3404035,3404354
3404354,3404753
3404753,3404840
3404840,3405039
3405039,3405240
3405240,3405284
3405284,3405324
3405324,3405409
3405409,3405554
3405554,3405566
3405566,3405817
3405817,3406713
3406713,3407588
3407588,3408072
3408072,3408153
3408153,3408273
3408273,3408368
3408368,3408437
3408437,3408636
3408636,3409177
3409177,3409532
3409532,3409560
3409560,3409685
3409685,3409911
3409911,3410056
3410056,3410074
3410074,3410155
3410155,3410223
3410223,3410444
3410444,3410541
3410541,3410589
3410589,3410985
3410985,3411036
3411036,3411056
3411056,3411089
3411089,3411478
3411478,3411726
3411726,3411877
3411877,3411896
3411896,3411960
3411960,3411996
3411996,3412090
3412090,3412139
3412139,3412349
3412349,3412449
3412449,3412525
3412525,3412551
3412551,3412776
3412776,3412813
3412813,3413071
3413071,3413072
3413072,3413132
3413132,3413145
3413145,3413157
3413157,3413269
3413269,3413312
3413312,3413352
3413352,3413357
3413357,3413607
3413607,3413795
3413795,3414372
3414372,3414487
3414487,3414513
3414513,3414528
3414528,3414540
3414540,3414895
3414895,3415156
3415156,3415185
3415185,3415554
3415554,3416182
3416182,3416274
3416274,3416681
3416681,3416730
3416730,3416806
3416806,3416836
3416836,3417137
3417137,3418015
3418015,3418995
3418995,3419220
3419220,3419323
3419323,3419325
3419325,3419400
3419400,3419471
3419471,3419544
3419544,3419589
3419589,3419702
3419702,3419889
3419889,3419987
3419987,3420108
3420108,3420466
3420466,3420654
3420654,3420918
3420918,3420935
3420935,3421121
3421121,3421225
3421225,3421272
3421272,3421288
3421288,3421302
3421302,3421350
3421350,3421376
3421376,3421690
3421690,3421807
3421807,3422456
3422456,3422707
3422707,3422953
3422953,3423135
3423135,3423571
3423571,3423589
3423589,3423730
3423730,3423787
3423787,3423797
3423797,3423809
3423809,3424031
3424031,3424422
3424422,3424567
3424567,3424700
3424700,3424993
3424993,3425050
3425050,3425075
3425075,3425079
3425079,3425225
3425225,3425232
3425232,3425245
3425245,3425604
3425604,3425631
3425631,3425779
3425779,3425872
3425872,3425932
3425932,3426076
3426076,3426239
3426239,3426429
3426429,3426502
3426502,3426537
3426537,3426569
3426569,3426650
3426650,3426752
3426752,3427029
3427029,3427044
3427044,3427073
3427073,3427104
3427104,3427771
3427771,3427847
3427847,3427876
3427876,3428044
3428044,3428201
3428201,3428445
3428445,3428465
3428465,3428558
3428558,3429511
3429511,3429539
3429539,3429608
3429608,3429921
3429921,3430050
3430050,3430181
3430181,3430869
3430869,3430887
3430887,3431139
3431139,3431348
3431348,3431510
3431510,3431551
3431551,3431769
3431769,3431872
3431872,3432243
3432243,3432459
3432459,3432731
3432731,3433401
3433401,3433414
3433414,3433465
3433465,3434025
3434025,3434037
3434037,3434077
3434077,3434190
3434190,3434223
3434223,3434429
3434429,3434497
3434497,3434553
3434553,3434571
3434571,3434840
3434840,3435430
3435430,3435431
3435431,3435915
3435915,3436201
3436201,3436267
3436267,3436325
3436325,3436578
3436578,3436705
3436705,3436880
3436880,3437140
3437140,3437419
3437419,3438831
3438831,3438879
3438879,3438894
3438894,3439030
3439030,3439117
3439117,3439267
3439267,3439796
3439796,3440340
3440340,3440465
3440465,3440518
3440518,3440519
3440519,3440527
3440527,3440531
3440531,3440540
3440540,3440545
3440545,3440825
3440825,3440852
3440852,3440956
3440956,3440984
3440984,3441944
3441944,3442202
3442202,3442537
3442537,3442640
3442640,3442646
3442646,3442680
3442680,3442746
3442746,3442880
3442880,3443328
3443328,3443493
3443493,3443505
3443505,3443893
3443893,3443920
3443920,3444134
3444134,3444216
3444216,3444314
3444314,3444972
3444972,3445828
3445828,3445936
3445936,3446423
3446423,3446829
3446829,3446980
3446980,3447096
3447096,3447109
3447109,3447696
3447696,3447723
3447723,3447828
3447828,3447875
3447875,3448056
3448056,3448157
3448157,3448250
3448250,3448389
3448389,3448517
3448517,3449241
3449241,3449251
3449251,3449268
3449268,3449656
3449656,3449943
3449943,3450056
3450056,3450166
3450166,3450233
3450233,3450383
3450383,3450810
3450810,3451151
3451151,3451438
3451438,3451461
3451461,3451585
3451585,3452088
3452088,3452404
3452404,3452570
3452570,3452918
3452918,3453127
3453127,3453132
3453132,3453396
3453396,3453597
3453597,3453697
3453697,3453773
3453773,3453898
3453898,3454307
3454307,3454352
3454352,3454422
3454422,3454768
3454768,3454778
3454778,3454990
3454990,3454996
3454996,3455010
3455010,3455446
3455446,3455711
3455711,3455761
3455761,3455838
3455838,3455893
3455893,3456107
3456107,3456233
3456233,3456336
3456336,3456337
3456337,3456430
3456430,3457174
3457174,3457213
3457213,3457246
3457246,3457712
3457712,3457902
3457902,3459550
3459550,3459644
3459644,3459797
3459797,3459943
3459943,3460403
3460403,3460417
3460417,3460770
3460770,3461073
3461073,3461217
3461217,3461568
3461568,3461643
3461643,3461709
3461709,3461711
3461711,3461766
3461766,3461768
3461768,3461795
3461795,3462325
3462325,3462452
3462452,3462503
3462503,3462743
3462743,3463103
3463103,3463259
3463259,3463432
3463432,3463810
3463810,3464161
3464161,3464182
3464182,3464421
3464421,3464442
3464442,3464501
3464501,3464691
3464691,3464766
3464766,3464781
3464781,3464822
3464822,3465136
3465136,3465241
3465241,3465695
3465695,3465705
3465705,3465977
3465977,3465978
3465978,3466061
3466061,3466332
3466332,3466474
3466474,3466584
3466584,3466737
3466737,3466986
3466986,3467029
3467029,3467063
3467063,3467098
3467098,3467157
3467157,3467354
3467354,3467377
3467377,3467400
3467400,3467460
3467460,3467544
3467544,3467549
3467549,3467552
3467552,3467556
3467556,3467648
3467648,3467744
3467744,3467775
3467775,3467783
3467783,3467835
3467835,3468061
3468061,3468126
3468126,3468181
3468181,3468195
3468195,3468389
3468389,3468725
3468725,3468839
3468839,3469375
3469375,3469412
3469412,3469417
3469417,3469751
3469751,3469803
3469803,3469877
3469877,3469919
3469919,3469920
3469920,3469923
3469923,3470188
3470188,3470322
3470322,3470347
3470347,3470772
3470772,3470786
3470786,3470795
3470795,3471143
3471143,3471236
3471236,3471548
3471548,3471882
3471882,3472180
3472180,3472272
3472272,3472560
3472560,3472687
3472687,3472744
3472744,3472752
3472752,3472756
3472756,3472779
3472779,3473188
3473188,3473453
3473453,3473473
3473473,3473553
3473553,3473596
3473596,3474194
3474194,3474558
3474558,3474996
3474996,3475870
3475870,3476102
3476102,3476378
3476378,3477031
3477031,3477319
3477319,3477331
3477331,3477428
3477428,3477665
3477665,3478112
3478112,3478690
3478690,3478877
3478877,3478881
3478881,3478892
3478892,3478915
3478915,3478943
3478943,3479033
3479033,3479108
3479108,3479233
3479233,3479268
3479268,3479888
3479888,3480047
3480047,3480312
3480312,3480790
3480790,3481613
3481613,3481653
3481653,3481781
3481781,3481818
3481818,3482037
3482037,3482063
3482063,3482233
3482233,3482298
3482298,3482540
3482540,3482663
3482663,3483160
3483160,3483163
3483163,3483178
3483178,3483220
3483220,3483357
3483357,3483384
3483384,3483426
3483426,3483812
3483812,3483898
3483898,3484090
3484090,3484332
3484332,3484491
3484491,3484880
3484880,3485417
3485417,3485552
3485552,3485658
3485658,3485759
3485759,3485948
3485948,3486038
3486038,3486451
3486451,3487050
3487050,3487082
3487082,3487311
3487311,3487665
3487665,3487816
3487816,3487850
3487850,3487947
3487947,3488306
3488306,3488778
3488778,3489350
3489350,3490424
3490424,3490532
3490532,3490594
3490594,3490676
3490676,3490974
3490974,3491141
3491141,3491145
3491145,3491151
3491151,3491158
3491158,3491161
3491161,3491172
3491172,3491227
3491227,3491391
3491391,3491420
3491420,3492288
3492288,3492943
3492943,3493040
3493040,3493061
3493061,3493319
3493319,3493479
3493479,3494161
3494161,3494395
3494395,3494795
3494795,3495099
3495099,3495441
3495441,3495532
3495532,3495751
3495751,3496074
3496074,3496141
3496141,3496340
3496340,3496617
3496617,3497078
3497078,3497620
3497620,3497647
3497647,3497828
3497828,3497924
3497924,3497928
3497928,3498158
3498158,3498428
3498428,3498533
3498533,3498868
3498868,3498962
3498962,3499250
3499250,3499509
3499509,3499653
3499653,3499690
3499690,3499998
3499998,3500061
3500061,3500425
3500425,3500820
3500820,3501043
3501043,3501048
3501048,3501398
3501398,3501484
3501484,3501566
3501566,3501611
3501611,3502200
3502200,3502275
3502275,3503143
3503143,3503509
3503509,3503776
3503776,3504015
3504015,3504046
3504046,3504113
3504113,3504344
3504344,3504433
3504433,3504549
3504549,3504633
3504633,3504637
3504637,3504639
3504639,3504732
3504732,3504910
3504910,3505280
3505280,3505386
3505386,3505442
3505442,3505566
3505566,3505647
3505647,3505874
3505874,3505901
3505901,3505936
3505936,3506164
3506164,3506216
3506216,3506241
3506241,3506256
3506256,3506455
3506455,3506514
3506514,3506637
3506637,3507057
3507057,3507764
3507764,3507797
3507797,3507956
3507956,3508083
3508083,3508106
3508106,3508277
3508277,3508458
3508458,3508487
3508487,3508716
3508716,3508725
3508725,3509151
3509151,3509355
3509355,3509392
3509392,3509466
3509466,3510700
3510700,3511523
3511523,3511607
3511607,3511937
3511937,3512302
3512302,3512690
3512690,3512716
3512716,3513073
3513073,3513079
3513079,3513351
3513351,3513366
3513366,3513495
3513495,3513664
3513664,3514092
3514092,3514137
3514137,3514145
3514145,3514278
3514278,3514335
3514335,3514573
3514573,3514948
3514948,3515001
3515001,3515045
3515045,3515193
3515193,3515709
3515709,3515752
3515752,3515777
3515777,3515982
3515982,3516208
3516208,3516823
3516823,3516828
3516828,3516867
3516867,3517307
3517307,3517314
3517314,3517460
3517460,3517968
3517968,3518078
3518078,3518432
3518432,3518784
3518784,3519222
3519222,3519385
3519385,3519461
3519461,3520279
3520279,3520325
3520325,3520344
3520344,3520430
3520430,3520501
3520501,3521093
3521093,3521401
3521401,3521465
3521465,3521934
3521934,3522454
3522454,3522556
3522556,3522821
3522821,3522895
3522895,3522965
3522965,3523000
3523000,3523111
3523111,3523187
3523187,3523508
3523508,3524051
3524051,3524084
3524084,3524167
3524167,3524235
3524235,3524271
3524271,3524631
3524631,3524682
3524682,3524785
3524785,3524805
3524805,3524865
3524865,3524955
3524955,3525245
3525245,3525249
3525249,3525256
3525256,3525300
3525300,3525660
3525660,3525790
3525790,3527132
3527132,3527200
3527200,3527214
3527214,3527666
3527666,3527730
3527730,3527733
3527733,3527839
3527839,3527969
3527969,3528129
3528129,3528453
3528453,3528910
3528910,3529647
3529647,3529738
3529738,3530059
3530059,3530144
3530144,3530541
3530541,3530727
3530727,3531002
3531002,3531169
3531169,3531297
3531297,3531394
3531394,3531490
3531490,3531818
3531818,3531987
3531987,3532025
3532025,3532145
3532145,3532405
3532405,3532859
3532859,3533112
3533112,3533444
3533444,3533664
3533664,3533676
3533676,3533832
3533832,3534120
3534120,3534440
3534440,3534723
3534723,3535465
3535465,3535494
3535494,3535502
3535502,3535641
3535641,3535644
3535644,3536393
3536393,3536401
3536401,3536422
3536422,3536453
3536453,3536587
3536587,3537117
3537117,3537165
3537165,3537167
3537167,3537182
3537182,3537248
3537248,3537290
3537290,3537367
3537367,3537714
3537714,3537948
3537948,3538037
3538037,3538700
3538700,3538792
3538792,3538910
3538910,3538923
3538923,3539462
3539462,3539546
3539546,3540345
3540345,3540717
3540717,3540955
3540955,3540986
3540986,3541085
3541085,3541105
3541105,3541166
3541166,3541404
3541404,3541574
3541574,3541595
3541595,3541939
3541939,3542770
3542770,3542800
3542800,3543224
3543224,3543312
3543312,3543571
3543571,3543664
3543664,3543708
3543708,3543777
3543777,3544388
3544388,3544600
3544600,3544954
3544954,3545183
3545183,3545293
3545293,3545295
3545295,3545436
3545436,3545458
3545458,3545696
3545696,3545759
3545759,3545761
3545761,3545818
3545818,3545919
3545919,3546037
3546037,3546335
3546335,3546583
3546583,3546816
3546816,3547228
3547228,3547343
3547343,3547392
3547392,3547454
3547454,3547591
3547591,3547884
3547884,3548056
3548056,3548068
3548068,3548178
3548178,3548470
3548470,3548611
3548611,3548782
3548782,3548858
3548858,3549098
3549098,3549226
3549226,3549432
3549432,3549919
3549919,3550216
3550216,3550251
3550251,3550337
3550337,3550840
3550840,3550973
3550973,3551095
3551095,3551244
3551244,3551430
3551430,3551446
3551446,3551668
3551668,3551713
3551713,3551878
3551878,3552073
3552073,3552259
3552259,3552561
3552561,3552687
3552687,3552795
3552795,3552826
3552826,3553132
3553132,3553156
3553156,3553270
3553270,3553307
3553307,3553370
3553370,3553510
3553510,3553561
3553561,3553719
3553719,3553731
3553731,3554081
3554081,3554096
3554096,3554099
3554099,3554252
3554252,3554424
3554424,3554425
3554425,3554689
3554689,3554721
3554721,3554833
3554833,3555114
3555114,3555286
3555286,3555405
3555405,3555494
3555494,3555520
3555520,3555603
3555603,3555609
3555609,3555689
3555689,3555816
3555816,3555892
3555892,3556122
3556122,3556463
3556463,3556982
3556982,3557033
3557033,3557632
3557632,3558032
3558032,3558043
3558043,3558175
3558175,3559019
3559019,3559826
3559826,3561028
3561028,3561043
3561043,3561109
3561109,3561250
3561250,3561324
3561324,3561352
3561352,3561398
3561398,3561400
3561400,3561406
3561406,3561416
3561416,3561421
3561421,3561476
3561476,3561571
3561571,3561634
3561634,3561635
3561635,3562607
3562607,3562639
3562639,3562798
3562798,3563276
3563276,3564279
3564279,3564861
3564861,3564971
3564971,3565092
3565092,3565140
3565140,3565663
3565663,3565691
3565691,3565709
3565709,3565954
3565954,3566097
3566097,3566552
3566552,3567878
3567878,3567893
3567893,3568206
3568206,3568211
3568211,3568226
3568226,3569326
3569326,3570359
3570359,3570416
3570416,3570580
3570580,3570644
3570644,3570655
3570655,3570658
3570658,3571437
3571437,3571506
3571506,3571557
3571557,3571599
3571599,3571624
3571624,3571709
3571709,3571831
3571831,3572098
3572098,3572117
3572117,3572209
3572209,3572369
3572369,3572391
3572391,3572808
3572808,3572983
3572983,3573414
3573414,3573721
3573721,3573838
3573838,3573858
3573858,3574211
3574211,3574646
3574646,3575211
3575211,3575345
3575345,3575448
3575448,3575542
3575542,3575589
3575589,3575601
3575601,3575974
3575974,3576304
3576304,3576571
3576571,3576626
3576626,3576778
3576778,3577192
3577192,3577290
3577290,3577409
3577409,3577423
3577423,3578577
3578577,3579073
3579073,3579724
3579724,3579766
3579766,3579949
3579949,3580100
3580100,3580237
3580237,3580501
3580501,3581033
3581033,3581491
3581491,3581517
3581517,3581734
3581734,3581815
3581815,3581953
3581953,3581957
3581957,3582430
3582430,3582780
3582780,3582922
3582922,3582987
3582987,3583009
3583009,3583252
3583252,3583374
3583374,3583589
3583589,3583747
3583747,3583796
3583796,3584285
3584285,3584354
3584354,3585421
3585421,3585434
3585434,3585524
3585524,3585532
3585532,3585540
3585540,3585556
3585556,3585679
3585679,3585805
3585805,3585871
3585871,3585876
3585876,3586761
3586761,3586975
3586975,3587224
3587224,3587434
3587434,3587982
3587982,3588360
3588360,3588397
3588397,3588410
3588410,3588762
3588762,3589105
3589105,3589112
3589112,3589171
3589171,3590327
3590327,3590655
3590655,3590736
3004451,3041882
3041882,3043555
3043555,3073868
3073868,3176883
3176883,3185167
3185167,3189049
3189049,3215277
3215277,3227718
3227718,3230270
3230270,3230363
3230363,3230393
3230393,3230409
3230409,3230493
3230493,3264883
3264883,3272926
3272926,3273763
3273763,3295566
3295566,3302993
3302993,3307219
3307219,3307244
3307244,3307245
3307245,3311844
3311844,3326030
3326030,3351763
3351763,3385561
3385561,3400334
3400334,3400385
3400385,3400395
3400395,3400406
3400406,3400436
3400436,3400451
3400451,3400494
3400494,3400552
3400552,3433977
3433977,3478782
3478782,3537664
3537664,3540380
3540380,3544645
3544645,3545271
3545271,3545283
3545283,3545290
3545290,3545367
3545367,3545398
3008103,3033906
3033906,3048762
3048762,3056677
3056677,3060144
3060144,3064061
3064061,3069675
3069675,3089291
3089291,3101009
3101009,3107704
3107704,3124990
3124990,3132954
3132954,3138748
3138748,3138777
3138777,3145429
3145429,3156179
3156179,3160002
3160002,3162164
3162164,3166466
3166466,3166518
3166518,3166525
3166525,3170774
3170774,3179654
3179654,3182101
3182101,3197482
3197482,3197562
3197562,3202624
3202624,3219583
3219583,3221711
3221711,3228563
3228563,3232776
3232776,3237296
3237296,3244477
3244477,3245742
3245742,3258184
3258184,3266679
3266679,3275104
3275104,3284106
3284106,3289729
3289729,3302405
3302405,3307773
3307773,3307780
3307780,3307900
3307900,3323111
3323111,3326424
3326424,3330877
3330877,3331272
3331272,3331302
3331302,3349012
3349012,3353237
3353237,3358389
3358389,3361184
3361184,3364272
3364272,3373830
3373830,3378558
3378558,3385224
3385224,3391017
3391017,3402749
3402749,3403715
3403715,3412468
3412468,3421895
3421895,3432321
3432321,3438604
3438604,3443869
3443869,3448940
3448940,3457509
3457509,3458103
3458103,3458865
3458865,3460634
3460634,3462636
3462636,3477218
3477218,3478561
3478561,3478886
3478886,3489320
3489320,3495787
3495787,3497594
3497594,3506459
3506459,3510711
3510711,3517247
3517247,3524718
3524718,3536091
3536091,3537024
3537024,3551004
3551004,3558767
3558767,3578937
3008420,3029127
3029127,3034459
3034459,3036600
3036600,3037041
3037041,3048209
3048209,3072009
3072009,3076269
3076269,3076305
3076305,3078147
3078147,3080225
3080225,3083864
3083864,3089258
3089258,3114008
3114008,3114222
3114222,3116388
3116388,3138351
3138351,3147680
3147680,3151767
3151767,3166999
3166999,3184681
3184681,3184683
3184683,3184770
3184770,3184779
3184779,3226142
3226142,3328963
3328963,3330698
3330698,3330702
3330702,3330761
3330761,3336533
3336533,3342487
3342487,3362873
3362873,3381003
3381003,3381749
3381749,3389674
3389674,3390612
3390612,3438059
3438059,3483187
3483187,3483198
3483198,3497063
3497063,3507659
3507659,3507660
3507660,3507672
3507672,3539034
3539034,3545489
3545489,3576079
3576079,3581141
3581141,3586980
3586980,3587042
3587042,3587043
3587043,3588859
3588859,3588874
3588874,3588876
3588876,3588905
3588905,3588919
3588919,3588950
3010803,3015958
3015958,3021986
3021986,3022203
3022203,3022310
3022310,3023034
3023034,3025749
3025749,3030455
3030455,3034611
3034611,3034660
3034660,3045898
3045898,3047916
3047916,3050917
3050917,3054333
3054333,3059233
3059233,3062237
3062237,3063297
3063297,3067446
3067446,3073374
3073374,3073696
3073696,3096460
3096460,3097523
3097523,3101082
3101082,3108213
3108213,3113298
3113298,3114703
3114703,3128932
3128932,3129414
3129414,3129494
3129494,3134241
3134241,3134264
3134264,3136310
3136310,3139764
3139764,3144726
3144726,3144755
3144755,3144835
3144835,3146695
3146695,3148413
3148413,3155075
3155075,3157238
3157238,3158394
3158394,3158612
3158612,3168598
3168598,3182206
3182206,3189596
3189596,3193240
3193240,3193993
3193993,3195406
3195406,3195430
3195430,3199908
3199908,3202734
3202734,3203757
3203757,3205772
3205772,3207056
3207056,3207110
3207110,3207770
3207770,3209521
3209521,3210047
3210047,3211638
3211638,3212171
3212171,3215928
3215928,3216052
3216052,3216054
3216054,3216100
3216100,3216914
3216914,3223790
3223790,3224075
3224075,3226360
3226360,3234891
3234891,3238827
3238827,3239370
3239370,3239531
3239531,3239533
3239533,3239774
3239774,3241648
3241648,3242742
3242742,3245087
3245087,3247057
3247057,3247065
3247065,3250907
3250907,3253890
3253890,3253962
3253962,3255729
3255729,3256846
3256846,3261518
3261518,3262502
3262502,3262527
3262527,3265296
3265296,3265635
3265635,3265678
3265678,3266551
3266551,3267011
3267011,3267459
3267459,3268110
3268110,3270841
3270841,3271815
3271815,3272010
3272010,3272014
3012743,3015809
3015809,3021030
3021030,3021302
3021302,3036242
3036242,3107995
3107995,3281598
3281598,3285154
3285154,3286312
3286312,3294774
3294774,3300608
3300608,3301349
3301349,3302665
3302665,3306875
3306875,3306994
3306994,3313868
3313868,3314029
3314029,3315965
3315965,3318573
3318573,3321259
3321259,3325589
3325589,3326017
3326017,3327729
3327729,3327977
3327977,3330113
3330113,3331746
3331746,3332599
3332599,3333470
3333470,3336169
3336169,3336864
3336864,3338228
3338228,3340408
3340408,3343992
3343992,3345079
3345079,3347770
3347770,3353617
3353617,3354712
3354712,3356886
3356886,3360149
3360149,3361935
3361935,3362426
3362426,3365564
3365564,3367451
3367451,3368901
3368901,3376009
3376009,3378534
3378534,3382728
3382728,3382787
3382787,3385904
3385904,3386465
3386465,3388355
3388355,3389543
3389543,3389922
3389922,3389929
3389929,3390008
3390008,3390666
3390666,3390678
3390678,3390686
3390686,3391572
3391572,3398572
3398572,3398575
3398575,3401829
3401829,3407217
3407217,3410022
3410022,3414084
3414084,3416525
3416525,3417709
3417709,3419224
3419224,3419637
3419637,3421661
3421661,3426019
3426019,3426672
3426672,3430683
3430683,3430737
3430737,3434346
3434346,3434436
3434436,3435053
3435053,3436710
3436710,3441578
3441578,3447953
3447953,3448365
3448365,3450055
3450055,3450285
3450285,3450880
3450880,3451837
3451837,3454283
3454283,3456278
3456278,3458196
3458196,3459841
3459841,3460711
3460711,3462900
3462900,3463839
3463839,3464219
3464219,3465543
3465543,3467250
3467250,3469605
3469605,3473012
3473012,3474057
3474057,3476602
3476602,3476633
3476633,3476665
3476665,3476682
3476682,3477578
3477578,3478191
3478191,3485191
3485191,3486350
3486350,3486657
3486657,3487430
3487430,3488891
3488891,3490869
3490869,3495504
3495504,3498106
3498106,3499020
3499020,3501329
3501329,3509828
3509828,3510764
3510764,3511404
3511404,3512595
3512595,3512612
3512612,3514918
3514918,3515368
3515368,3515580
3515580,3515732
3515732,3515761
3515761,3515778
3515778,3515812
3515812,3515815
3515815,3515867
3515867,3515902
3515902,3517584
3517584,3519565
3519565,3524236
3524236,3525701
3525701,3525776
3525776,3528802
3528802,3529951
3529951,3532037
3532037,3532896
3532896,3534392
3534392,3535145
3535145,3538220
3538220,3540177
3540177,3541280
3541280,3541300
3541300,3550382
3550382,3552086
3552086,3553784
3553784,3557410
3557410,3558559
3558559,3560363
3560363,3561448
3561448,3562088
3562088,3563808
3563808,3565596
3565596,3565606
3565606,3569953
3569953,3570442
3570442,3570456
3570456,3570470
3570470,3579655
3579655,3585834
3585834,3586692
3586692,3588834
3013334,3013528
3013528,3013569
3013569,3013599
3013599,3029405
3029405,3029549
3029549,3031740
3031740,3061338
3061338,3067945
3067945,3071655
3071655,3090666
3090666,3091289
3091289,3095915
3095915,3098904
3098904,3099578
3099578,3106491
3106491,3111766
3111766,3119975
3119975,3144210
3144210,3159395
3159395,3162448
3162448,3182252
3182252,3190062
3190062,3193949
3193949,3194038
3194038,3207933
3207933,3219977
3219977,3220036
3220036,3237603
3237603,3239018
3239018,3254649
3254649,3259414
3259414,3275655
3275655,3275722
3275722,3287641
3287641,3287769
3287769,3292205
3292205,3292782
3292782,3294669
3294669,3298579
3298579,3330922
3330922,3330981
3330981,3331572
3331572,3336034
3336034,3341729
3341729,3357481
3357481,3368200
3368200,3374154
3374154,3378679
3378679,3383236
3383236,3386248
3386248,3391994
3391994,3394481
3394481,3404520
3404520,3405520
3405520,3409428
3409428,3413886
3413886,3414639
3414639,3432378
3432378,3434201
3434201,3434283
3434283,3439235
3439235,3439294
3439294,3439323
3439323,3442965
3442965,3445449
3445449,3448839
3448839,3453461
3453461,3458046
3458046,3467211
3467211,3472874
3472874,3478576
3478576,3481255
3481255,3485208
3485208,3486128
3486128,3486217
3486217,3489373
3489373,3493555
3493555,3497527
3497527,3497540
3497540,3501882
3501882,3501890
3501890,3509359
3509359,3510096
3510096,3510577
3510577,3511725
3511725,3514532
3514532,3517402
3517402,3526519
3526519,3531034
3531034,3538128
3538128,3542867
3542867,3550757
3550757,3553029
3553029,3563068
3563068,3569091
3569091,3570330
3570330,3575963
3575963,3576673
3576673,3579662
3579662,3580186
3580186,3582426
3582426,3582576
3582576,3585701
3585701,3587034
3587034,3587668
3587668,3588085
3588085,3588910
3588910,3590578
3013960,3014333
3014333,3014962
3014962,3015183
3015183,3015779
3015779,3017365
3017365,3017773
3017773,3017927
3017927,3018166
3018166,3018431
3018431,3019196
3019196,3020683
3020683,3020799
3020799,3020831
3020831,3020834
3020834,3020881
3020881,3020895
3020895,3021411
3021411,3022086
3022086,3022812
3022812,3023499
3023499,3023768
3023768,3024076
3024076,3024198
3024198,3025135
3025135,3025483
3025483,3025933
3025933,3026206
3026206,3027702
3027702,3028537
3028537,3029670
3029670,3030232
3030232,3030499
3030499,3030556
3030556,3031693
3031693,3032361
3032361,3032384
3032384,3032624
3032624,3032708
3032708,3034331
3034331,3034583
3034583,3034749
3034749,3034750
3034750,3034767
3034767,3035019
3035019,3035869
3035869,3035913
3035913,3035937
3035937,3036182
3036182,3036488
3036488,3036495
3036495,3037524
3037524,3038337
3038337,3038394
3038394,3038508
3038508,3038554
3038554,3039755
3039755,3041031
3041031,3041698
3041698,3041747
3041747,3041777
3041777,3041824
3041824,3042485
3042485,3043525
3043525,3043882
3043882,3044149
3044149,3044855
3044855,3046262
3046262,3046776
3046776,3046857
3046857,3046898
3046898,3047042
3047042,3047152
3047152,3047827
3047827,3048483
3048483,3049209
3049209,3050397
3050397,3050477
3050477,3050778
3050778,3051675
3051675,3051699
3051699,3051914
3051914,3052360
3052360,3052383
3052383,3052731
3052731,3053174
3053174,3054447
3054447,3054654
3054654,3055373
3055373,3055620
3055620,3055803
3055803,3056419
3056419,3056923
3056923,3057440
3057440,3057916
3057916,3058005
3058005,3059594
3059594,3060523
3060523,3061752
3061752,3062073
3062073,3062397
3062397,3062453
3062453,3062773
3062773,3063103
3063103,3063318
3063318,3063413
3063413,3063479
3063479,3063796
3063796,3064507
3064507,3065356
3065356,3066831
3066831,3066954
3066954,3067427
3067427,3068458
3068458,3068965
3068965,3069267
3069267,3069588
3069588,3069871
3069871,3069923
3069923,3070040
3070040,3070042
3070042,3072231
3072231,3073145
3073145,3074127
3074127,3074851
3074851,3080963
3080963,3080966
3080966,3081003
3081003,3081255
3081255,3083979
3083979,3084741
3084741,3085595
3085595,3085667
3085667,3085814
3085814,3086244
3086244,3086730
3086730,3087586
3087586,3087676
3087676,3088136
3088136,3088640
3088640,3088984
3088984,3090858
3090858,3093134
3093134,3094011
3094011,3094142
3094142,3096984
3096984,3097088
3097088,3098482
3098482,3098925
3098925,3099155
3099155,3099658
3099658,3100049
3100049,3101435
3101435,3102514
3102514,3102790
3102790,3102826
3102826,3102927
3102927,3102996
3102996,3103212
3103212,3104123
3104123,3104241
3104241,3104648
3104648,3105736
3105736,3108164
3108164,3108550
3108550,3108734
3108734,3108992
3108992,3110551
3110551,3110915
3110915,3112049
3112049,3112078
3112078,3112528
3112528,3112869
3112869,3113012
3113012,3114856
3114856,3116766
3116766,3117017
3117017,3117273
3117273,3117844
3117844,3118134
3118134,3118746
3118746,3119215
3119215,3119327
3119327,3119585
3119585,3119655
3119655,3119812
3119812,3119941
3119941,3120351
3120351,3120635
3120635,3122170
3122170,3123156
3123156,3123396
3123396,3123571
3123571,3127822
3127822,3127969
3127969,3128033
3128033,3128139
3128139,3128166
3128166,3128712
3128712,3129159
3129159,3129702
3129702,3129981
3129981,3130090
3130090,3130262
3130262,3131271
3131271,3134539
3134539,3134546
3134546,3134597
3134597,3134890
3134890,3135489
3135489,3135652
3135652,3135670
3135670,3135718
3135718,3135768
3135768,3136009
3136009,3136138
3136138,3136228
3136228,3136399
3136399,3136695
3136695,3136813
3136813,3137010
3137010,3137923
3137923,3138066
3138066,3138237
3138237,3139137
3139137,3139165
3139165,3143435
3143435,3143505
3143505,3147543
3147543,3148799
3148799,3149516
3149516,3150993
3150993,3153421
3153421,3153543
3153543,3154082
3154082,3154506
3154506,3154576
3154576,3155491
3155491,3155988
3155988,3156959
3156959,3157456
3157456,3157751
3157751,3158851
3158851,3159052
3159052,3159520
3159520,3160427
3160427,3162189
3162189,3162397
3162397,3162401
3162401,3162921
3162921,3163531
3163531,3163547
3163547,3163770
3163770,3164918
3164918,3165262
3165262,3165369
3165369,3166476
3166476,3167224
3167224,3167415
3167415,3167642
3167642,3168256
3168256,3168271
3168271,3168936
3168936,3169424
3169424,3169487
3169487,3169876
3169876,3169914
3169914,3170721
3170721,3171110
3171110,3171430
3171430,3171765
3171765,3172153
3172153,3172482
3172482,3172536
3172536,3173190
3173190,3173620
3173620,3173724
3173724,3173728
3173728,3173784
3173784,3173850
3173850,3173886
3173886,3174001
3174001,3174086
3174086,3174512
3174512,3174513
3174513,3174528
3174528,3174538
3174538,3174555
3174555,3174693
3174693,3174982
3174982,3175337
3175337,3175377
3175377,3175706
3175706,3175971
3175971,3175972
3175972,3177688
3177688,3178220
3178220,3178362
3178362,3178662
3178662,3180293
3180293,3180910
3180910,3181004
3181004,3181104
3181104,3181909
3181909,3181924
3181924,3182291
3182291,3182416
3182416,3182449
3182449,3182503
3182503,3182610
3182610,3182868
3182868,3183551
3183551,3184692
3184692,3185399
3185399,3185431
3185431,3185961
3185961,3186701
3186701,3186746
3186746,3187030
3187030,3187807
3187807,3188075
3188075,3190061
3190061,3190878
3190878,3190880
3190880,3191068
3191068,3191959
3191959,3193493
3193493,3193922
3193922,3194119
3194119,3194190
3194190,3194198
3194198,3194333
3194333,3194693
3194693,3194901
3194901,3195028
3195028,3195172
3195172,3195178
3195178,3195197
3195197,3195201
3195201,3195236
3195236,3195451
3195451,3196643
3196643,3197462
3197462,3197747
3197747,3197826
3197826,3198371
3198371,3198511
3198511,3199246
3199246,3199984
3199984,3200073
3200073,3200503
3200503,3201075
3201075,3202013
3202013,3202280
3202280,3202960
3202960,3202978
3202978,3203006
3203006,3203039
3203039,3203499
3203499,3203787
3203787,3204668
3204668,3205678
3205678,3206616
3206616,3206633
3206633,3206714
3206714,3207135
3207135,3207935
3207935,3208139
3208139,3208195
3208195,3208201
3208201,3208501
3208501,3208749
3208749,3209038
3209038,3209142
3209142,3209261
3209261,3210400
3210400,3210724
3210724,3211349
3211349,3211397
3211397,3211409
3211409,3211421
3211421,3211558
3211558,3211628
3211628,3211656
3211656,3213089
3213089,3213801
3213801,3213858
3213858,3214575
3214575,3215042
3215042,3215230
3215230,3215495
3215495,3216008
3216008,3216075
3216075,3216116
3216116,3216167
3216167,3216407
3216407,3216437
3216437,3216800
3216800,3216812
3216812,3217177
3217177,3217989
3217989,3218028
3218028,3218307
3218307,3219627
3219627,3219951
3219951,3220442
3220442,3220480
3220480,3221367
3221367,3222056
3222056,3222686
3222686,3223236
3223236,3223345
3223345,3223420
3223420,3223618
3223618,3223619
3223619,3223654
3223654,3223870
3223870,3224064
3224064,3224794
3224794,3224842
3224842,3224847
3224847,3226741
3226741,3226752
3226752,3227871
3227871,3227895
3227895,3230339
3230339,3230499
3230499,3231220
3231220,3232704
3232704,3233300
3233300,3233619
3233619,3233962
3233962,3235146
3235146,3235220
3235220,3235389
3235389,3235577
3235577,3235578
3235578,3235905
3235905,3236055
3236055,3236882
3236882,3236992
3236992,3237000
3237000,3237022
3237022,3240371
3240371,3242449
3242449,3242771
3242771,3242903
3242903,3243139
3243139,3244431
3244431,3244821
3244821,3244871
3244871,3245205
3245205,3245547
3245547,3245958
3245958,3246804
3246804,3247051
3247051,3247482
3247482,3249743
3249743,3249807
3249807,3250930
3250930,3251067
3251067,3251485
3251485,3252324
3252324,3252393
3252393,3254075
3254075,3254084
3254084,3254168
3254168,3254778
3254778,3254862
3254862,3255089
3255089,3255141
3255141,3255557
3255557,3256331
3256331,3256513
3256513,3256595
3256595,3256752
3256752,3257388
3257388,3257416
3257416,3258213
3258213,3258260
3258260,3258370
3258370,3258414
3258414,3258424
3258424,3258506
3258506,3258708
3258708,3258798
3258798,3258893
3258893,3260162
3260162,3260182
3260182,3260797
3260797,3261511
3261511,3263413
3263413,3263554
3263554,3263983
3263983,3266758
3266758,3266815
3266815,3268296
3268296,3268385
3268385,3268999
3268999,3269187
3269187,3269383
3269383,3271059
3271059,3271166
3271166,3271200
3271200,3273504
3273504,3274589
3274589,3275452
3275452,3276506
3276506,3276745
3276745,3278564
3278564,3278586
3278586,3278732
3278732,3278737
3278737,3278803
3278803,3279321
3279321,3280412
3280412,3280670
3280670,3281025
3281025,3281918
3281918,3282387
3282387,3282490
3282490,3283146
3283146,3283573
3283573,3284512
3284512,3285570
3285570,3285768
3285768,3286558
3286558,3286564
3286564,3286569
3286569,3287496
3287496,3289717
3289717,3289791
3289791,3290245
3290245,3290525
3290525,3291461
3291461,3293007
3293007,3293305
3293305,3293327
3293327,3293363
3293363,3293818
3293818,3294201
3294201,3294845
3294845,3294888
3294888,3296129
3296129,3297405
3297405,3297488
3297488,3297492
3297492,3299036
3299036,3299194
3299194,3299554
3299554,3300015
3300015,3301030
3301030,3301038
3301038,3301105
3301105,3301282
3301282,3301373
3301373,3301990
3301990,3302872
3302872,3302906
3302906,3303250
3303250,3303261
3303261,3304668
3304668,3304686
3304686,3305349
3305349,3305359
3305359,3305661
3305661,3307357
3307357,3308087
3308087,3309057
3309057,3309733
3309733,3311858
3311858,3312033
3312033,3313306
3313306,3313623
3313623,3314281
3314281,3314445
3314445,3317905
3317905,3320134
3320134,3320632
3320632,3321434
3321434,3321640
3321640,3321648
3321648,3321654
3321654,3321689
3321689,3321710
3321710,3322319
3322319,3323478
3323478,3323567
3323567,3323988
3323988,3324081
3324081,3324108
3324108,3324132
3324132,3324485
3324485,3326319
3326319,3327940
3327940,3328108
3328108,3329363
3329363,3329551
3329551,3329718
3329718,3330683
3330683,3331715
3331715,3331716
3331716,3331739
3331739,3331898
3331898,3333058
3333058,3335035
3335035,3335162
3335162,3335325
3335325,3335356
3335356,3335831
3335831,3335973
3335973,3336040
3336040,3336194
3336194,3336269
3336269,3336905
3336905,3337615
3337615,3337679
3337679,3338068
3338068,3338226
3338226,3338479
3338479,3339319
3339319,3339545
3339545,3339811
3339811,3340328
3340328,3340529
3340529,3341157
3341157,3341399
3341399,3341977
3341977,3342053
3342053,3342990
3342990,3343118
3343118,3343344
3343344,3343467
3343467,3344700
3344700,3345082
3345082,3345616
3345616,3345629
3345629,3346924
3346924,3347020
3347020,3347293
3347293,3348830
3348830,3348939
3348939,3349582
3349582,3351256
3351256,3351586
3351586,3352419
3352419,3352675
3352675,3353450
3353450,3353533
3353533,3353676
3353676,3353843
3353843,3354334
3354334,3356229
3356229,3356455
3356455,3356491
3356491,3356702
3356702,3357041
3357041,3357501
3357501,3358987
3358987,3359813
3359813,3359930
3359930,3360009
3360009,3360291
3360291,3360297
3360297,3360480
3360480,3361189
3361189,3361565
3361565,3362132
3362132,3362174
3362174,3363572
3363572,3363828
3363828,3364317
3364317,3366390
3366390,3367711
3367711,3368116
3368116,3368191
3368191,3369548
3369548,3369685
3369685,3370284
3370284,3370297
3370297,3371052
3371052,3372215
3372215,3372252
3372252,3373186
3373186,3373443
3373443,3373495
3373495,3374015
3374015,3374621
3374621,3374723
3374723,3375148
3375148,3375339
3375339,3375542
3375542,3375775
3375775,3377136
3377136,3377615
3377615,3378205
3378205,3379212
3379212,3380116
3380116,3380157
3380157,3380423
3380423,3382347
3382347,3382973
3382973,3384351
3384351,3385946
3385946,3385966
3385966,3386382
3386382,3386752
3386752,3386874
3386874,3387043
3387043,3387435
3387435,3387770
3387770,3388659
3388659,3388919
3388919,3389498
3389498,3389941
3389941,3390525
3390525,3390770
3390770,3391433
3391433,3393031
3393031,3393517
3393517,3394195
3394195,3395017
3395017,3395055
3395055,3395550
3395550,3396031
3396031,3396113
3396113,3396616
3396616,3396967
3396967,3397179
3397179,3397202
3397202,3397253
3397253,3397283
3397283,3397313
3397313,3397536
3397536,3397835
3397835,3399119
3399119,3399317
3399317,3399720
3399720,3400223
3400223,3400602
3400602,3400619
3400619,3400629
3400629,3400688
3400688,3400939
3400939,3402714
3402714,3402877
3402877,3404453
3404453,3404900
3404900,3406061
3406061,3406074
3406074,3407801
3407801,3407845
3407845,3408337
3408337,3408414
3408414,3408525
3408525,3408889
3408889,3409255
3409255,3409633
3409633,3409634
3409634,3410024
3410024,3410924
3410924,3412290
3412290,3412524
3412524,3412629
3412629,3413179
3413179,3413252
3413252,3413340
3413340,3413370
3413370,3413962
3413962,3414501
3414501,3414562
3414562,3415059
3415059,3416164
3416164,3416859
3416859,3417040
3417040,3418288
3418288,3419456
3419456,3420777
3420777,3421088
3421088,3422514
3422514,3422601
3422601,3425476
3425476,3426604
3426604,3427043
3427043,3427226
3427226,3429891
3429891,3430507
3430507,3431878
3431878,3432596
3432596,3433855
3433855,3434568
3434568,3434797
3434797,3435015
3435015,3435247
3435247,3435296
3435296,3435613
3435613,3436659
3436659,3436973
3436973,3437362
3437362,3439519
3439519,3440094
3440094,3440170
3440170,3440839
3440839,3441745
3441745,3441789
3441789,3442533
3442533,3444349
3444349,3444496
3444496,3444909
3444909,3446418
3446418,3447666
3447666,3448254
3448254,3448346
3448346,3449405
3449405,3449779
3449779,3451360
3451360,3451863
3451863,3453046
3453046,3453926
3453926,3454639
3454639,3454694
3454694,3454865
3454865,3455377
3455377,3455864
3455864,3456158
3456158,3457231
3457231,3458045
3458045,3458814
3458814,3459319
3459319,3459534
3459534,3459653
3459653,3460191
3460191,3460511
3460511,3462062
3462062,3462129
3462129,3462190
3462190,3462218
3462218,3463387
3463387,3463429
3463429,3463439
3463439,3463496
3463496,3464682
3464682,3467533
3467533,3469648
3469648,3470662
3470662,3470839
3470839,3471340
3471340,3471372
3471372,3471401
3471401,3472063
3472063,3472201
3472201,3472234
3472234,3472489
3472489,3472759
3472759,3472778
3472778,3473150
3473150,3473158
3473158,3474400
3474400,3474412
3474412,3474725
3474725,3474954
3474954,3475094
3475094,3475138
3475138,3475176
3475176,3476213
3476213,3477626
3477626,3477655
3477655,3478285
3478285,3480377
3480377,3480528
3480528,3481136
3481136,3481256
3481256,3481593
3481593,3482097
3482097,3483971
3483971,3484005
3484005,3484181
3484181,3484252
3484252,3484291
3484291,3486897
3486897,3487107
3487107,3487397
3487397,3487415
3487415,3487470
3487470,3487553
3487553,3487570
3487570,3487774
3487774,3488462
3488462,3488576
3488576,3488795
3488795,3489019
3489019,3489784
3489784,3491643
3491643,3491680
3491680,3492538
3492538,3493772
3493772,3494109
3494109,3494675
3494675,3495507
3495507,3495547
3495547,3495961
3495961,3496839
3496839,3497358
3497358,3497812
3497812,3497821
3497821,3498613
3498613,3498653
3498653,3498654
3498654,3498774
3498774,3499168
3499168,3499657
3499657,3499956
3499956,3500375
3500375,3500440
3500440,3501636
3501636,3501732
3501732,3501935
3501935,3502203
3502203,3502642
3502642,3502669
3502669,3503107
3503107,3503552
3503552,3505167
3505167,3505880
3505880,3508546
3508546,3508946
3508946,3509006
3509006,3511482
3511482,3511680
3511680,3511806
3511806,3512120
3512120,3512424
3512424,3512564
3512564,3513150
3513150,3513532
3513532,3513666
3513666,3513707
3513707,3514370
3514370,3514434
3514434,3514634
3514634,3514680
3514680,3515483
3515483,3515518
3515518,3515993
3515993,3516217
3516217,3516400
3516400,3517715
3517715,3518388
3518388,3518396
3518396,3519576
3519576,3519637
3519637,3520952
3520952,3520953
3520953,3520980
3520980,3521329
3521329,3521522
3521522,3521524
3521524,3521628
3521628,3521629
3521629,3521781
3521781,3521801
3521801,3521954
3521954,3522026
3522026,3522790
3522790,3523274
3523274,3523351
3523351,3523643
3523643,3524444
3524444,3524629
3524629,3524740
3524740,3525595
3525595,3527130
3527130,3527215
3527215,3527397
3527397,3527532
3527532,3528392
3528392,3528902
3528902,3529041
3529041,3529981
3529981,3530056
3530056,3530164
3530164,3531019
3531019,3531833
3531833,3532138
3532138,3532333
3532333,3532926
3532926,3533469
3533469,3533601
3533601,3533775
3533775,3533776
3533776,3533819
3533819,3535845
3535845,3535867
3535867,3536124
3536124,3536273
3536273,3536605
3536605,3536969
3536969,3538124
3538124,3538173
3538173,3538604
3538604,3538627
3538627,3538693
3538693,3538829
3538829,3538932
3538932,3538935
3538935,3538969
3538969,3538982
3538982,3539095
3539095,3539627
3539627,3539644
3539644,3539953
3539953,3540145
3540145,3540531
3540531,3541543
3541543,3542632
3542632,3542771
3542771,3544508
3544508,3544543
3544543,3544580
3544580,3545340
3545340,3545614
3545614,3545877
3545877,3545963
3545963,3546646
3546646,3546679
3546679,3547463
3547463,3548198
3548198,3549866
3549866,3550129
3550129,3550490
3550490,3550850
3550850,3551324
3551324,3551431
3551431,3551885
3551885,3551962
3551962,3552354
3552354,3552967
3552967,3553434
3553434,3553943
3553943,3554014
3554014,3554085
3554085,3554119
3554119,3554369
3554369,3554488
3554488,3554760
3554760,3554791
3554791,3555624
3555624,3555813
3555813,3555851
3555851,3556403
3556403,3556457
3556457,3556512
3556512,3556734
3556734,3556817
3556817,3556867
3556867,3556870
3556870,3556911
3556911,3556947
3556947,3557710
3557710,3557755
3557755,3561151
3561151,3561287
3561287,3561295
3561295,3561337
3561337,3561695
3561695,3562238
3562238,3562678
3562678,3563774
3563774,3563824
3563824,3565312
3565312,3565919
3565919,3566111
3566111,3566581
3566581,3567298
3567298,3568532
3568532,3568991
3568991,3569504
3569504,3570088
3570088,3571212
3571212,3571464
3571464,3572172
3572172,3572363
3572363,3572366
3572366,3572453
3572453,3572625
3572625,3573032
3573032,3573891
3573891,3573919
3573919,3574333
3574333,3574801
3574801,3575170
3575170,3575547
3575547,3576382
3576382,3576769
3576769,3576782
3576782,3576784
3576784,3578064
3578064,3578447
3578447,3578478
3578478,3578772
3578772,3579068
3579068,3579661
3579661,3579674
3579674,3579817
3579817,3580276
3580276,3580458
3580458,3580482
3580482,3581017
3581017,3581086
3581086,3581374
3581374,3582353
3582353,3583171
3583171,3583562
3583562,3583753
3583753,3583948
3583948,3584530
3584530,3584627
3584627,3585001
3585001,3585012
3585012,3585360
3585360,3586300
3586300,3586311
3586311,3586457
3586457,3586813
3586813,3586831
3586831,3587110
3587110,3587334
3587334,3587551
3587551,3587553
3587553,3587557
3587557,3588805
3588805,3589331
3589331,3589506
3589506,3590084
3014003,3014441
3014441,3015830
3015830,3016570
3016570,3016589
3016589,3017209
3017209,3019167
3019167,3019235
3019235,3020600
3020600,3022135
3022135,3022218
3022218,3024680
3024680,3026088
3026088,3031939
3031939,3031956
3031956,3032998
3032998,3033741
3033741,3034026
3034026,3035822
3035822,3035829
3035829,3036105
3036105,3037267
3037267,3039694
3039694,3041759
3041759,3041984
3041984,3043424
3043424,3046129
3046129,3046179
3046179,3046278
3046278,3047130
3047130,3047349
3047349,3051334
3051334,3052772
3052772,3055139
3055139,3056469
3056469,3056483
3056483,3069874
3069874,3074257
3074257,3075517
3075517,3077611
3077611,3077889
3077889,3078846
3078846,3085017
3085017,3085461
3085461,3086821
3086821,3087852
3087852,3090135
3090135,3096647
3096647,3097939
3097939,3099139
3099139,3099754
3099754,3113811
3113811,3117666
3117666,3120811
3120811,3122032
3122032,3122213
3122213,3124610
3124610,3127368
3127368,3128080
3128080,3128334
3128334,3128435
3128435,3128583
3128583,3129351
3129351,3132596
3132596,3135668
3135668,3139184
3139184,3140508
3140508,3140726
3140726,3140869
3140869,3141638
3141638,3144058
3144058,3153842
3153842,3154587
3154587,3155866
3155866,3158301
3158301,3158621
3158621,3158624
3158624,3160400
3160400,3162002
3162002,3162538
3162538,3164669
3164669,3165476
3165476,3165721
3165721,3166593
3166593,3168227
3168227,3168719
3168719,3168800
3168800,3172278
3172278,3176684
3176684,3178842
3178842,3179105
3179105,3181436
3181436,3181648
3181648,3182245
3182245,3183342
3183342,3183487
3183487,3183679
3183679,3183697
3183697,3183742
3183742,3183783
3183783,3184342
3184342,3186023
3186023,3186735
3186735,3190367
3190367,3191314
3191314,3191585
3191585,3193989
3193989,3194054
3194054,3197315
3197315,3198586
3198586,3198600
3198600,3198626
3198626,3198671
3198671,3198778
3198778,3199741
3199741,3199803
3199803,3200878
3200878,3200991
3200991,3201038
3201038,3202986
3202986,3202992
3202992,3204238
3204238,3207871
3207871,3208296
3208296,3210617
3210617,3210840
3210840,3211439
3211439,3215113
3215113,3216621
3216621,3217048
3217048,3219270
3219270,3219279
3219279,3219562
3219562,3219660
3219660,3223300
3223300,3223842
3223842,3226855
3226855,3227579
3227579,3230060
3230060,3232378
3232378,3233068
3233068,3235861
3235861,3236177
3236177,3237054
3237054,3237741
3237741,3237848
3237848,3239190
3239190,3240473
3240473,3240602
3240602,3241666
3241666,3243785
3243785,3243796
3243796,3248190
3248190,3249456
3249456,3249545
3249545,3249822
3249822,3250010
3250010,3250469
3250469,3251197
3251197,3253515
3253515,3253524
3253524,3253968
3253968,3255426
3255426,3256699
3256699,3257278
3257278,3262188
3262188,3262195
3262195,3262222
3262222,3263031
3263031,3264015
3264015,3264027
3264027,3264155
3264155,3266306
3266306,3269484
3269484,3271314
3271314,3272124
3272124,3272967
3272967,3274758
3274758,3275900
3275900,3276102
3276102,3276793
3276793,3276903
3276903,3278137
3278137,3280934
3280934,3283776
3283776,3284032
3284032,3284258
3284258,3286888
3286888,3287470
3287470,3288591
3288591,3291385
3291385,3293352
3293352,3295867
3295867,3295899
3295899,3295908
3295908,3295948
3295948,3296303
3296303,3296322
3296322,3296842
3296842,3298368
3298368,3301645
3301645,3304360
3304360,3304428
3304428,3304980
3304980,3305020
3305020,3305663
3305663,3308337
3308337,3309248
3309248,3309258
3309258,3309472
3309472,3309821
3309821,3309874
3309874,3310254
3310254,3310864
3310864,3311758
3311758,3317045
3317045,3320680
3320680,3321023
3321023,3321069
3321069,3323492
3323492,3324555
3324555,3324860
3324860,3324910
3324910,3325150
3325150,3325262
3325262,3325337
3325337,3325504
3325504,3325621
3325621,3326299
3326299,3326311
3326311,3328155
3328155,3328219
3328219,3329148
3329148,3329335
3329335,3329820
3329820,3331347
3331347,3331475
3331475,3332110
3332110,3333791
3333791,3334122
3334122,3334698
3334698,3334729
3334729,3335749
3335749,3336062
3336062,3336941
3336941,3337814
3337814,3337934
3337934,3339835
3339835,3340642
3340642,3343780
3343780,3343865
3343865,3343883
3343883,3349967
3349967,3350472
3350472,3350923
3350923,3351317
3351317,3351356
3351356,3351409
3351409,3352375
3352375,3352412
3352412,3352785
3352785,3354275
3354275,3356278
3356278,3356621
3356621,3357040
3357040,3357255
3357255,3359783
3359783,3360293
3360293,3362034
3362034,3363719
3363719,3366360
3366360,3375187
3375187,3375852
3375852,3376974
3376974,3378921
3378921,3379475
3379475,3381559
3381559,3382338
3382338,3387226
3387226,3387341
3387341,3390379
3390379,3395426
3395426,3395472
3395472,3397884
3397884,3399117
3399117,3400970
3400970,3401696
3401696,3407124
3407124,3410503
3410503,3410938
3410938,3412355
3412355,3417854
3417854,3420007
3420007,3420126
3420126,3420824
3420824,3422408
3422408,3424591
3424591,3425206
3425206,3426751
3426751,3427144
3427144,3429192
3429192,3431339
3431339,3431346
3431346,3432070
3432070,3432505
3432505,3434091
3434091,3435434
3435434,3437712
3437712,3438413
3438413,3441958
3441958,3442247
3442247,3445101
3445101,3452836
3452836,3454579
3454579,3457119
3457119,3458285
3458285,3458299
3458299,3458432
3458432,3458725
3458725,3458996
3458996,3459003
3459003,3459417
3459417,3463605
3463605,3463672
3463672,3463715
3463715,3463927
3463927,3470239
3470239,3471020
3471020,3473639
3473639,3476477
3476477,3478162
3478162,3478347
3478347,3479467
3479467,3479971
3479971,3480604
3480604,3480743
3480743,3481183
3481183,3483760
3483760,3489720
3489720,3490282
3490282,3490434
3490434,3493757
3493757,3495052
3495052,3495176
3495176,3496468
3496468,3498499
3498499,3498731
3498731,3499775
3499775,3500445
3500445,3501011
3501011,3502215
3502215,3510115
3510115,3510225
3510225,3510464
3510464,3510612
3510612,3511596
3511596,3512936
3512936,3513814
3513814,3514030
3514030,3514461
3514461,3515241
3515241,3517969
3517969,3519088
3519088,3519140
3519140,3519301
3519301,3519548
3519548,3520357
3520357,3520612
3520612,3520625
3520625,3521427
3521427,3522046
3522046,3527678
3527678,3531409
3531409,3532615
3532615,3533730
3533730,3534395
3534395,3534399
3534399,3534489
3534489,3534664
3534664,3536154
3536154,3536487
3536487,3538641
3538641,3541730
3541730,3541748
3541748,3541820
3541820,3542040
3542040,3543559
3543559,3551722
3551722,3551729
3551729,3551850
3551850,3551935
3551935,3552006
3552006,3552665
3552665,3553164
3553164,3558322
3558322,3559226
3559226,3559248
3559248,3559258
3559258,3559264
3559264,3559274
3559274,3559278
3559278,3561824
3561824,3563505
3563505,3563578
3563578,3563881
3563881,3565382
3565382,3568960
3568960,3572011
3572011,3574681
3574681,3574695
3574695,3577748
3577748,3577749
3577749,3577784
3577784,3579237
3579237,3581814
3581814,3582069
3582069,3582686
3582686,3585414
3585414,3585417
3585417,3586772
3586772,3587270
3587270,3589921
3015139,3032208
3032208,3036519
3036519,3099865
3099865,3105149
3105149,3128905
3128905,3164170
3164170,3174800
3174800,3191366
3191366,3244254
3244254,3266021
3266021,3266022
3266022,3281953
3281953,3282178
3282178,3285143
3285143,3285152
3285152,3285177
3285177,3285211
3285211,3289577
3289577,3295579
3295579,3305566
3305566,3305634
3305634,3309431
3309431,3309839
3309839,3309908
3309908,3313487
3313487,3316685
3316685,3316755
3316755,3322019
3322019,3322692
3322692,3322716
3322716,3324490
3324490,3330430
3330430,3347315
3347315,3357070
3357070,3357075
3357075,3357102
3357102,3364287
3364287,3368735
3368735,3368736
3368736,3368763
3368763,3374563
3374563,3374623
3374623,3374642
3374642,3374650
3374650,3374700
3374700,3396976
3396976,3474173
3474173,3534820
3534820,3549903
3549903,3550014
3550014,3554344
3554344,3556269
3556269,3557399
3557399,3558449
3558449,3565172
3565172,3568791
3568791,3569366
3569366,3570589
3570589,3571514
3571514,3571970
3016362,3022263
3022263,3032354
3032354,3041189
3041189,3041451
3041451,3041580
3041580,3042672
3042672,3043674
3043674,3044424
3044424,3053646
3053646,3057975
3057975,3060995
3060995,3061540
3061540,3062197
3062197,3062201
3062201,3070467
3070467,3074803
3074803,3078870
3078870,3079235
3079235,3083251
3083251,3087548
3087548,3087605
3087605,3087613
3087613,3087647
3087647,3087652
3087652,3087672
3087672,3087743
3087743,3088788
3088788,3089037
3089037,3092419
3092419,3097293
3097293,3099130
3099130,3102555
3102555,3103726
3103726,3104236
3104236,3105031
3105031,3110056
3110056,3112405
3112405,3113247
3113247,3117755
3117755,3119793
3119793,3122967
3122967,3123023
3123023,3125210
3125210,3125214
3125214,3127535
3127535,3127681
3127681,3128474
3128474,3129139
3129139,3130906
3130906,3132793
3132793,3132877
3132877,3132891
3132891,3132995
3132995,3133203
3133203,3135068
3135068,3139552
3139552,3146481
3146481,3152435
3152435,3160913
3160913,3163219
3163219,3165196
3165196,3166403
3166403,3170677
3170677,3170792
3170792,3172456
3172456,3175393
3175393,3175510
3175510,3175537
3175537,3175713
3175713,3182431
3182431,3186339
3186339,3191891
3191891,3193850
3193850,3194063
3194063,3195447
3195447,3200962
3200962,3210285
3210285,3210377
3210377,3221884
3221884,3227125
3227125,3227851
3227851,3232716
3232716,3238553
3238553,3238555
3238555,3238569
3238569,3259727
3259727,3264322
3264322,3264917
3264917,3265108
3265108,3265139
3265139,3265203
3265203,3265222
3265222,3266807
3266807,3267644
3267644,3267708
3267708,3267875
3267875,3267919
3267919,3268251
3268251,3276238
3276238,3276444
3276444,3276473
3276473,3277719
3277719,3279484
3279484,3279489
3279489,3279543
3279543,3279686
3279686,3280652
3280652,3283550
3283550,3284885
3284885,3285800
3285800,3286958
3286958,3287262
3287262,3300379
3300379,3305276
3305276,3305887
3305887,3306574
3306574,3313877
3313877,3320014
3320014,3320509
3320509,3322771
3322771,3333735
3333735,3347086
3347086,3348314
3348314,3353816
3353816,3357111
3357111,3357195
3357195,3361474
3361474,3362724
3362724,3363110
3363110,3364536
3364536,3374150
3374150,3374999
3374999,3375845
3375845,3375875
3375875,3375926
3375926,3379058
3379058,3383700
3383700,3383705
3383705,3394250
3394250,3398446
3398446,3401728
3401728,3401738
3401738,3403242
3403242,3412721
3412721,3414899
3414899,3417834
3417834,3418042
3418042,3418919
3418919,3419659
3419659,3421437
3421437,3428212
3428212,3433769
3433769,3437324
3437324,3440399
3440399,3442555
3442555,3443075
3443075,3443123
3443123,3444123
3444123,3453337
3453337,3453343
3453343,3468457
3468457,3469685
3469685,3469878
3469878,3472923
3472923,3475108
3475108,3485105
3485105,3487100
3487100,3497503
3497503,3497600
3497600,3498844
3498844,3499188
3499188,3504265
3504265,3504647
3504647,3508384
3508384,3511834
3511834,3512351
3512351,3514122
3514122,3514153
3514153,3514168
3514168,3514199
3514199,3514703
3514703,3518305
3518305,3521159
3521159,3521199
3521199,3521219
3521219,3521229
3521229,3521237
3521237,3521243
3521243,3532758
3532758,3541888
3541888,3541921
3541921,3541972
3541972,3550051
3550051,3552431
3552431,3552439
3552439,3553084
3553084,3553135
3553135,3553192
3553192,3558994
3558994,3560218
3560218,3560751
3560751,3561270
3561270,3561593
3561593,3562049
3562049,3568649
3568649,3569296
3569296,3570412
3570412,3580804
3580804,3583227
3583227,3583499
3583499,3583503
3583503,3584017
3584017,3585446
3585446,3585726
3585726,3587858
3016377,3053503
3053503,3070986
3070986,3075894
3075894,3076736
3076736,3078052
3078052,3082326
3082326,3082968
3082968,3087486
3087486,3091950
3091950,3094730
3094730,3121617
3121617,3139246
3139246,3157522
3157522,3193185
3193185,3197356
3197356,3197666
3197666,3217858
3217858,3237339
3237339,3237387
3237387,3282542
3282542,3282661
3282661,3292160
3292160,3306585
3306585,3329022
3329022,3350771
3350771,3351935
3351935,3392418
3392418,3397310
3397310,3411190
3411190,3419055
3419055,3475344
3475344,3492086
3492086,3506725
3506725,3519858
3519858,3577244
3058980,3063185
3063185,3066479
3066479,3076175
3076175,3077293
3077293,3079435
3079435,3081435
3081435,3083538
3083538,3083959
3083959,3084271
3084271,3099750
3099750,3103282
3103282,3109837
3109837,3116058
3116058,3117007
3117007,3118964
3118964,3121653
3121653,3121654
3121654,3121740
3121740,3121765
3121765,3121778
3121778,3135192
3135192,3137978
3137978,3149016
3149016,3155462
3155462,3155463
3155463,3155508
3155508,3155516
3155516,3155524
3155524,3155538
3155538,3189958
3189958,3200770
3200770,3200858
3200858,3222430
3222430,3225360
3225360,3225369
3225369,3226214
3226214,3234131
3234131,3256608
3256608,3256663
3256663,3266906
3266906,3269325
3269325,3270716
3270716,3273696
3273696,3284368
3284368,3342306
3342306,3346639
3346639,3347464
3347464,3359501
3359501,3403833
3403833,3450436
3450436,3450503
3450503,3450629
3450629,3495037
3495037,3495061
3495061,3495066
3495066,3495090
3495090,3573010
3573010,3573022
3304626,3305022
3305022,3305132
3305132,3517519
3517519,3517689
3517689,3518054
3518054,3518160
3518160,3518259
3307598,3307624
3307624,3307649
3307649,3307865
3307865,3308072
3308072,3308074
3308074,3308249
3308249,3520592
3520592,3520593
3520593,3520635
3520635,3520664
3520664,3520685
3520685,3520701
3520701,3520752
3520752,3520772
3520772,3520794
3520794,3520802
3520802,3520814
3520814,3520826
3520826,3520842
3520842,3520870
3520870,3520887
3520887,3520897
3520897,3520925
3520925,3521048
3521048,3521067
3521067,3521140
3521140,3521218
3521218,3521253
3307729,3521021
3521021,3521196
3310782,3310809
3310809,3311203
3311203,3311243
3311243,3523384
3523384,3523392
3523392,3523535
3523535,3523668
3523668,3523709
3523709,3523768
3523768,3524102
3524102,3524115
3314528,3526283
3526283,3526586
3526586,3526854
3322761,3532036
3532036,3532309
3326641,3326842
3326842,3327256
3327256,3327626
3327626,3327710
3327710,3534946
